mask1,mask2,intersection,mask1_size,mask2_size,mask2_size_at_mask1_z,iou,iou_at_mask1_z,containment_2p,containment_hcr_at_z,is_best_match,somaprint_hcr_label,somaprint_best_score,somaprint_second_score,somaprint_confident
1,20646,117,313,1624,211,0.0642857142857142,0.2874692874692874,0.3738019169329074,0.5545023696682464,True,20646,13.476246162210545,4.422430663024668,True
1,20482,7,313,2292,338,0.0026943802925327,0.0108695652173913,0.0223642172523961,0.0207100591715976,False,20646,13.476246162210545,4.422430663024668,True
2,18531,0,218,4669,0,0.0,0.0,0.0,0.0,False,18531,4.619836132889921,3.9629427449844217,False
3,19508,111,342,4040,1635,0.0259892296885975,0.0594855305466238,0.3245614035087719,0.0678899082568807,True,19508,7.029121593377192,2.9512097747526584,False
3,19851,11,342,1861,497,0.0050182481751824,0.0132850241545893,0.0321637426900584,0.0221327967806841,False,19508,7.029121593377192,2.9512097747526584,False
4,18986,97,238,4807,1314,0.0196038803556992,0.0666666666666666,0.407563025210084,0.0738203957382039,True,18988,11.124393864108841,6.938190133339879,True
4,17148,53,238,4646,935,0.0109708134961705,0.0473214285714285,0.2226890756302521,0.0566844919786096,False,18988,11.124393864108841,6.938190133339879,True
5,19508,5,383,4040,440,0.0011317338162064,0.0061124694376528,0.0130548302872062,0.0113636363636363,False,18452,6.837269965454745,3.20741351280684,False
6,19916,61,286,1541,648,0.0345413363533408,0.0698739977090492,0.2132867132867132,0.0941358024691358,True,19916,6.799478102124635,4.8076120508716995,False
7,20148,237,288,2113,1300,0.1095194085027726,0.1754256106587712,0.8229166666666666,0.1823076923076923,True,20148,20.282987875139323,4.122738439639636,True
8,20639,183,335,2083,352,0.0818791946308724,0.3630952380952381,0.5462686567164179,0.5198863636363636,True,20639,13.142392963636649,4.8180885441230314,True
8,20867,49,335,1812,536,0.0233555767397521,0.059610705596107,0.1462686567164179,0.0914179104477612,False,20639,13.142392963636649,4.8180885441230314,True
9,19453,371,558,4485,2386,0.0794092465753424,0.1441896618732996,0.6648745519713262,0.1554903604358759,True,19453,15.939463593860937,4.81837649202231,True
9,20123,6,558,1521,404,0.0028943560057887,0.006276150627615,0.010752688172043,0.0148514851485148,False,19453,15.939463593860937,4.81837649202231,True
9,19448,15,558,3840,1873,0.0034223134839151,0.0062086092715231,0.0268817204301075,0.0080085424452749,False,19453,15.939463593860937,4.81837649202231,True
10,20860,71,512,1633,400,0.0342333654773384,0.084423305588585,0.138671875,0.1775,False,20860,16.18904000888133,4.410022158953845,True
10,19886,89,512,2785,986,0.0277431421446384,0.0631653655074521,0.173828125,0.0902636916835699,True,20860,16.18904000888133,4.410022158953845,True
10,18481,1,512,4782,827,0.0001889287738522,0.0007473841554559,0.001953125,0.0012091898428053,False,20860,16.18904000888133,4.410022158953845,True
10,17208,1,512,6391,1040,0.000144885540423,0.0006447453255963,0.001953125,0.0009615384615384,False,20860,16.18904000888133,4.410022158953845,True
11,17088,467,915,6017,3024,0.0722351121423047,0.1345046082949308,0.5103825136612021,0.1544312169312169,True,17088,12.024123087652043,3.767605799881658,True
11,20391,44,915,193,193,0.0413533834586466,0.0413533834586466,0.048087431693989,0.2279792746113989,False,17088,12.024123087652043,3.767605799881658,True
11,19805,5,915,1431,951,0.0021358393848782,0.0026867275658248,0.0054644808743169,0.0052576235541535,False,17088,12.024123087652043,3.767605799881658,True
12,19073,485,1054,4958,1145,0.0877510403473855,0.2829638273045508,0.4601518026565465,0.4235807860262008,True,19073,8.883328059208305,3.8506096049769862,False
12,19565,65,1054,4659,574,0.0115084985835694,0.0415866922584772,0.0616698292220113,0.1132404181184669,False,19073,8.883328059208305,3.8506096049769862,False
12,16537,15,1054,4291,765,0.0028142589118198,0.0083148558758314,0.0142314990512333,0.0196078431372549,False,19073,8.883328059208305,3.8506096049769862,False
12,19548,15,1054,2471,887,0.0042735042735042,0.0077881619937694,0.0142314990512333,0.0169109357384441,False,19073,8.883328059208305,3.8506096049769862,False
13,18971,280,690,3626,1814,0.0693756194251734,0.1258992805755395,0.4057971014492754,0.1543550165380375,True,18976,7.943033552714939,5.984851960129372,False
13,18976,175,690,3557,1338,0.0429764243614931,0.0944414463032919,0.2536231884057971,0.1307922272047832,False,18976,7.943033552714939,5.984851960129372,False
13,18980,164,690,3331,1895,0.0425200933367902,0.0677406030565881,0.2376811594202898,0.0865435356200527,False,18976,7.943033552714939,5.984851960129372,False
14,15307,64,522,6599,1084,0.0090690094941193,0.0415045395590142,0.1226053639846743,0.059040590405904,True,19470,5.578861657813021,4.596463102977743,False
14,18419,41,522,4440,1101,0.0083316399105872,0.0259165613147914,0.0785440613026819,0.0372388737511353,False,19470,5.578861657813021,4.596463102977743,False
15,14221,282,673,8651,2025,0.0311877903118779,0.1167218543046357,0.4190193164933135,0.1392592592592592,True,14221,13.003317219889855,3.892444584971966,True
16,20860,110,376,1633,400,0.057925223802001,0.1651651651651651,0.2925531914893617,0.275,True,20184,11.463572487665408,6.349504075809689,True
16,17208,180,376,6391,1040,0.0273265522999848,0.145631067961165,0.4787234042553192,0.173076923076923,False,20184,11.463572487665408,6.349504075809689,True
16,20184,36,376,3699,853,0.0089130973013122,0.0301760268231349,0.0957446808510638,0.0422039859320046,False,20184,11.463572487665408,6.349504075809689,True
17,18509,264,630,5062,2741,0.0486366985998526,0.0849694238815577,0.419047619047619,0.096315213425757,True,18509,11.665642624073177,7.4099907511909056,True
17,20214,234,630,2936,2936,0.0702280912364946,0.0702280912364946,0.3714285714285714,0.079700272479564,False,18509,11.665642624073177,7.4099907511909056,True
17,17223,69,630,5925,3529,0.0106382978723404,0.0168704156479217,0.1095238095238095,0.0195522810994616,False,18509,11.665642624073177,7.4099907511909056,True
17,20475,13,630,2925,1914,0.0036702428006775,0.0051363097589885,0.0206349206349206,0.0067920585161964,False,18509,11.665642624073177,7.4099907511909056,True
18,19430,0,137,2436,0,0.0,0.0,0.0,0.0,False,19430,6.119561053677218,6.1079230520798635,False
19,19448,12,384,3840,1252,0.0028490028490028,0.0073891625615763,0.03125,0.0095846645367412,True,19448,7.887061699470278,3.752617551690003,False
19,19453,12,384,4485,1598,0.0024706609017912,0.0060913705583756,0.03125,0.0075093867334167,False,19448,7.887061699470278,3.752617551690003,False
20,17787,303,407,3044,1617,0.0962515883100381,0.1760604299825682,0.7444717444717445,0.1873840445269016,True,17787,9.66868887282787,4.3769567900708095,True
20,16457,14,407,6952,1732,0.0019060585432266,0.0065882352941176,0.0343980343980344,0.0080831408775981,False,17787,9.66868887282787,4.3769567900708095,True
21,17860,22,436,2528,971,0.0074779061862678,0.015884476534296,0.0504587155963302,0.0226570545829042,True,20221,11.522329978643613,7.299077545441434,True
21,19081,26,436,1713,1482,0.0122468205369759,0.0137420718816067,0.0596330275229357,0.0175438596491228,False,20221,11.522329978643613,7.299077545441434,True
21,20221,4,436,347,347,0.0051347881899871,0.0051347881899871,0.0091743119266055,0.0115273775216138,False,20221,11.522329978643613,7.299077545441434,True
22,19578,0,8,1809,0,0.0,0.0,0.0,0.0,False,19578,9.576919598352536,4.1664976355635,True
23,17087,483,1052,3645,2463,0.1146179401993355,0.1593007915567282,0.4591254752851711,0.1961023142509135,True,17087,16.001807646951764,5.430607889342822,True
23,19805,247,1052,1431,1431,0.1104651162790697,0.1104651162790697,0.2347908745247148,0.1726065688329839,False,17087,16.001807646951764,5.430607889342822,True
23,18951,52,1052,2723,2161,0.0139672307279076,0.0164504903511546,0.0494296577946768,0.0240629338269319,False,17087,16.001807646951764,5.430607889342822,True
23,20391,11,1052,193,193,0.0089141004862236,0.0089141004862236,0.0104562737642585,0.0569948186528497,False,17087,16.001807646951764,5.430607889342822,True
23,17077,22,1052,3438,1958,0.004923903312444,0.0073627844712182,0.0209125475285171,0.0112359550561797,False,17087,16.001807646951764,5.430607889342822,True
24,18447,226,281,2566,331,0.0862266310568485,0.5854922279792746,0.8042704626334519,0.6827794561933535,True,18447,18.32604418765644,4.3344081885834616,True
24,19011,18,281,2560,443,0.0063761955366631,0.0254957507082152,0.0640569395017793,0.0406320541760722,False,18447,18.32604418765644,4.3344081885834616,True
24,19024,11,281,3432,501,0.0029713668287412,0.0142671854734111,0.0391459074733096,0.0219560878243512,False,18447,18.32604418765644,4.3344081885834616,True
25,20867,87,116,1812,536,0.0472569255839217,0.1539823008849557,0.75,0.1623134328358209,True,20867,8.234915525713912,5.513536030891586,False
26,17152,64,356,2470,1357,0.0231716147719044,0.0388114008489993,0.1797752808988764,0.0471628592483419,True,16461,7.376956741915081,4.589123557676531,False
27,16457,96,505,6952,1117,0.0130417062899062,0.0629095674967234,0.1900990099009901,0.0859444941808415,True,19473,6.332922362869259,4.27455192949163,False
27,19004,72,505,3640,860,0.0176773876749324,0.0556844547563805,0.1425742574257425,0.0837209302325581,False,19473,6.332922362869259,4.27455192949163,False
27,14221,12,505,8651,1103,0.0013123359580052,0.0075187969924812,0.0237623762376237,0.0108794197642792,False,19473,6.332922362869259,4.27455192949163,False
27,18992,5,505,2909,1184,0.0014667057788207,0.0029691211401425,0.0099009900990099,0.0042229729729729,False,19473,6.332922362869259,4.27455192949163,False
28,18429,164,352,4879,1856,0.0323662916913361,0.0802348336594911,0.4659090909090909,0.0883620689655172,True,18429,13.569696025748064,6.324772206268077,True
28,18438,111,352,2587,1864,0.0392503536067892,0.0527315914489311,0.3153409090909091,0.0595493562231759,False,18429,13.569696025748064,6.324772206268077,True
28,9256,52,352,10056,1414,0.0050212437234453,0.0303383897316219,0.1477272727272727,0.0367751060820367,False,18429,13.569696025748064,6.324772206268077,True
28,11569,4,352,8660,1763,0.0004440497335701,0.0018948365703458,0.0113636363636363,0.0022688598979013,False,18429,13.569696025748064,6.324772206268077,True
29,9256,209,554,10056,1437,0.020094221709451,0.1172839506172839,0.3772563176895306,0.1454418928322895,True,9256,7.2704503325533425,5.8225354171823485,False
29,17782,154,554,1578,1155,0.0778564206268958,0.0990353697749196,0.2779783393501805,0.1333333333333333,False,9256,7.2704503325533425,5.8225354171823485,False
29,14221,4,554,8651,1715,0.0004347353548527,0.001766004415011,0.0072202166064981,0.0023323615160349,False,9256,7.2704503325533425,5.8225354171823485,False
30,18503,505,865,2688,1991,0.1656824146981627,0.2148022118247554,0.5838150289017341,0.2536413862380713,True,18503,18.820662813169612,4.357206069894559,True
30,16517,18,865,2303,999,0.0057142857142857,0.0097508125677139,0.0208092485549132,0.018018018018018,False,18503,18.820662813169612,4.357206069894559,True
30,17223,1,865,5925,1789,0.0001472970982471,0.0003769317753486,0.0011560693641618,0.0005589714924538,False,18503,18.820662813169612,4.357206069894559,True
31,19548,45,383,2471,434,0.0160199359202563,0.0582901554404145,0.1174934725848564,0.1036866359447004,True,15872,10.299828733223487,4.233741897700321,True
32,15820,162,344,1677,796,0.087143625605164,0.1656441717791411,0.4709302325581395,0.2035175879396984,True,17126,8.950611797375476,8.144100404943714,False
32,17126,174,344,5722,977,0.0295315682281059,0.1517000871839581,0.5058139534883721,0.1780962128966223,False,17126,8.950611797375476,8.144100404943714,False
32,15813,8,344,1613,788,0.0041046690610569,0.0071174377224199,0.0232558139534883,0.0101522842639593,False,17126,8.950611797375476,8.144100404943714,False
33,11569,135,307,8660,1114,0.0152853260869565,0.1049766718506998,0.4397394136807817,0.1211849192100538,True,11569,19.418488243380235,7.2621156384903705,True
33,18429,37,307,4879,1499,0.0071858613322975,0.0209157716223855,0.1205211726384364,0.0246831220813875,False,11569,19.418488243380235,7.2621156384903705,True
33,19481,36,307,2444,1658,0.0132596685082872,0.0186625194401244,0.1172638436482084,0.0217129071170084,False,11569,19.418488243380235,7.2621156384903705,True
33,18438,1,307,2587,1464,0.0003456619426201,0.0005649717514124,0.003257328990228,0.0006830601092896,False,11569,19.418488243380235,7.2621156384903705,True
34,17224,326,898,1636,417,0.1476449275362318,0.3296258847320525,0.3630289532293986,0.7817745803357314,True,17224,11.56332118030787,9.371291877654134,True
34,11622,28,898,6585,981,0.0037558685446009,0.0151269584008643,0.0311804008908685,0.0285423037716615,False,17224,11.56332118030787,9.371291877654134,True
34,20627,6,898,2393,427,0.0018264840182648,0.0045489006823351,0.0066815144766146,0.0140515222482435,False,17224,11.56332118030787,9.371291877654134,True
35,17858,219,784,2492,1644,0.071638861629048,0.0991398822996831,0.2793367346938775,0.1332116788321168,True,17227,16.360109437001583,5.508857695842463,True
35,20630,5,784,2974,518,0.0013322675193178,0.0038550501156515,0.0063775510204081,0.0096525096525096,False,17227,16.360109437001583,5.508857695842463,True
35,20629,3,784,1028,455,0.0016583747927031,0.0024271844660194,0.0038265306122448,0.0065934065934065,False,17227,16.360109437001583,5.508857695842463,True
36,15790,157,160,5588,986,0.0280808442139152,0.1587462082912032,0.98125,0.1592292089249493,True,15790,13.43893431745785,5.862033742602535,True
36,17077,3,160,3438,840,0.0008344923504867,0.0030090270812437,0.01875,0.0035714285714285,False,15790,13.43893431745785,5.862033742602535,True
37,18992,418,577,2909,1184,0.136245110821382,0.3112434847356664,0.7244367417677643,0.3530405405405405,True,18992,15.477011181703855,5.955840876592551,True
37,18983,55,577,2909,643,0.0160303118624307,0.0472103004291845,0.095320623916811,0.0855365474339035,False,18992,15.477011181703855,5.955840876592551,True
37,17125,71,577,2253,1298,0.0257339615802827,0.0393569844789357,0.1230502599653379,0.0546995377503852,False,18992,15.477011181703855,5.955840876592551,True
37,17782,33,577,1578,1155,0.0155513666352497,0.0194231901118304,0.0571923743500866,0.0285714285714285,False,18992,15.477011181703855,5.955840876592551,True
38,17210,488,742,6239,1568,0.0751578623132604,0.2678375411635565,0.6576819407008087,0.3112244897959184,True,17210,15.286067019646687,3.712253965859803,True
38,20455,84,742,3532,1597,0.0200477326968973,0.037250554323725,0.1132075471698113,0.0525986224170319,False,17210,15.286067019646687,3.712253965859803,True
39,15285,211,630,3798,1509,0.0500355703106473,0.1094398340248962,0.3349206349206349,0.1398277004638833,False,15291,12.15671218729075,7.4485541758125615,True
39,16434,121,630,1351,787,0.0650537634408602,0.0933641975308642,0.192063492063492,0.1537484116899618,True,15291,12.15671218729075,7.4485541758125615,True
39,15291,111,630,3354,861,0.0286599535243996,0.0804347826086956,0.1761904761904762,0.1289198606271777,False,15291,12.15671218729075,7.4485541758125615,True
39,18963,14,630,3105,500,0.0037624294544477,0.0125448028673835,0.0222222222222222,0.028,False,15291,12.15671218729075,7.4485541758125615,True
39,16435,1,630,1897,1061,0.0003958828186856,0.0005917159763313,0.0015873015873015,0.000942507068803,False,15291,12.15671218729075,7.4485541758125615,True
40,17101,236,487,5651,1121,0.0399864452727888,0.1720116618075801,0.4845995893223819,0.2105263157894736,True,17101,8.056143999743725,5.628711029906216,False
40,17099,6,487,2554,1012,0.0019769357495881,0.0040187541862022,0.0123203285420944,0.0059288537549407,False,17101,8.056143999743725,5.628711029906216,False
41,17117,418,941,3108,1084,0.1151198017075186,0.2601120099564405,0.4442082890541977,0.3856088560885609,True,17117,12.792501198902064,5.176958845360744,True
41,18983,137,941,2909,643,0.0368973875572313,0.0946786454733932,0.1455897980871413,0.2130637636080871,False,17117,12.792501198902064,5.176958845360744,True
41,18977,175,941,4111,1281,0.0358827147836784,0.0854909623839765,0.1859723698193411,0.1366120218579235,False,17117,12.792501198902064,5.176958845360744,True
41,18992,14,941,2909,1184,0.0036496350364963,0.0066319279962103,0.0148777895855472,0.0118243243243243,False,17117,12.792501198902064,5.176958845360744,True
42,19481,171,423,2444,1091,0.063427299703264,0.1273268801191362,0.4042553191489361,0.1567369385884509,True,19481,6.567564018123139,4.963161952785304,False
42,18429,9,423,4879,1099,0.0017003589646703,0.0059484467944481,0.0212765957446808,0.008189262966333,False,19481,6.567564018123139,4.963161952785304,False
43,19521,311,517,2527,854,0.1137943651664837,0.2933962264150943,0.6015473887814313,0.3641686182669789,True,19521,13.546388052029974,4.817245373882746,True
43,19872,131,517,2531,1169,0.0449091532396297,0.0842443729903537,0.253384912959381,0.1120615911035072,False,19521,13.546388052029974,4.817245373882746,True
43,20175,31,517,2103,1054,0.0119737350328312,0.0201298701298701,0.0599613152804642,0.0294117647058823,False,19521,13.546388052029974,4.817245373882746,True
43,20610,8,517,3134,1240,0.0021959923140269,0.0045740423098913,0.0154738878143133,0.0064516129032258,False,19521,13.546388052029974,4.817245373882746,True
44,19532,219,774,2461,2461,0.0726127320954907,0.0726127320954907,0.2829457364341085,0.0889882161722876,True,19056,7.048148552374769,6.519865258508566,False
44,19056,52,774,2115,1633,0.0183292210081071,0.0220806794055201,0.0671834625322997,0.031843233312921,False,19056,7.048148552374769,6.519865258508566,False
44,20627,10,774,2393,852,0.0031675641431738,0.0061881188118811,0.0129198966408268,0.0117370892018779,False,19056,7.048148552374769,6.519865258508566,False
44,20450,9,774,2417,1160,0.0028284098051539,0.0046753246753246,0.0116279069767441,0.0077586206896551,False,19056,7.048148552374769,6.519865258508566,False
45,18362,0,22,4084,0,0.0,0.0,0.0,0.0,False,18362,5.805055042573212,2.921727563694868,False
46,15779,274,332,2363,1502,0.1131763733994217,0.1756410256410256,0.8253012048192772,0.1824234354194407,True,15779,16.41469578154346,4.354413767941785,True
46,17077,10,332,3438,840,0.0026595744680851,0.0086058519793459,0.0301204819277108,0.0119047619047619,False,15779,16.41469578154346,4.354413767941785,True
46,17057,3,332,1900,651,0.0013458950201884,0.0030612244897959,0.0090361445783132,0.0046082949308755,False,15779,16.41469578154346,4.354413767941785,True
47,18405,38,429,4263,1105,0.0081650193382036,0.0254010695187165,0.0885780885780885,0.0343891402714932,True,18405,4.5151829741444685,4.254428561782444,False
48,17125,38,648,2253,480,0.0132727907789032,0.0348623853211009,0.0586419753086419,0.0791666666666666,False,15311,9.651516611233868,4.121000690028248,False
49,20610,383,635,3134,809,0.1131128174837566,0.3609802073515551,0.6031496062992125,0.4734239802224969,True,20610,15.274040437507889,7.113138918310773,True
49,20607,41,635,2319,637,0.0140748369378647,0.033306255077173,0.0645669291338582,0.06436420722135,False,20610,15.274040437507889,7.113138918310773,True
49,19856,5,635,3278,1119,0.001279426816786,0.0028587764436821,0.0078740157480314,0.0044682752457551,False,20610,15.274040437507889,7.113138918310773,True
49,20175,1,635,2103,699,0.000365363536719,0.0007501875468867,0.0015748031496062,0.0014306151645207,False,20610,15.274040437507889,7.113138918310773,True
50,15779,126,556,2363,867,0.0451127819548872,0.0971472629144178,0.2266187050359712,0.1453287197231834,False,15279,10.510668054109232,7.069404937248415,True
50,18368,158,556,3411,1931,0.0414807035967445,0.0678402747960498,0.2841726618705036,0.0818228896944588,True,15279,10.510668054109232,7.069404937248415,True
50,19785,53,556,1164,555,0.0317936412717456,0.0500945179584121,0.0953237410071942,0.0954954954954954,False,15279,10.510668054109232,7.069404937248415,True
50,15279,43,556,3110,1066,0.0118686171680927,0.0272324255858138,0.0773381294964028,0.0403377110694183,False,15279,10.510668054109232,7.069404937248415,True
51,18482,158,891,2812,1087,0.0445698166431593,0.0868131868131868,0.1773288439955106,0.1453541858325667,True,18482,7.1351869902185365,4.059529115842548,False
51,20183,21,891,2606,1699,0.0060414269275028,0.0081743869209809,0.0235690235690235,0.0123602118893466,False,18482,7.1351869902185365,4.059529115842548,False
51,19866,23,891,4233,2589,0.0045089198196432,0.0066531674862597,0.0258136924803591,0.0088837388953263,False,18482,7.1351869902185365,4.059529115842548,False
52,16517,287,559,2303,1440,0.1114563106796116,0.1676401869158878,0.5134168157423972,0.1993055555555555,True,16517,10.327511264158785,4.593285292454988,True
52,18474,5,559,1374,1374,0.0025933609958506,0.0025933609958506,0.0089445438282647,0.0036390101892285,False,16517,10.327511264158785,4.593285292454988,True
52,19056,1,559,2115,1378,0.0003741114852225,0.0005165289256198,0.0017889087656529,0.0007256894049346,False,16517,10.327511264158785,4.593285292454988,True
53,20627,172,722,2393,1246,0.0584437648657832,0.0957683741648107,0.2382271468144044,0.1380417335473515,True,20627,9.642403089559156,6.013493232679488,True
53,19531,117,722,4625,3337,0.0223709369024856,0.0296803652968036,0.1620498614958448,0.0350614324243332,False,20627,9.642403089559156,6.013493232679488,True
53,11622,9,722,6585,981,0.0012332145793368,0.0053128689492325,0.0124653739612188,0.0091743119266055,False,20627,9.642403089559156,6.013493232679488,True
54,20630,250,540,2974,1537,0.0765931372549019,0.1368363437328954,0.4629629629629629,0.1626545217957059,True,20630,20.77250574721117,5.18442934664146,True
54,20629,9,540,1028,1028,0.0057729313662604,0.0057729313662604,0.0166666666666666,0.0087548638132295,False,20630,20.77250574721117,5.18442934664146,True
55,17757,278,578,1980,990,0.1219298245614035,0.2155038759689922,0.4809688581314879,0.2808080808080808,True,17757,9.958076045615861,4.875298033878805,True
55,10334,150,578,7152,1442,0.0197889182058047,0.0802139037433155,0.259515570934256,0.1040221914008321,False,17757,9.958076045615861,4.875298033878805,True
56,20187,124,467,2032,785,0.0522105263157894,0.1099290780141844,0.2655246252676659,0.1579617834394904,True,20187,16.60164116722612,5.475690081492579,True
56,20183,92,467,2606,1369,0.0308621268030862,0.0527522935779816,0.1970021413276231,0.0672023374726077,False,20187,16.60164116722612,5.475690081492579,True
56,20862,7,467,1878,876,0.0029940119760479,0.0052395209580838,0.0149892933618843,0.0079908675799086,False,20187,16.60164116722612,5.475690081492579,True
57,19525,212,224,4359,374,0.0485014870738961,0.5492227979274611,0.9464285714285714,0.5668449197860963,True,19525,16.612010661379795,4.914028124942554,True
58,15349,75,564,7464,2016,0.0094304036212749,0.029940119760479,0.1329787234042553,0.0372023809523809,False,20628,19.879230109871138,6.1091680010946146,True
58,18500,26,564,2077,398,0.0099426386233269,0.0277777777777777,0.0460992907801418,0.0653266331658291,True,20628,19.879230109871138,6.1091680010946146,True
58,20628,15,564,3670,1051,0.0035553448684522,0.009375,0.026595744680851,0.0142721217887725,False,20628,19.879230109871138,6.1091680010946146,True
59,18362,0,21,4084,0,0.0,0.0,0.0,0.0,False,18362,7.861455425583298,2.911335555283404,False
60,15285,216,487,3798,612,0.0530842958957974,0.2446206115515288,0.4435318275154004,0.3529411764705882,True,15285,10.05546829909311,4.114114296081071,True
61,19459,516,630,5142,1738,0.0981735159817351,0.2786177105831533,0.819047619047619,0.2968929804372842,True,19459,18.802532632332426,3.68479709712733,True
61,17125,66,630,2253,321,0.0234291799787007,0.0745762711864406,0.1047619047619047,0.205607476635514,False,19459,18.802532632332426,3.68479709712733,True
61,18983,10,630,2909,779,0.0028336639274582,0.0071479628305932,0.0158730158730158,0.0128369704749679,False,19459,18.802532632332426,3.68479709712733,True
61,17114,6,630,2173,242,0.0021451555237754,0.0069284064665127,0.0095238095238095,0.024793388429752,False,19459,18.802532632332426,3.68479709712733,True
62,17136,69,315,3266,354,0.0196469248291571,0.115,0.219047619047619,0.1949152542372881,True,17136,9.02478858866372,8.062527822716637,False
62,18991,92,315,2346,792,0.0358115998442973,0.0906403940886699,0.2920634920634921,0.1161616161616161,False,17136,9.02478858866372,8.062527822716637,False
63,14192,221,665,3056,1042,0.0631428571428571,0.148721399730821,0.3323308270676692,0.2120921305182341,True,14192,13.611438805068628,5.1534973667527355,True
63,17103,40,665,2565,967,0.012539184952978,0.0251256281407035,0.0601503759398496,0.0413650465356773,False,14192,13.611438805068628,5.1534973667527355,True
63,17116,29,665,2518,767,0.0091946734305643,0.0206699928724162,0.0436090225563909,0.0378096479791395,False,14192,13.611438805068628,5.1534973667527355,True
64,19469,216,322,3914,1002,0.053731343283582,0.1949458483754512,0.6708074534161491,0.2155688622754491,True,19469,15.147795575225759,3.1901260154331177,True
65,18368,28,100,3411,629,0.0080390467987367,0.0399429386590584,0.28,0.0445151033386327,False,17057,7.508089149257356,7.452445086560334,False
65,15779,31,100,2363,867,0.0127467105263157,0.0331196581196581,0.31,0.035755478662053,False,17057,7.508089149257356,7.452445086560334,False
65,17057,26,100,1900,1227,0.0131712259371833,0.0199846272098385,0.26,0.0211898940505297,True,17057,7.508089149257356,7.452445086560334,False
66,19858,99,128,2125,835,0.0459610027855153,0.1145833333333333,0.7734375,0.118562874251497,True,19858,14.142483504669181,3.8586710581381616,True
67,19531,316,398,4625,1007,0.0671340556617803,0.2901744719926538,0.7939698492462312,0.3138033763654419,True,19531,18.774127284865028,6.665279199819653,True
68,19474,297,630,3923,520,0.0697838345864661,0.3481828839390387,0.4714285714285714,0.5711538461538461,True,19474,12.204879490786615,4.941400618372295,True
68,19001,144,630,2712,431,0.0450281425891182,0.1570338058887677,0.2285714285714285,0.334106728538283,False,19474,12.204879490786615,4.941400618372295,True
68,18987,33,630,2238,483,0.0116402116402116,0.0305555555555555,0.0523809523809523,0.0683229813664596,False,19474,12.204879490786615,4.941400618372295,True
68,20140,10,630,1050,301,0.0059880239520958,0.01085776330076,0.0158730158730158,0.0332225913621262,False,19474,12.204879490786615,4.941400618372295,True
69,20450,316,456,2417,1160,0.1235823230348064,0.243076923076923,0.6929824561403509,0.2724137931034482,True,20450,18.553571197038817,5.075469986428998,True
69,19532,80,456,2461,1546,0.028198801550934,0.0416233090530697,0.175438596491228,0.0517464424320828,False,20450,18.553571197038817,5.075469986428998,True
70,19465,266,347,3185,1578,0.0814451928965094,0.160337552742616,0.7665706051873199,0.1685678073510773,True,19465,18.725195564858424,4.132115920907672,True
70,18991,36,347,2346,1309,0.0135491155438464,0.0222222222222222,0.1037463976945245,0.027501909854851,False,19465,18.725195564858424,4.132115920907672,True
71,20840,260,716,1776,1061,0.1164874551971326,0.1713909030982201,0.3631284916201117,0.2450518378887841,True,17798,15.047955098701907,12.968103704388701,True
71,17798,188,716,4432,664,0.0379032258064516,0.1577181208053691,0.2625698324022346,0.2831325301204819,False,17798,15.047955098701907,12.968103704388701,True
71,20838,87,716,1372,1115,0.0434782608695652,0.0498853211009174,0.1215083798882681,0.0780269058295964,False,17798,15.047955098701907,12.968103704388701,True
71,20422,55,716,3633,1830,0.0128085700978108,0.0220794861501405,0.0768156424581005,0.0300546448087431,False,17798,15.047955098701907,12.968103704388701,True
72,20607,222,624,2319,637,0.0815876515986769,0.2136669874879692,0.3557692307692308,0.3485086342229199,True,19849,7.93459366676769,5.202414711176372,False
72,19849,166,624,2105,1308,0.0647678501755755,0.0939977349943374,0.266025641025641,0.1269113149847094,False,19849,7.93459366676769,5.202414711176372,False
72,19856,187,624,3278,1755,0.0503364737550471,0.0853102189781021,0.2996794871794871,0.1065527065527065,False,19849,7.93459366676769,5.202414711176372,False
72,20610,5,624,3134,809,0.0013322675193178,0.003501400560224,0.0080128205128205,0.0061804697156983,False,19849,7.93459366676769,5.202414711176372,False
73,17764,394,559,5535,1494,0.0691228070175438,0.2374924653405666,0.7048300536672629,0.2637215528781794,True,17764,8.75212618292473,3.2766833396685247,False
73,19469,7,559,3914,1127,0.0015673981191222,0.004169148302561,0.0125223613595706,0.0062111801242236,False,17764,8.75212618292473,3.2766833396685247,False
74,17103,297,521,2565,1571,0.1064897812836142,0.1654596100278551,0.5700575815738963,0.1890515595162317,True,17103,9.023660648707807,4.2463364346531085,False
74,16443,39,521,2028,1247,0.0155378486055776,0.0225563909774436,0.0748560460652591,0.0312750601443464,False,17103,9.023660648707807,4.2463364346531085,False
75,20838,183,446,1372,698,0.1119266055045871,0.1904266389177939,0.4103139013452915,0.2621776504297994,True,20838,10.108444083771367,5.20563273585153,True
75,17798,9,446,4432,1344,0.0018484288354898,0.0050533408197641,0.0201793721973094,0.0066964285714285,False,20838,10.108444083771367,5.20563273585153,True
76,19855,241,564,1740,931,0.1168201648085312,0.1921850079744816,0.427304964539007,0.2588614393125671,True,19510,11.326441977779183,8.061527921363718,True
76,19510,257,564,2132,1148,0.1053710537105371,0.1766323024054983,0.4556737588652482,0.2238675958188153,False,19510,11.326441977779183,8.061527921363718,True
77,19858,182,488,2125,1715,0.0748663101604278,0.0900544285007422,0.3729508196721312,0.1061224489795918,False,19858,7.367211407917365,3.886095644558302,False
78,20170,230,357,2188,1214,0.0993520518358531,0.1715137956748695,0.6442577030812325,0.1894563426688632,True,20170,8.309186553863887,3.146862341967449,False
79,19866,82,299,4233,1165,0.0184269662921348,0.0593342981186685,0.2742474916387959,0.0703862660944206,True,19866,7.089807730626641,4.982317880961654,False
80,18369,194,264,3342,1119,0.0568581477139507,0.1631623212783852,0.7348484848484849,0.1733690795352993,True,18369,14.27817835653137,4.8428911810891355,True
80,18376,46,264,3019,1372,0.014210688909484,0.0289308176100628,0.1742424242424242,0.0335276967930029,False,18369,14.27817835653137,4.8428911810891355,True
81,17064,308,322,3463,1409,0.088582111015243,0.2164441321152494,0.9565217391304348,0.2185947480482611,True,17064,11.725139568833866,3.5695944925894074,True
82,17074,272,326,1918,699,0.1379310344827586,0.3612217795484728,0.8343558282208589,0.3891273247496423,True,17074,18.821139503918058,4.813869340416015,True
82,17063,16,326,2372,1064,0.005965697240865,0.0116448326055312,0.0490797546012269,0.0150375939849624,False,17074,18.821139503918058,4.813869340416015,True
83,18938,461,816,3439,2013,0.121507643647865,0.194679054054054,0.5649509803921569,0.2290114257327372,True,18938,18.89563704947164,3.5648219075569045,True
83,18955,11,816,3110,1987,0.0028097062579821,0.0039398280802292,0.0134803921568627,0.0055359838953195,False,18938,18.89563704947164,3.5648219075569045,True
84,19459,45,258,5142,968,0.0084033613445378,0.0381033022861981,0.1744186046511628,0.0464876033057851,False,18398,8.368159938809455,4.532352901728776,False
84,17764,25,258,5535,796,0.0043342579750346,0.0242954324586977,0.0968992248062015,0.0314070351758793,False,18398,8.368159938809455,4.532352901728776,False
85,16483,5,575,3410,2267,0.0012562814070351,0.0017624250969333,0.008695652173913,0.0022055580061755,False,20429,6.91006163497564,4.790208377225738,False
86,19861,360,889,2256,1456,0.1292639138240574,0.181360201511335,0.4049493813273341,0.2472527472527472,True,19861,8.03331612071046,7.540565384304914,False
86,20441,171,889,2579,941,0.0518653321201091,0.1030741410488245,0.1923509561304837,0.181721572794899,False,19861,8.03331612071046,7.540565384304914,False
86,16503,73,889,3597,429,0.0165420348968955,0.0586345381526104,0.0821147356580427,0.1701631701631701,False,19861,8.03331612071046,7.540565384304914,False
86,20183,43,889,2606,1348,0.0124565469293163,0.019598906107566,0.0483689538807649,0.0318991097922848,False,19861,8.03331612071046,7.540565384304914,False
87,15349,369,663,7464,1595,0.0475638051044083,0.1953414505029116,0.5565610859728507,0.2313479623824451,True,15349,8.177435755765869,3.4575699862966087,False
88,17056,512,580,4085,1567,0.1232843727425957,0.3131498470948012,0.8827586206896552,0.3267389917038928,True,17056,19.26691733326005,7.6766494217355135,True
88,18366,28,580,293,293,0.0331360946745562,0.0331360946745562,0.0482758620689655,0.0955631399317406,False,17056,19.26691733326005,7.6766494217355135,True
89,20422,283,507,3633,1207,0.0733730878921441,0.1977638015373864,0.5581854043392505,0.2344656172328086,True,20422,16.00403207632288,3.3109702015980553,True
90,20437,442,1147,3699,943,0.1003633060853769,0.2682038834951456,0.3853530950305144,0.4687168610816543,True,20437,17.23085536864752,6.290354869484751,True
90,18467,190,1147,3857,1464,0.0394682176983797,0.0784799669558033,0.1656495204882301,0.1297814207650273,False,20437,17.23085536864752,6.290354869484751,True
90,20167,140,1147,2641,1386,0.0383771929824561,0.058503969912244,0.1220575414123801,0.101010101010101,False,20437,17.23085536864752,6.290354869484751,True
90,20435,52,1147,523,523,0.0321384425216316,0.0321384425216316,0.045335658238884,0.0994263862332696,False,20437,17.23085536864752,6.290354869484751,True
90,19866,56,1147,4233,1679,0.010518407212622,0.0202166064981949,0.048823016564952,0.0333531864204883,False,20437,17.23085536864752,6.290354869484751,True
91,20749,59,680,2625,517,0.0181762168823166,0.0518453427065026,0.0867647058823529,0.1141199226305609,True,20749,13.511113924561883,4.656775681671706,True
91,20171,72,680,2392,1011,0.024,0.0444718962322421,0.1058823529411764,0.0712166172106825,False,20749,13.511113924561883,4.656775681671706,True
91,19531,51,680,4625,1133,0.0097068899885801,0.02894438138479,0.075,0.0450132391879964,False,20749,13.511113924561883,4.656775681671706,True
92,18912,24,211,2689,454,0.0083449235048678,0.0374414976599064,0.1137440758293838,0.052863436123348,True,18912,9.512237828533209,5.554919190506064,False
93,18953,377,1130,1910,1158,0.1415696582801351,0.1972789115646258,0.3336283185840707,0.3255613126079447,True,18953,11.15017261973139,7.249115166180823,True
93,14188,423,1130,7337,1602,0.0525857782197911,0.1831961888263317,0.3743362831858407,0.2640449438202247,False,18953,11.15017261973139,7.249115166180823,True
94,18901,8,511,2529,512,0.0026385224274406,0.0078817733990147,0.0156555772994129,0.015625,True,18350,17.174812689378058,3.939506286421243,True
94,18912,1,511,2689,454,0.0003125976867771,0.0010373443983402,0.0019569471624266,0.0022026431718061,False,18350,17.174812689378058,3.939506286421243,True
94,18908,1,511,4655,1735,0.0001936108422071,0.0004454342984409,0.0019569471624266,0.0005763688760806,False,18350,17.174812689378058,3.939506286421243,True
95,19401,178,225,2669,1071,0.0655375552282768,0.1592128801431127,0.7911111111111111,0.1661998132586367,True,19401,17.153011559302993,4.774838888569269,True
96,17103,7,554,2565,1598,0.0022493573264781,0.0032634032634032,0.0126353790613718,0.0043804755944931,False,17103,3.6790020947259534,3.2474201294380496,False
97,19811,378,737,2671,1326,0.1247524752475247,0.2243323442136498,0.5128900949796472,0.2850678733031674,True,19811,19.889446750831297,5.098630584754579,True
97,18961,105,737,2056,1542,0.0390625,0.0482980680772769,0.1424694708276797,0.0680933852140077,False,19811,19.889446750831297,5.098630584754579,True
97,14188,98,737,7337,2184,0.0122868605817452,0.034714842366277,0.1329715061058344,0.0448717948717948,False,19811,19.889446750831297,5.098630584754579,True
98,20113,400,542,1674,1305,0.2202643171806167,0.27643400138217,0.7380073800738007,0.3065134099616858,True,20113,19.535178854174866,2.3753711406904587,True
99,19862,365,461,5396,818,0.0664603058994901,0.3993435448577681,0.7917570498915402,0.4462102689486552,True,19862,11.710322316587241,4.024323116570488,True
99,20450,14,461,2417,391,0.0048882681564245,0.0167064439140811,0.0303687635574837,0.0358056265984654,False,19862,11.710322316587241,4.024323116570488,True
100,18908,558,647,4655,2592,0.1176222596964586,0.2081312942931742,0.8624420401854714,0.2152777777777778,True,18908,19.60003038059296,5.051836559375601,True
100,17037,58,647,3148,1637,0.0155204709660155,0.0260557053009883,0.0896445131375579,0.0354306658521686,False,18908,19.60003038059296,5.051836559375601,True
100,17026,8,647,5165,1642,0.0013783597518952,0.0035072336694432,0.0123647604327666,0.0048721071863581,False,18908,19.60003038059296,5.051836559375601,True
101,17037,321,377,3148,1087,0.1001872659176029,0.2808398950131233,0.8514588859416445,0.2953081876724931,True,17037,18.100059456136982,5.019424258275853,True
101,17026,36,377,5165,1361,0.0065383218307301,0.0211515863689776,0.0954907161803713,0.026451138868479,False,17037,18.100059456136982,5.019424258275853,True
101,19401,1,377,2669,1613,0.0003284072249589,0.0005027652086475,0.0026525198938992,0.0006199628022318,False,17037,18.100059456136982,5.019424258275853,True
102,17063,484,556,2372,1917,0.1980360065466448,0.2433383609854198,0.8705035971223022,0.2524778299426187,True,17063,21.21177536321872,4.467257127110819,True
102,17044,33,556,1805,1805,0.0141752577319587,0.0141752577319587,0.0593525179856115,0.0182825484764542,False,17063,21.21177536321872,4.467257127110819,True
102,17064,2,556,3463,2732,0.0004978839930296,0.0006086427267194,0.0035971223021582,0.0007320644216691,False,17063,21.21177536321872,4.467257127110819,True
103,20418,4,290,2605,927,0.0013836042891732,0.0032976092333058,0.0137931034482758,0.0043149946062567,False,14800,6.722395204187036,5.828440101498683,False
104,19849,296,560,2105,911,0.1249472351203039,0.2519148936170213,0.5285714285714286,0.3249176728869374,True,19849,8.88233734149896,7.865798153132981,False
104,17800,93,560,2629,513,0.0300387596899224,0.0948979591836734,0.1660714285714285,0.1812865497076023,False,19849,8.88233734149896,7.865798153132981,False
104,16473,31,560,4324,781,0.0063878013599835,0.0236641221374045,0.0553571428571428,0.0396927016645326,False,19849,8.88233734149896,7.865798153132981,False
104,19855,1,560,1740,562,0.0004349717268377,0.0008920606601248,0.0017857142857142,0.0017793594306049,False,19849,8.88233734149896,7.865798153132981,False
105,16479,250,521,2515,1204,0.0897343862167982,0.1694915254237288,0.4798464491362764,0.207641196013289,True,16479,13.817402488914256,3.437777089127492,True
106,18502,253,377,6475,999,0.038339142294287,0.2252894033837934,0.6710875331564987,0.2532532532532532,True,18502,10.538897803793514,2.6823069557090538,True
107,18987,328,414,2238,483,0.1411359724612736,0.5764499121265377,0.7922705314009661,0.6790890269151139,True,18987,13.401522638779023,4.0439270788420085,True
107,17770,18,414,4631,505,0.0035806644121742,0.0199778024417314,0.0434782608695652,0.0356435643564356,False,18987,13.401522638779023,4.0439270788420085,True
107,19474,12,414,3923,520,0.0027745664739884,0.0130151843817787,0.0289855072463768,0.023076923076923,False,18987,13.401522638779023,4.0439270788420085,True
108,19497,113,301,1504,187,0.0667848699763593,0.3013333333333333,0.3754152823920266,0.6042780748663101,True,19497,13.12917933747478,4.305734258916249,True
109,16483,280,428,3410,2098,0.0786958965711073,0.1246660730186999,0.6542056074766355,0.1334604385128694,True,16483,14.0150714673229,4.082874765984984,True
110,18502,0,93,6475,0,0.0,0.0,0.0,0.0,False,18502,4.93116719011036,2.7288750268702744,False
112,18910,377,408,3330,2206,0.1121689973222255,0.1685292802860974,0.9240196078431372,0.170897552130553,True,18910,17.1910430999537,4.542479941309153,True
112,19401,18,408,2669,2147,0.0058842759071592,0.0070949940875049,0.0441176470588235,0.0083837913367489,False,18910,17.1910430999537,4.542479941309153,True
113,13653,247,525,6787,892,0.0349610757254069,0.2111111111111111,0.4704761904761905,0.2769058295964126,True,13653,10.605500663059635,3.4334607491515197,True
113,17071,12,525,2196,751,0.0044296788482834,0.0094936708860759,0.0228571428571428,0.0159786950732356,False,13653,10.605500663059635,3.4334607491515197,True
114,19842,114,571,1765,1093,0.0513051305130513,0.0735483870967741,0.1996497373029772,0.1043000914913083,False,20426,12.530458934573257,8.10830764380031,True
114,19510,101,571,2132,1338,0.038816295157571,0.055862831858407,0.1768826619964973,0.0754857997010463,False,20426,12.530458934573257,8.10830764380031,True
114,19855,14,571,1740,679,0.0060949063996517,0.0113268608414239,0.0245183887915936,0.0206185567010309,False,20426,12.530458934573257,8.10830764380031,True
115,20171,407,742,2392,509,0.1492482581591492,0.4822274881516588,0.5485175202156334,0.7996070726915521,True,20171,9.654980612564323,6.105890028565918,False
115,19862,228,742,5396,818,0.0385786802030456,0.1711711711711711,0.307277628032345,0.2787286063569682,False,20171,9.654980612564323,6.105890028565918,False
116,18369,7,180,3342,1152,0.0019914651493598,0.0052830188679245,0.0388888888888888,0.0060763888888888,False,19408,7.386161037056015,4.844682779490606,False
117,17816,14,291,1929,1156,0.0063463281958295,0.0097697138869504,0.0481099656357388,0.0121107266435986,False,17816,6.819097434187754,5.292308123247337,False
117,18451,14,291,1899,1608,0.0064338235294117,0.0074270557029177,0.0481099656357388,0.0087064676616915,False,17816,6.819097434187754,5.292308123247337,False
118,16427,717,926,8682,2546,0.0806433472050388,0.2602540834845735,0.7742980561555075,0.2816182246661429,True,16427,19.07529649916441,8.117541196754496,True
118,18961,103,926,2056,1184,0.0357763112191733,0.0513203786746387,0.111231101511879,0.0869932432432432,False,16427,19.07529649916441,8.117541196754496,True
118,19440,85,926,1438,1167,0.0372970601140851,0.0423306772908366,0.091792656587473,0.0728363324764353,False,16427,19.07529649916441,8.117541196754496,True
118,18398,1,926,2748,1090,0.000272257010618,0.0004962779156327,0.0010799136069114,0.0009174311926605,False,16427,19.07529649916441,8.117541196754496,True
119,18451,50,351,1899,1239,0.0227272727272727,0.0324675324675324,0.1424501424501424,0.0403551251008878,True,17816,9.326680669022789,5.188552040090427,False
119,17816,23,351,1929,725,0.0101905183872397,0.0218423551756885,0.0655270655270655,0.0317241379310344,False,17816,9.326680669022789,5.188552040090427,False
119,17815,23,351,7084,1351,0.0031030760928224,0.0136986301369863,0.0655270655270655,0.0170244263508512,False,17816,9.326680669022789,5.188552040090427,False
120,19040,494,827,4770,1058,0.0968058005095042,0.3551401869158878,0.5973397823458283,0.4669187145557656,True,19040,19.3293326883065,3.7840525208980105,True
120,20169,39,827,2752,1176,0.0110169491525423,0.0198574338085539,0.0471584038694075,0.0331632653061224,False,19040,19.3293326883065,3.7840525208980105,True
121,16516,125,657,4591,991,0.0243997657622486,0.0820748522652659,0.1902587519025875,0.1261352169525731,True,18485,10.874803189147613,4.212001296204817,True
121,18485,55,657,1649,258,0.0244335850733007,0.063953488372093,0.0837138508371385,0.2131782945736434,False,18485,10.874803189147613,4.212001296204817,True
122,18910,97,466,3330,1633,0.0262233035955663,0.0484515484515484,0.2081545064377682,0.0593998775260257,False,18910,5.842430680568115,4.796566258349982,False
122,17026,46,466,5165,1202,0.0082363473589973,0.0283600493218249,0.0987124463519313,0.038269550748752,True,18910,5.842430680568115,4.796566258349982,False
122,15761,20,466,3445,627,0.0051400668208686,0.0186393289841565,0.0429184549356223,0.0318979266347687,False,18910,5.842430680568115,4.796566258349982,False
122,19401,17,466,2669,1631,0.0054522129570237,0.0081730769230769,0.0364806866952789,0.0104230533415082,False,18910,5.842430680568115,4.796566258349982,False
123,18398,137,338,2748,584,0.0464564259070871,0.1745222929936305,0.4053254437869822,0.2345890410958904,True,18398,9.31926186341916,4.210895130087785,False
123,19439,44,338,4761,1348,0.0087042532146389,0.0267965895249695,0.1301775147928994,0.0326409495548961,False,18398,9.31926186341916,4.210895130087785,False
124,17815,344,585,7084,1507,0.0469624573378839,0.1967963386727688,0.588034188034188,0.2282680822826808,True,17815,15.185251038277713,3.3257312925965894,True
124,19861,9,585,2256,1276,0.0031779661016949,0.0048596112311015,0.0153846153846153,0.0070532915360501,False,17815,15.185251038277713,3.3257312925965894,True
124,17805,1,585,3215,892,0.0002632271650434,0.0006775067750677,0.0017094017094017,0.0011210762331838,False,17815,15.185251038277713,3.3257312925965894,True
125,20418,304,356,2605,1022,0.1144147534813699,0.2830540037243947,0.8539325842696629,0.2974559686888454,True,20418,15.716541188151822,3.821826784363156,True
125,17146,1,356,6544,1188,0.0001449485432671,0.000648088139987,0.0028089887640449,0.0008417508417508,False,20418,15.716541188151822,3.821826784363156,True
126,20838,20,244,1372,340,0.012531328320802,0.0354609929078014,0.081967213114754,0.0588235294117647,False,17798,7.148936898373523,4.423710647990115,False
126,17798,18,244,4432,1037,0.0038643194504079,0.014251781472684,0.0737704918032786,0.017357762777242,False,17798,7.148936898373523,4.423710647990115,False
127,16473,308,488,4324,846,0.0683836589698046,0.3001949317738791,0.6311475409836066,0.3640661938534279,True,16473,14.242737153205747,6.001981416600631,True
127,19497,130,488,1504,505,0.0698174006444683,0.1506373117033603,0.2663934426229508,0.2574257425742574,False,16473,14.242737153205747,6.001981416600631,True
127,17800,15,488,2629,177,0.0048355899419729,0.023076923076923,0.0307377049180327,0.0847457627118644,False,16473,14.242737153205747,6.001981416600631,True
128,18364,560,915,4569,3084,0.1137286758732737,0.1628380343123001,0.6120218579234973,0.1815823605706874,True,18364,19.6468487672758,5.1270188892095305,True
128,18916,278,915,4137,3137,0.058232090490155,0.0736618971913089,0.3038251366120219,0.0886197003506534,False,18364,19.6468487672758,5.1270188892095305,True
129,19842,239,501,1765,729,0.117908238776517,0.2411705348133198,0.4770459081836327,0.3278463648834019,True,19842,11.285203446001471,2.8870256503529474,True
130,20141,141,173,3018,576,0.0462295081967213,0.2319078947368421,0.815028901734104,0.2447916666666666,True,20141,12.44173050185342,3.868970746900585,True
130,20422,21,173,3633,610,0.0055482166446499,0.0275590551181102,0.1213872832369942,0.0344262295081967,False,20141,12.44173050185342,3.868970746900585,True
131,17800,198,480,2629,513,0.0680178632772243,0.2490566037735849,0.4125,0.3859649122807017,True,17800,10.654539345448303,3.949676518185576,True
131,16473,4,480,4324,781,0.0008333333333333,0.0031821797931583,0.0083333333333333,0.0051216389244558,False,17800,10.654539345448303,3.949676518185576,True
132,16483,4,151,3410,781,0.0011245431543435,0.0043103448275862,0.0264900662251655,0.0051216389244558,False,16479,6.202879676526432,4.254821166192892,False
133,20164,521,826,3510,1220,0.1365661861074705,0.3416393442622951,0.6307506053268765,0.4270491803278688,True,20164,17.4619929196309,3.819639302594568,True
133,20171,30,826,2392,1016,0.0094102885821831,0.0165562913907284,0.036319612590799,0.0295275590551181,False,20164,17.4619929196309,3.819639302594568,True
133,19040,13,826,4770,1058,0.0023284972237148,0.0069481560662747,0.0157384987893462,0.0122873345935727,False,20164,17.4619929196309,3.819639302594568,True
133,20428,9,826,3500,911,0.0020847810979847,0.0052083333333333,0.0108958837772397,0.0098792535675082,False,20164,17.4619929196309,3.819639302594568,True
134,15767,430,567,4428,2377,0.0941949616648411,0.1710421638822593,0.7583774250440917,0.1809002944888515,True,15767,13.808576721380534,4.331822742814782,True
134,14727,84,567,3052,352,0.0237623762376237,0.1005988023952095,0.1481481481481481,0.2386363636363636,False,15767,13.808576721380534,4.331822742814782,True
135,17805,518,905,3215,1455,0.1438089950027762,0.2812160694896851,0.5723756906077349,0.3560137457044673,True,17805,13.345984029338693,4.838715770142961,True
135,18451,37,905,1899,1239,0.013371882905674,0.0175605125771238,0.0408839779005524,0.0298627925746569,False,17805,13.345984029338693,4.838715770142961,True
135,17815,23,905,7084,1351,0.0028872709013306,0.0103000447828034,0.0254143646408839,0.0170244263508512,False,17805,13.345984029338693,4.838715770142961,True
136,19048,164,412,2126,866,0.0690817186183656,0.1472172351885098,0.3980582524271844,0.1893764434180138,True,20449,13.465420698485868,6.675096195095794,True
136,20449,3,412,3064,261,0.0008638065073423,0.0044776119402985,0.0072815533980582,0.0114942528735632,False,20449,13.465420698485868,6.675096195095794,True
137,19439,338,358,4761,1394,0.0706965070069023,0.239038189533239,0.9441340782122905,0.242467718794835,True,19439,19.276699084569213,4.212020567100557,True
138,18901,0,4,2529,0,0.0,0.0,0.0,0.0,False,18901,6.562421523004982,3.9306476089294,False
139,20076,223,366,1415,812,0.1431322207958921,0.2335078534031413,0.6092896174863388,0.2746305418719212,True,20076,9.176260249272191,4.097339288048171,False
140,18394,9,184,2678,339,0.0031545741324921,0.0175097276264591,0.0489130434782608,0.0265486725663716,False,18394,5.264156723029078,4.571798965886342,False
141,16484,481,861,7972,1473,0.0575909961685823,0.259579060982191,0.5586527293844367,0.3265444670739986,True,16484,15.346669514116321,3.6486681606690947,True
142,20169,332,921,2752,410,0.0993714456749476,0.3323323323323323,0.3604777415852334,0.8097560975609757,True,20169,12.103628967265836,6.834071055983857,True
142,20163,195,921,852,402,0.123574144486692,0.1728723404255319,0.2117263843648208,0.4850746268656716,False,20169,12.103628967265836,6.834071055983857,True
143,17071,147,376,2196,751,0.0606185567010309,0.15,0.3909574468085106,0.1957390146471371,True,17071,8.989971906710897,4.398963698290385,False
143,17067,5,376,2689,1031,0.0016339869281045,0.0035663338088445,0.0132978723404255,0.0048496605237633,False,17071,8.989971906710897,4.398963698290385,False
143,13653,4,376,6787,892,0.0005587372538063,0.0031645569620253,0.0106382978723404,0.0044843049327354,False,17071,8.989971906710897,4.398963698290385,False
143,18929,2,376,3176,656,0.0005633802816901,0.0019417475728155,0.0053191489361702,0.0030487804878048,False,17071,8.989971906710897,4.398963698290385,False
144,20414,349,715,2008,763,0.1470092670598146,0.3091231178033658,0.4881118881118881,0.4574049803407601,True,20414,13.37218100361729,4.960360703985649,True
144,20141,311,715,3018,991,0.0908825248392752,0.2229390681003584,0.4349650349650349,0.313824419778002,False,20414,13.37218100361729,4.960360703985649,True
145,19513,272,882,4747,1186,0.0507746873249953,0.1514476614699332,0.3083900226757369,0.2293423271500843,False,19513,11.437274647481715,6.439226632082686,True
145,20430,59,882,352,352,0.0502127659574468,0.0502127659574468,0.0668934240362811,0.1676136363636363,False,19513,11.437274647481715,6.439226632082686,True
145,18453,32,882,4605,879,0.0058661778185151,0.0185078079814921,0.0362811791383219,0.0364050056882821,False,19513,11.437274647481715,6.439226632082686,True
145,19862,40,882,5396,1691,0.0064123116383456,0.0157915515199368,0.0453514739229024,0.0236546422235363,False,19513,11.437274647481715,6.439226632082686,True
146,18910,14,128,3330,557,0.0040650406504065,0.0208643815201192,0.109375,0.0251346499102333,False,15761,5.7041879046782,4.488682919658546,False
147,17719,41,334,2234,231,0.0162247724574594,0.0782442748091603,0.122754491017964,0.1774891774891775,True,17719,15.330978605978785,4.933923926073808,True
147,18900,18,334,2862,1135,0.0056639395846444,0.0124052377670572,0.0538922155688622,0.0158590308370044,False,17719,15.330978605978785,4.933923926073808,True
148,17733,618,749,4924,2091,0.1222551928783382,0.2781278127812781,0.8251001335113485,0.2955523672883787,True,17733,21.96472795804547,2.8552938243052277,True
149,19424,290,668,1830,865,0.1313405797101449,0.2333065164923572,0.4341317365269461,0.3352601156069364,True,19424,13.236006029465775,5.851221495787801,True
149,16419,244,668,5169,785,0.0436259610227069,0.2018196856906534,0.3652694610778443,0.310828025477707,False,19424,13.236006029465775,5.851221495787801,True
149,18372,3,668,3326,994,0.0007516913054372,0.0018083182640144,0.0044910179640718,0.0030181086519114,False,19424,13.236006029465775,5.851221495787801,True
149,16427,1,668,8682,1702,0.0001069633115841,0.0004221190375685,0.0014970059880239,0.0005875440658049,False,19424,13.236006029465775,5.851221495787801,True
150,19819,413,789,3217,1266,0.1149457278040634,0.2515225334957369,0.523447401774398,0.3262243285939968,True,19819,19.578991214311497,3.51581548492413,True
150,17146,48,789,6544,1612,0.0065888812628689,0.0203994900127496,0.0608365019011406,0.0297766749379652,False,19819,19.578991214311497,3.51581548492413,True
150,19461,6,789,2411,1058,0.0018785222291797,0.0032590983161325,0.0076045627376425,0.0056710775047258,False,19819,19.578991214311497,3.51581548492413,True
151,17831,189,328,6554,995,0.0282384580905423,0.1666666666666666,0.5762195121951219,0.1899497487437186,True,17831,13.934203773164999,4.1797454680592,True
151,19524,6,328,704,488,0.0058479532163742,0.0074074074074074,0.0182926829268292,0.0122950819672131,False,17831,13.934203773164999,4.1797454680592,True
152,17078,136,536,3914,756,0.0315252665739453,0.1176470588235294,0.2537313432835821,0.1798941798941798,True,17078,6.0997774177802455,4.735205375777675,False
152,16412,7,536,4581,829,0.0013698630136986,0.0051546391752577,0.0130597014925373,0.008443908323281,False,17078,6.0997774177802455,4.735205375777675,False
153,19513,238,281,4747,600,0.0496868475991649,0.3701399688958009,0.8469750889679716,0.3966666666666666,True,19513,8.275353454941023,3.188049786126298,False
154,18900,290,345,2862,1135,0.0994172094617757,0.2436974789915966,0.8405797101449275,0.2555066079295154,True,18900,13.218218487817905,4.384836209716616,True
155,19414,79,476,3107,949,0.0225456621004566,0.0586924219910846,0.1659663865546218,0.0832455216016859,True,19414,5.1148872385813435,3.5054430431824977,False
155,17731,4,476,4607,1066,0.000787556605631,0.0026007802340702,0.0084033613445378,0.0037523452157598,False,19414,5.1148872385813435,3.5054430431824977,False
156,19869,436,583,2178,916,0.1875268817204301,0.4101599247412982,0.7478559176672385,0.4759825327510917,True,19869,20.632053060172506,7.335071775865028,True
156,20449,20,583,3064,261,0.0055141990625861,0.0242718446601941,0.0343053173241852,0.0766283524904214,False,19869,20.632053060172506,7.335071775865028,True
156,19864,21,583,4163,964,0.0044444444444444,0.0137614678899082,0.0360205831903945,0.0217842323651452,False,19869,20.632053060172506,7.335071775865028,True
157,15767,46,243,4428,1129,0.0099459459459459,0.0346907993966817,0.1893004115226337,0.0407440212577502,False,15767,6.869872229188331,4.2197594588566245,False
157,18342,2,243,2396,939,0.0007584376185058,0.0016949152542372,0.0082304526748971,0.0021299254526091,False,15767,6.869872229188331,4.2197594588566245,False
158,18929,140,192,3176,463,0.0433705080545229,0.2718446601941747,0.7291666666666666,0.3023758099352052,True,18929,12.683591664156442,4.129536638768298,True
159,16412,348,703,4581,1213,0.0705024311183144,0.221938775510204,0.4950213371266003,0.2868920032976092,True,16412,15.797971134609163,4.5959050987132875,True
159,17078,149,703,3914,1182,0.0333482542524619,0.0858294930875576,0.2119487908961593,0.1260575296108291,False,16412,15.797971134609163,4.5959050987132875,True
159,19418,38,703,390,390,0.0360189573459715,0.0360189573459715,0.054054054054054,0.0974358974358974,False,16412,15.797971134609163,4.5959050987132875,True
159,19789,58,703,2532,1044,0.0182562165564998,0.034339846062759,0.0825035561877667,0.0555555555555555,False,16412,15.797971134609163,4.5959050987132875,True
160,16419,64,418,5169,392,0.0115879051240267,0.0857908847184986,0.1531100478468899,0.1632653061224489,False,17740,5.350898075075749,4.687982271388749,False
160,19424,7,418,1830,453,0.003123605533244,0.0081018518518518,0.0167464114832535,0.0154525386313465,False,17740,5.350898075075749,4.687982271388749,False
161,18949,539,745,3660,1228,0.1394205897568546,0.3758716875871687,0.723489932885906,0.4389250814332247,True,18949,17.04550957377454,4.330998600669203,True
161,19439,67,745,4761,1428,0.0123184408898694,0.0318138651471984,0.0899328859060402,0.0469187675070028,False,18949,17.04550957377454,4.330998600669203,True
162,18394,327,594,2678,339,0.1110356536502546,0.5396039603960396,0.5505050505050505,0.9646017699115044,True,18394,14.934676902070644,4.28901839125672,True
162,18949,43,594,3660,585,0.0102113512229874,0.0378521126760563,0.0723905723905724,0.0735042735042735,False,18394,14.934676902070644,4.28901839125672,True
163,20419,0,501,2945,0,0.0,0.0,0.0,0.0,False,20419,10.782595525219795,3.4009121190802842,True
164,16469,231,603,1787,885,0.1069939786938397,0.1837708830548926,0.3830845771144278,0.2610169491525423,True,16469,14.84581532737735,4.376960569398201,True
164,16478,43,603,1064,559,0.0264778325123152,0.0384271671134941,0.0713101160862354,0.0769230769230769,False,16469,14.84581532737735,4.376960569398201,True
164,18434,30,603,2303,603,0.0104311543810848,0.0255102040816326,0.0497512437810945,0.0497512437810945,False,16469,14.84581532737735,4.376960569398201,True
164,17154,6,603,2279,1347,0.0020862308762169,0.0030864197530864,0.0099502487562189,0.0044543429844097,False,16469,14.84581532737735,4.376960569398201,True
165,18453,395,1167,4605,1707,0.073461037753394,0.1593384429205324,0.3384747215081405,0.2314001171646162,True,18453,16.665960535808765,5.107206001343896,True
165,20428,251,1167,3500,911,0.056838768115942,0.137383689107827,0.2150814053127678,0.2755214050493962,False,18453,16.665960535808765,5.107206001343896,True
165,20430,90,1167,352,352,0.0629811056682995,0.0629811056682995,0.0771208226221079,0.2556818181818182,False,18453,16.665960535808765,5.107206001343896,True
165,19846,82,1167,1231,941,0.0354058721934369,0.0404738400789733,0.0702656383890317,0.0871413390010627,False,18453,16.665960535808765,5.107206001343896,True
165,20164,90,1167,3510,1848,0.0196206671026814,0.0307692307692307,0.0771208226221079,0.0487012987012987,False,18453,16.665960535808765,5.107206001343896,True
166,20165,526,1135,1976,542,0.2034816247582205,0.4569939183318853,0.4634361233480176,0.970479704797048,True,20165,18.137141840855566,4.671619745293261,True
166,19025,245,1135,2375,487,0.0750382848392036,0.1779230210602759,0.2158590308370044,0.5030800821355236,False,20165,18.137141840855566,4.671619745293261,True
166,19522,211,1135,1771,266,0.0782931354359925,0.1773109243697479,0.1859030837004405,0.793233082706767,False,20165,18.137141840855566,4.671619745293261,True
167,19789,221,541,2532,402,0.0774894810659186,0.3060941828254848,0.4085027726432532,0.5497512437810945,True,19789,19.04788319971979,6.558016153225731,True
167,17067,217,541,2689,926,0.072021241287753,0.1736,0.4011090573012939,0.234341252699784,False,19789,19.04788319971979,6.558016153225731,True
167,19418,63,541,390,390,0.0725806451612903,0.0725806451612903,0.1164510166358595,0.1615384615384615,False,19789,19.04788319971979,6.558016153225731,True
168,19472,491,923,3088,1445,0.1394886363636363,0.2615876398508258,0.5319609967497292,0.3397923875432526,True,19472,14.417440917213,5.234048182801528,True
168,20410,38,923,1817,590,0.0140636565507031,0.0257627118644067,0.0411700975081256,0.0644067796610169,False,19472,14.417440917213,5.234048182801528,True
168,20595,11,923,1677,182,0.0042487446890691,0.0100548446069469,0.0119176598049837,0.0604395604395604,False,19472,14.417440917213,5.234048182801528,True
168,16453,4,923,5464,1177,0.0006266645777847,0.0019083969465648,0.0043336944745395,0.0033984706881903,False,19472,14.417440917213,5.234048182801528,True
169,19865,230,575,1926,783,0.1012769704975781,0.2039007092198581,0.4,0.2937420178799489,True,19865,9.702697846412947,4.761635799895689,True
169,19524,1,575,704,488,0.0007824726134585,0.0009416195856873,0.0017391304347826,0.0020491803278688,False,19865,9.702697846412947,4.761635799895689,True
170,17007,71,415,4559,1280,0.0144809300428309,0.0437192118226601,0.1710843373493976,0.05546875,True,17007,15.483180810222755,5.205427988618198,True
170,20076,73,415,1415,1415,0.041548093340922,0.041548093340922,0.1759036144578313,0.0515901060070671,False,17007,15.483180810222755,5.205427988618198,True
171,19486,371,1022,3305,809,0.0937815975733063,0.2541095890410959,0.363013698630137,0.4585908529048207,True,19486,10.223873179630397,5.552127322395123,True
171,17151,185,1022,2271,956,0.0595238095238095,0.1031790295593976,0.1810176125244618,0.1935146443514644,False,19486,10.223873179630397,5.552127322395123,True
172,19864,449,681,4163,964,0.1021615472127417,0.3754180602006689,0.6593245227606461,0.4657676348547718,True,19864,20.748515772462113,5.185830771088706,True
172,19865,117,681,1926,773,0.0469879518072289,0.087509349289454,0.171806167400881,0.1513583441138421,False,19864,20.748515772462113,5.185830771088706,True
172,19869,3,681,2178,916,0.0010504201680672,0.0018820577164366,0.0044052863436123,0.0032751091703056,False,19864,20.748515772462113,5.185830771088706,True
173,19394,236,330,2298,513,0.0986622073578595,0.3887973640856672,0.7151515151515152,0.4600389863547758,True,19394,12.163395872330794,4.941853882417674,True
174,17698,327,531,4370,2081,0.0714910362920857,0.1431072210065645,0.615819209039548,0.1571359923113887,True,17698,12.248709578843972,8.344430000437923,True
174,17014,155,531,1579,1070,0.0792838874680307,0.107192254495159,0.2919020715630885,0.1448598130841121,False,17698,12.248709578843972,8.344430000437923,True
174,18896,15,531,2887,930,0.0044078754040552,0.0103734439834024,0.0282485875706214,0.0161290322580645,False,17698,12.248709578843972,8.344430000437923,True
175,16453,259,461,5464,1354,0.0457112601482527,0.166452442159383,0.561822125813449,0.1912850812407681,True,16453,15.411189107962755,5.127814692048444,True
175,20595,44,461,1677,981,0.0210124164278892,0.0314735336194563,0.0954446854663774,0.0448521916411824,False,16453,15.411189107962755,5.127814692048444,True
176,19512,407,1146,1914,949,0.1534112325669054,0.2411137440758294,0.3551483420593368,0.428872497365648,True,19512,18.55153919080195,8.573184864184178,True
176,20153,292,1146,1149,748,0.145781328007988,0.1822721598002497,0.2547993019197208,0.3903743315508021,False,19512,18.55153919080195,8.573184864184178,True
176,20158,245,1146,1741,629,0.0927327781983346,0.1601307189542483,0.2137870855148342,0.3895071542130365,False,19512,18.55153919080195,8.573184864184178,True
176,20163,11,1146,852,852,0.0055359838953195,0.0055359838953195,0.0095986038394415,0.0129107981220657,False,19512,18.55153919080195,8.573184864184178,True
176,19499,3,1146,2753,1124,0.0007700205338809,0.0013233348037053,0.0026178010471204,0.0026690391459074,False,19512,18.55153919080195,8.573184864184178,True
176,20169,2,1146,2752,758,0.0005133470225872,0.0010515247108307,0.0017452006980802,0.0026385224274406,False,19512,18.55153919080195,8.573184864184178,True
177,17698,232,345,4370,2239,0.0517510595583314,0.0986394557823129,0.672463768115942,0.1036176864671728,False,17698,11.071537860559346,9.128767299822812,True
178,18342,360,532,2396,463,0.1401869158878504,0.5669291338582677,0.6766917293233082,0.7775377969762419,True,18342,19.58695887535571,5.686311933095328,True
178,19394,69,532,2298,1020,0.0249909453096704,0.0465273095077545,0.1296992481203007,0.0676470588235294,False,18342,19.58695887535571,5.686311933095328,True
179,14793,314,404,5525,798,0.0559216384683882,0.3536036036036036,0.7772277227722773,0.3934837092731829,True,14793,13.357932528964701,3.6687182480079406,True
179,16456,6,404,7093,911,0.000800961153384,0.0045836516424751,0.0148514851485148,0.0065861690450054,False,14793,13.357932528964701,3.6687182480079406,True
180,17014,59,215,1579,639,0.0340057636887608,0.0742138364779874,0.2744186046511628,0.0923317683881064,False,17014,9.143401789589886,4.597252915212299,False
181,19492,124,386,2617,1418,0.0430705105939562,0.0738095238095238,0.3212435233160621,0.0874471086036671,True,19492,14.063730331338887,5.296336800280699,True
181,19834,72,386,4521,853,0.0148914167528438,0.0616966580976863,0.1865284974093264,0.0844079718640093,False,19492,14.063730331338887,5.296336800280699,True
182,20157,521,919,4543,551,0.1054442420562639,0.5489989462592202,0.5669205658324266,0.9455535390199638,True,20157,17.450478099042698,4.144628924961849,True
182,20163,196,919,852,402,0.1244444444444444,0.1742222222222222,0.2132752992383025,0.4875621890547263,False,20157,17.450478099042698,4.144628924961849,True
182,19025,81,919,2375,487,0.0252100840336134,0.0611320754716981,0.088139281828074,0.1663244353182751,False,20157,17.450478099042698,4.144628924961849,True
182,20158,65,919,1741,310,0.02504816955684,0.0558419243986254,0.0707290533188248,0.2096774193548387,False,20157,17.450478099042698,4.144628924961849,True
183,20081,270,743,1612,763,0.1294964028776978,0.2184466019417475,0.3633916554508748,0.3538663171690694,True,20081,7.998960192394374,5.156264134829475,False
183,17029,249,743,5634,1031,0.0406331592689295,0.1632786885245901,0.3351278600269179,0.2415130940834141,False,20081,7.998960192394374,5.156264134829475,False
184,18372,311,820,3326,1490,0.0810951760104302,0.1555777888944472,0.3792682926829268,0.2087248322147651,True,18372,6.488119627138269,4.506530808609701,False
184,19424,86,820,1830,1216,0.0335413416536661,0.0441025641025641,0.1048780487804878,0.0707236842105263,False,18372,6.488119627138269,4.506530808609701,False
184,15282,84,820,5390,1277,0.0137120470127326,0.0417287630402384,0.1024390243902439,0.0657791699295223,False,18372,6.488119627138269,4.506530808609701,False
185,19452,326,345,4138,1204,0.0784219388982439,0.2665576451349141,0.944927536231884,0.2707641196013289,True,19452,20.183467265205017,4.008422510517459,True
186,19461,340,426,2411,358,0.1361633960752903,0.7657657657657657,0.7981220657276995,0.9497206703910616,True,19461,14.245490043543361,3.456319494674001,True
186,20393,2,426,326,326,0.0026666666666666,0.0026666666666666,0.0046948356807511,0.0061349693251533,False,19461,14.245490043543361,3.456319494674001,True
187,20405,235,368,1088,541,0.1924651924651924,0.3486646884272997,0.6385869565217391,0.4343807763401109,True,20405,19.51286468563929,5.82008430994126,True
187,20401,49,368,1394,709,0.0286047869235259,0.0476653696498054,0.1331521739130435,0.0691114245416079,False,20405,19.51286468563929,5.82008430994126,True
188,20128,240,383,1321,509,0.1639344262295081,0.3680981595092024,0.6266318537859008,0.4715127701375246,True,20128,14.932752194711814,3.44936436371865,True
189,19524,225,410,704,488,0.2530933633295838,0.3343239227340267,0.5487804878048781,0.4610655737704918,True,19524,19.198870286494547,7.255806537164644,True
189,19036,133,410,2434,764,0.0490593876798229,0.1277617675312199,0.324390243902439,0.1740837696335078,False,19524,19.198870286494547,7.255806537164644,True
189,19865,22,410,1926,783,0.0095073465859982,0.0187873612297181,0.0536585365853658,0.0280970625798212,False,19524,19.198870286494547,7.255806537164644,True
190,17053,391,513,4590,1012,0.0829796264855687,0.3447971781305115,0.7621832358674464,0.3863636363636363,True,17053,17.3330911325303,5.530911211306958,True
190,17740,30,513,2101,397,0.011609907120743,0.034090909090909,0.0584795321637426,0.0755667506297229,False,17053,17.3330911325303,5.530911211306958,True
191,15282,57,510,5390,685,0.0097552627075132,0.0500878734622144,0.1117647058823529,0.0832116788321167,True,20374,16.44208704557885,5.526115777556805,True
191,20374,24,510,500,232,0.024340770791075,0.0334261838440111,0.0470588235294117,0.1034482758620689,False,20374,16.44208704557885,5.526115777556805,True
191,18934,18,510,3195,570,0.0048820179007323,0.0169491525423728,0.0352941176470588,0.031578947368421,False,20374,16.44208704557885,5.526115777556805,True
192,12119,273,712,7521,905,0.0342964824120603,0.203125,0.3834269662921348,0.3016574585635359,True,12119,15.57149389260506,7.1938590670903615,True
192,18434,127,712,2303,603,0.0439750692520775,0.1069023569023569,0.1783707865168539,0.2106135986733001,False,12119,15.57149389260506,7.1938590670903615,True
192,17151,156,712,2271,1400,0.0551821719136894,0.0797546012269938,0.2191011235955056,0.1114285714285714,False,12119,15.57149389260506,7.1938590670903615,True
192,17150,12,712,1071,828,0.0067758328627893,0.0078534031413612,0.0168539325842696,0.0144927536231884,False,12119,15.57149389260506,7.1938590670903615,True
193,18911,357,407,3107,829,0.1130820399113082,0.4061433447098976,0.8771498771498771,0.4306393244873341,True,18911,22.53411012888756,4.358217744817097,True
193,18909,41,407,3976,1202,0.009442653155228,0.0261479591836734,0.1007371007371007,0.0341098169717138,False,18911,22.53411012888756,4.358217744817097,True
194,17731,423,454,4607,541,0.0912031047865459,0.7395104895104895,0.9317180616740088,0.7818853974121996,True,17731,19.72037740308624,4.367515308103853,True
194,18911,12,454,3107,421,0.0033812341504649,0.0139049826187717,0.026431718061674,0.0285035629453681,False,17731,19.72037740308624,4.367515308103853,True
195,19789,123,492,2532,1044,0.0423991726990692,0.0870488322717622,0.25,0.1178160919540229,False,19789,5.545416775423783,4.22997757360035,False
195,16412,22,492,4581,829,0.0043555731538309,0.0169361046959199,0.0447154471544715,0.0265379975874547,False,19789,5.545416775423783,4.22997757360035,False
195,20086,2,492,2433,509,0.0006842285323297,0.002002002002002,0.0040650406504065,0.0039292730844793,False,19789,5.545416775423783,4.22997757360035,False
196,20602,296,698,3572,572,0.0744841469552088,0.3039014373716632,0.4240687679083094,0.5174825174825175,True,20602,8.209360237065642,3.3956496049309175,False
196,19491,71,698,2383,880,0.0235880398671096,0.0471134704711347,0.1017191977077364,0.0806818181818181,False,20602,8.209360237065642,3.3956496049309175,False
197,19846,360,615,1231,941,0.2422611036339165,0.3010033444816054,0.5853658536585366,0.3825717321997874,True,19846,19.061107062288063,5.4888558816137465,True
197,20428,53,615,3500,408,0.0130477597242737,0.0546391752577319,0.0861788617886178,0.1299019607843137,False,19846,19.061107062288063,5.4888558816137465,True
197,19840,49,615,995,558,0.0313901345291479,0.043594306049822,0.0796747967479674,0.0878136200716845,False,19846,19.061107062288063,5.4888558816137465,True
197,20153,23,615,1149,748,0.0132107983917288,0.0171641791044776,0.0373983739837398,0.0307486631016042,False,19846,19.061107062288063,5.4888558816137465,True
198,18341,3,351,2046,350,0.0012531328320802,0.0042979942693409,0.0085470085470085,0.0085714285714285,True,18341,18.511219183741844,4.600021083446265,True
199,19834,326,659,4521,870,0.0671611042439225,0.2709891936824605,0.4946889226100152,0.3747126436781609,True,19834,14.782871783099674,6.12517664930633,True
199,19489,220,659,2416,1045,0.0770577933450087,0.1482479784366576,0.3338391502276176,0.2105263157894736,False,19834,14.782871783099674,6.12517664930633,True
199,20134,3,659,3279,795,0.0007623888182973,0.0020675396278428,0.0045523520485584,0.0037735849056603,False,19834,14.782871783099674,6.12517664930633,True
200,17007,0,24,4559,0,0.0,0.0,0.0,0.0,False,17007,7.652995633188641,3.39327092495519,False
201,18909,450,672,3976,1202,0.1071939018580276,0.3160112359550562,0.6696428571428571,0.3743760399334442,True,18909,13.757553400415466,5.6909675745316735,True
201,17715,201,672,4521,725,0.040264423076923,0.1680602006688963,0.2991071428571428,0.2772413793103448,False,18909,13.757553400415466,5.6909675745316735,True
202,16456,247,399,7093,911,0.0340924775707384,0.2323612417685795,0.6190476190476191,0.2711306256860593,True,16456,14.10996312239193,5.719485464310094,True
202,14793,47,399,5525,798,0.0079972775225455,0.0408695652173913,0.1177944862155388,0.0588972431077694,False,16456,14.10996312239193,5.719485464310094,True
203,15324,381,707,7083,483,0.0514239438520718,0.4709517923362175,0.5388967468175389,0.7888198757763976,True,15324,20.28203092881658,3.7614887542901405,True
203,20147,90,707,5267,769,0.0152957171991842,0.0649350649350649,0.1272984441301273,0.1170351105331599,False,15324,20.28203092881658,3.7614887542901405,True
203,15829,5,707,4552,424,0.0009516558812333,0.0044404973357015,0.007072135785007,0.0117924528301886,False,15324,20.28203092881658,3.7614887542901405,True
204,17728,425,720,3212,1041,0.1211861990305104,0.3181137724550898,0.5902777777777778,0.4082612872238232,True,17728,10.350811414107268,3.5811693644186837,True
204,20086,202,720,2433,509,0.0684513724161301,0.1966893865628043,0.2805555555555555,0.3968565815324165,False,17728,10.350811414107268,3.5811693644186837,True
205,20410,177,376,1817,1007,0.087797619047619,0.1467661691542288,0.4707446808510638,0.1757696127110228,True,20410,12.214205092264429,5.186487556027015,True
205,16453,72,376,5464,1116,0.0124826629680998,0.0507042253521126,0.1914893617021276,0.064516129032258,False,20410,12.214205092264429,5.186487556027015,True
205,19472,1,376,3088,1346,0.0002887669650591,0.0005810575246949,0.0026595744680851,0.00074294205052,False,20410,12.214205092264429,5.186487556027015,True
206,20147,401,572,5267,769,0.0737403457153365,0.426595744680851,0.701048951048951,0.5214564369310793,True,20147,10.765801899937157,6.589058252406396,True
207,20155,418,731,4180,460,0.093033607834409,0.5407503234152652,0.5718194254445964,0.908695652173913,True,20155,17.13827371388823,5.068310965840929,True
207,19025,127,731,2375,487,0.0426317556226921,0.1164069660861594,0.173734610123119,0.2607802874743326,False,20155,17.13827371388823,5.068310965840929,True
207,19847,3,731,2576,515,0.0009079903147699,0.0024135156878519,0.0041039671682626,0.0058252427184466,False,20155,17.13827371388823,5.068310965840929,True
208,19452,121,518,4138,1175,0.0266813671444321,0.076972010178117,0.2335907335907336,0.1029787234042553,False,19452,5.434848264025931,3.7880320101481244,False
209,18421,408,786,2043,966,0.1685254027261462,0.3035714285714285,0.5190839694656488,0.422360248447205,True,18421,13.466482803897774,3.7662282922464043,True
209,16456,20,786,7093,947,0.0025448530347372,0.0116754232340922,0.0254452926208651,0.0211193241816261,False,18421,13.466482803897774,3.7662282922464043,True
210,19489,290,536,2416,541,0.1089406461307287,0.3684879288437103,0.5410447761194029,0.5360443622920518,True,19489,13.112274985271908,5.601284302369407,True
210,19002,183,536,2974,483,0.0550045085662759,0.2188995215311004,0.3414179104477612,0.3788819875776397,False,19489,13.112274985271908,5.601284302369407,True
210,19479,63,536,1409,159,0.0334750265674814,0.0996835443037974,0.1175373134328358,0.3962264150943396,False,19489,13.112274985271908,5.601284302369407,True
211,18400,266,397,4391,654,0.0588235294117647,0.3388535031847133,0.6700251889168766,0.4067278287461773,True,18400,22.578185496851855,4.497063265285051,True
211,19452,66,397,4138,1204,0.0147684045647795,0.0429967426710097,0.1662468513853904,0.0548172757475083,False,18400,22.578185496851855,4.497063265285051,True
211,20393,6,397,326,326,0.00836820083682,0.00836820083682,0.0151133501259445,0.0184049079754601,False,18400,22.578185496851855,4.497063265285051,True
212,20119,82,153,2293,518,0.0346869712351945,0.1392190152801358,0.5359477124183006,0.1583011583011583,True,20119,10.222678769359021,8.114562202109756,True
212,20401,41,153,1394,361,0.0272244355909694,0.0866807610993657,0.2679738562091503,0.113573407202216,False,20119,10.222678769359021,8.114562202109756,True
212,20405,7,153,1088,266,0.0056726094003241,0.0169902912621359,0.0457516339869281,0.0263157894736842,False,20119,10.222678769359021,8.114562202109756,True
213,19491,396,791,2383,1038,0.142548596112311,0.2763433356594557,0.5006321112515802,0.3815028901734104,True,19491,19.550852135314024,3.2949024105514146,True
213,15829,47,791,4552,854,0.0088746223564954,0.0294117647058823,0.0594184576485461,0.0550351288056206,False,19491,19.550852135314024,3.2949024105514146,True
213,15324,7,791,7083,974,0.0008897928053896,0.0039817974971558,0.0088495575221238,0.0071868583162217,False,19491,19.550852135314024,3.2949024105514146,True
214,15741,279,331,3841,376,0.0716670947855124,0.6518691588785047,0.8429003021148036,0.7420212765957447,True,15741,19.702458323021045,4.466595550384422,True
214,18873,24,331,3301,484,0.0066518847006651,0.0303413400758533,0.0725075528700906,0.0495867768595041,False,15741,19.702458323021045,4.466595550384422,True
215,18884,0,662,2383,0,0.0,0.0,0.0,0.0,False,18884,3.579693725707614,2.713064782472314,False
216,19499,575,900,2753,1124,0.186809616634178,0.3968253968253968,0.6388888888888888,0.5115658362989324,True,19499,14.945080490893272,3.530290096733304,True
216,20157,28,900,4543,911,0.0051708217913204,0.0157038698822209,0.0311111111111111,0.0307354555433589,False,19499,14.945080490893272,3.530290096733304,True
216,20152,26,900,3205,873,0.0063741113017896,0.0148826559816828,0.0288888888888888,0.0297823596792668,False,19499,14.945080490893272,3.530290096733304,True
217,19036,0,2,2434,0,0.0,0.0,0.0,0.0,False,19036,8.7428050130141,3.7567793353617143,False
218,18884,334,391,2383,730,0.1368852459016393,0.4243964421855146,0.8542199488491049,0.4575342465753425,True,18884,22.25830349749911,2.2091863122933266,True
219,18336,205,313,2035,217,0.0956602893140457,0.6307692307692307,0.6549520766773163,0.9447004608294932,True,18336,23.85390201244134,3.9167345333003123,True
220,20394,250,456,2026,438,0.1120071684587813,0.3881987577639751,0.5482456140350878,0.5707762557077626,True,20394,14.954712739276903,4.919948163321112,True
220,20401,59,456,1394,339,0.0329424902289223,0.0801630434782608,0.1293859649122807,0.1740412979351032,False,20394,14.954712739276903,4.919948163321112,True
221,16454,324,817,6343,760,0.0473961380924517,0.2585794094173982,0.3965728274173806,0.4263157894736842,True,16454,14.126005625439287,6.946642270690309,True
221,17150,216,817,1071,270,0.1291866028708134,0.2479908151549942,0.2643818849449204,0.8,False,16454,14.126005625439287,6.946642270690309,True
221,17154,96,817,2279,841,0.032,0.0614596670934699,0.1175030599755202,0.1141498216409036,False,16454,14.126005625439287,6.946642270690309,True
221,18434,4,817,2303,837,0.0012836970474967,0.0024242424242424,0.0048959608323133,0.004778972520908,False,16454,14.126005625439287,6.946642270690309,True
222,20152,503,843,3205,1115,0.1418899858956276,0.3457044673539519,0.5966785290628707,0.4511210762331838,True,20152,18.561614243989215,3.837548995690431,True
222,19013,103,843,2078,291,0.0365507452093683,0.0999030067895247,0.1221826809015421,0.3539518900343643,False,20152,18.561614243989215,3.837548995690431,True
222,19025,34,843,2375,847,0.0106783919597989,0.0205314009661835,0.0403321470937129,0.0401416765053128,False,20152,18.561614243989215,3.837548995690431,True
222,20155,16,843,4180,958,0.0031955262632314,0.0089635854341736,0.0189798339264531,0.0167014613778705,False,20152,18.561614243989215,3.837548995690431,True
222,20157,2,843,4543,1209,0.00037147102526,0.0009756097560975,0.0023724792408066,0.0016542597187758,False,20152,18.561614243989215,3.837548995690431,True
223,18865,67,300,4315,731,0.0147317502198768,0.0695020746887966,0.2233333333333333,0.0916552667578659,True,18865,23.059646384302027,2.91903098766522,True
224,19365,206,248,928,741,0.2123711340206185,0.2630906768837803,0.8306451612903226,0.2780026990553306,True,19365,25.489051981620456,6.033358571745963,True
224,18873,20,248,3301,1527,0.0056673278549164,0.0113960113960113,0.0806451612903225,0.0130975769482645,False,19365,25.489051981620456,6.033358571745963,True
225,19002,240,481,2974,986,0.0746500777604976,0.19559902200489,0.498960498960499,0.2434077079107505,False,19002,14.80824824787871,3.708584507013287,True
226,18873,370,378,3301,1496,0.1118162586884255,0.2460106382978723,0.9788359788359788,0.2473262032085561,True,18873,25.350304821810088,6.8929155227792345,True
226,15741,5,378,3841,961,0.0011865211200759,0.0037481259370314,0.0132275132275132,0.0052029136316337,False,18873,25.350304821810088,6.8929155227792345,True
226,19365,3,378,928,650,0.0023023791250959,0.0029268292682926,0.0079365079365079,0.0046153846153846,False,18873,25.350304821810088,6.8929155227792345,True
227,19409,234,297,2732,636,0.0837209302325581,0.334763948497854,0.7878787878787878,0.3679245283018867,True,19409,11.589686044503761,3.534064516991219,True
228,20393,144,640,326,326,0.1751824817518248,0.1751824817518248,0.225,0.4417177914110429,True,18399,13.378249555446015,4.703745931763044,True
228,20394,87,640,2026,438,0.0337340054284606,0.0877901109989909,0.1359375,0.1986301369863013,False,18399,13.378249555446015,4.703745931763044,True
228,18952,3,640,1918,277,0.0011741682974559,0.0032822757111597,0.0046875,0.0108303249097472,False,18399,13.378249555446015,4.703745931763044,True
229,19847,510,812,2576,1016,0.1772063933287004,0.3869499241274658,0.6280788177339901,0.5019685039370079,True,19847,19.978784462819615,4.703886936377164,True
229,20155,14,812,4180,958,0.0028123744475693,0.0079726651480637,0.0172413793103448,0.0146137787056367,False,19847,19.978784462819615,4.703886936377164,True
230,17699,536,608,4460,1027,0.1182700794351279,0.4877161055505004,0.881578947368421,0.5219084712755598,True,17699,21.98069355197298,6.243664229242299,True
230,20361,1,608,572,293,0.0008481764206955,0.0011111111111111,0.0016447368421052,0.0034129692832764,False,17699,21.98069355197298,6.243664229242299,True
231,17041,0,378,2654,0,0.0,0.0,0.0,0.0,False,17041,4.938359217725711,4.209748999943586,False
232,19434,440,687,3740,2070,0.110358665663406,0.1899007337073802,0.6404657933042213,0.2125603864734299,True,19434,15.471995689898316,7.575871368222719,True
232,20386,139,687,711,484,0.1104050833995234,0.1346899224806201,0.2023289665211062,0.2871900826446281,False,19434,15.471995689898316,7.575871368222719,True
232,18945,38,687,3483,2310,0.0091965150048402,0.0128421764109496,0.0553129548762736,0.0164502164502164,False,19434,15.471995689898316,7.575871368222719,True
233,19462,415,648,1761,879,0.208124373119358,0.3732014388489209,0.6404320987654321,0.472127417519909,True,19462,14.965727627317536,6.75948369458491,True
233,20127,80,648,2249,331,0.0283990060347887,0.0889877641824249,0.1234567901234567,0.2416918429003021,False,19462,14.965727627317536,6.75948369458491,True
233,20398,14,648,1911,302,0.0055009823182711,0.0149572649572649,0.0216049382716049,0.0463576158940397,False,19462,14.965727627317536,6.75948369458491,True
234,17793,171,389,3808,803,0.0424739195230998,0.167482859941234,0.4395886889460154,0.2129514321295143,True,17793,16.1505452739258,5.061288916969111,True
234,19840,54,389,995,558,0.0406015037593985,0.0604703247480403,0.1388174807197943,0.0967741935483871,False,17793,16.1505452739258,5.061288916969111,True
234,20142,13,389,1666,662,0.0063663075416258,0.01252408477842,0.0334190231362467,0.0196374622356495,False,17793,16.1505452739258,5.061288916969111,True
235,19840,154,260,995,558,0.139872842870118,0.2319277108433735,0.5923076923076923,0.2759856630824372,True,19840,15.979280730511597,5.214670609811608,True
236,18919,90,528,1407,328,0.048780487804878,0.1174934725848564,0.1704545454545454,0.274390243902439,True,18356,20.82555721524664,4.015732790401654,True
236,18356,234,528,3253,1738,0.0659712433042007,0.1151574803149606,0.4431818181818182,0.1346375143843498,False,18356,20.82555721524664,4.015732790401654,True
237,17131,448,622,5818,938,0.0747663551401869,0.4028776978417266,0.7202572347266881,0.4776119402985074,True,17131,19.701561776003583,7.259468884755823,True
237,17121,13,622,2360,1039,0.0043785786460087,0.0078883495145631,0.0209003215434083,0.012512030798845,False,17131,19.701561776003583,7.259468884755823,True
238,20143,372,786,3798,878,0.0883190883190883,0.2879256965944272,0.4732824427480916,0.4236902050113895,True,15829,12.07786724105615,7.060547466107902,True
238,15829,234,786,4552,854,0.045846394984326,0.166429587482219,0.2977099236641221,0.2740046838407494,False,15829,12.07786724105615,7.060547466107902,True
238,20147,16,786,5267,1410,0.0026503230081166,0.0073394495412844,0.0203562340966921,0.0113475177304964,False,15829,12.07786724105615,7.060547466107902,True
239,18982,294,445,2025,735,0.135110294117647,0.3318284424379232,0.6606741573033708,0.4,True,18982,14.064483969335484,5.437525897235225,True
239,19460,61,445,2360,769,0.0222303206997084,0.0529054640069384,0.1370786516853932,0.0793237971391417,False,18982,14.064483969335484,5.437525897235225,True
239,16456,1,445,7093,787,0.0001326787846623,0.000812347684809,0.0022471910112359,0.0012706480304955,False,18982,14.064483969335484,5.437525897235225,True
240,14207,387,829,5626,1574,0.0637771918259723,0.1919642857142857,0.4668275030156815,0.2458703939008894,True,20126,13.834257205580055,9.91678878737981,True
240,19467,239,829,924,924,0.1578599735799207,0.1578599735799207,0.2882991556091677,0.2586580086580086,False,20126,13.834257205580055,9.91678878737981,True
240,17121,12,829,2360,554,0.0037771482530689,0.0087527352297593,0.0144752714113389,0.0216606498194945,False,20126,13.834257205580055,9.91678878737981,True
240,19814,10,829,2122,621,0.0034002040122407,0.0069444444444444,0.0120627261761158,0.0161030595813204,False,20126,13.834257205580055,9.91678878737981,True
241,20134,385,472,3279,795,0.1143790849673202,0.4365079365079365,0.815677966101695,0.4842767295597484,True,20134,18.860642968342756,4.377693911364128,True
241,19479,40,472,1409,553,0.0217273221075502,0.0406091370558375,0.0847457627118644,0.0723327305605786,False,20134,18.860642968342756,4.377693911364128,True
241,18990,21,472,2377,900,0.0074257425742574,0.0155440414507772,0.0444915254237288,0.0233333333333333,False,20134,18.860642968342756,4.377693911364128,True
242,19776,527,747,2633,1113,0.1847178408692604,0.3953488372093023,0.7054886211512718,0.4734950584007187,True,19776,19.869115859779583,6.413012540898167,True
242,20086,123,747,2433,1078,0.0402355250245338,0.072267920094007,0.1646586345381526,0.1141001855287569,False,19776,19.869115859779583,6.413012540898167,True
243,18906,71,472,3463,879,0.0183747412008281,0.05546875,0.1504237288135593,0.080773606370876,False,18906,6.568045338582472,3.5079019253922676,False
243,20086,2,472,2433,1078,0.0006889424733034,0.0012919896640826,0.0042372881355932,0.0018552875695732,False,18906,6.568045338582472,3.5079019253922676,False
244,19803,428,631,2992,1709,0.1339593114241001,0.2238493723849372,0.6782884310618067,0.2504388531304856,True,19803,19.503449534738383,6.357418914492031,True
244,20386,62,631,711,484,0.0484375,0.0588793922127255,0.098256735340729,0.128099173553719,False,19803,19.503449534738383,6.357418914492031,True
244,19434,3,631,3740,2070,0.0006868131868131,0.0011119347664936,0.0047543581616481,0.0014492753623188,False,19803,19.503449534738383,6.357418914492031,True
245,18397,218,507,2693,380,0.0731052984574111,0.3258594917787742,0.4299802761341222,0.5736842105263158,True,18397,10.165989900251112,4.052288725086567,True
245,20119,130,507,2293,983,0.048689138576779,0.0955882352941176,0.2564102564102564,0.1322482197355035,False,18397,10.165989900251112,4.052288725086567,True
246,20398,207,512,1911,602,0.0934115523465703,0.2282249173098125,0.404296875,0.3438538205980066,True,20398,12.300491030759952,6.178126227925681,True
246,20403,141,512,1214,450,0.0889589905362776,0.171741778319123,0.275390625,0.3133333333333333,False,20398,12.300491030759952,6.178126227925681,True
246,19462,12,512,1761,434,0.0053073861123396,0.012847965738758,0.0234375,0.0276497695852534,False,20398,12.300491030759952,6.178126227925681,True
247,20413,375,815,4031,677,0.0838738537239991,0.3357206803939123,0.4601226993865031,0.5539143279172821,True,20413,10.168306617585863,4.3556650021138426,True
247,19479,86,815,1409,553,0.0402245088868101,0.0670826833073322,0.105521472392638,0.1555153707052441,False,20413,10.168306617585863,4.3556650021138426,True
247,20134,28,815,3279,795,0.0068863748155435,0.0176991150442477,0.0343558282208589,0.0352201257861635,False,20413,10.168306617585863,4.3556650021138426,True
247,19002,9,815,2974,986,0.0023809523809523,0.0050223214285714,0.011042944785276,0.0091277890466531,False,20413,10.168306617585863,4.3556650021138426,True
248,18989,45,393,5739,655,0.0073928043371118,0.0448654037886341,0.1145038167938931,0.0687022900763358,False,18989,3.7825896475042717,3.5704912114503444,False
248,19491,3,393,2383,527,0.0010818608005769,0.0032715376226826,0.0076335877862595,0.0056925996204933,False,18989,3.7825896475042717,3.5704912114503444,False
248,19475,2,393,2443,504,0.0007057163020465,0.0022346368715083,0.005089058524173,0.0039682539682539,False,18989,3.7825896475042717,3.5704912114503444,False
249,16996,98,293,2459,674,0.0369253956292388,0.1127733026467203,0.3344709897610921,0.14540059347181,True,16996,8.081208703361117,5.496315814013066,False
249,19358,25,293,2613,473,0.0086775425199583,0.0337381916329284,0.0853242320819112,0.0528541226215644,False,16996,8.081208703361117,5.496315814013066,False
249,18873,38,293,3301,983,0.0106861642294713,0.0306946688206785,0.1296928327645051,0.0386571719226856,False,16996,8.081208703361117,5.496315814013066,False
250,19391,302,392,1858,313,0.1550308008213552,0.749379652605459,0.7704081632653061,0.9648562300319488,True,19391,20.534438188359662,5.448552093787482,True
250,17027,13,392,4241,417,0.0028138528138528,0.0163316582914572,0.0331632653061224,0.0311750599520383,False,19391,20.534438188359662,5.448552093787482,True
251,19509,207,444,1418,797,0.1250755287009063,0.2001934235976789,0.4662162162162162,0.2597239648682559,True,19509,9.302734673992926,8.100472280727155,False
252,18297,389,451,4308,2182,0.0890160183066361,0.1733511586452762,0.8625277161862528,0.1782768102658112,True,18297,21.376679764154726,4.610641697400299,True
252,18858,50,451,2900,1479,0.0151469251741896,0.026595744680851,0.1108647450110864,0.0338066260987153,False,18297,21.376679764154726,4.610641697400299,True
252,19365,4,451,928,511,0.0029090909090909,0.0041753653444676,0.0088691796008869,0.0078277886497064,False,18297,21.376679764154726,4.610641697400299,True
253,18878,503,599,4254,1029,0.1156321839080459,0.4471111111111111,0.8397328881469115,0.488824101068999,True,18878,21.612267536334944,5.157699512755583,True
253,17686,32,599,2290,730,0.0112005600280014,0.0246723207401696,0.0534223706176961,0.0438356164383561,False,18878,21.612267536334944,5.157699512755583,True
254,18881,375,407,2447,860,0.1512706736587333,0.4204035874439462,0.9213759213759214,0.436046511627907,True,18881,22.096943011499047,5.01434134875014,True
254,18878,19,407,4254,1093,0.0040930633347694,0.012829169480081,0.0466830466830466,0.0173833485818847,False,18881,22.096943011499047,5.01434134875014,True
254,17686,2,407,2290,599,0.0007421150278293,0.0019920318725099,0.0049140049140049,0.003338898163606,False,18881,22.096943011499047,5.01434134875014,True
255,18330,472,543,3240,1025,0.1425551192993053,0.4306569343065693,0.8692449355432781,0.4604878048780488,True,18330,21.626307350366215,3.124057827342565,True
255,18313,3,543,4335,1103,0.0006153846153846,0.0018259281801582,0.005524861878453,0.0027198549410698,False,18330,21.626307350366215,3.124057827342565,True
256,17027,381,512,4241,792,0.0871454711802378,0.4127843986998916,0.744140625,0.4810606060606061,True,17027,26.32927686051811,5.159943733901339,True
256,16376,22,512,5591,1186,0.0036178260154579,0.013126491646778,0.04296875,0.0185497470489038,False,17027,26.32927686051811,5.159943733901339,True
257,17121,246,504,2360,554,0.093964858670741,0.3029556650246305,0.4880952380952381,0.4440433212996389,True,17121,18.29710184540119,5.194794330550169,True
257,17131,5,504,5818,687,0.0007915149596327,0.0042158516020236,0.0099206349206349,0.007278020378457,False,17121,18.29710184540119,5.194794330550169,True
257,19467,5,504,924,924,0.0035137034434293,0.0035137034434293,0.0099206349206349,0.0054112554112554,False,17121,18.29710184540119,5.194794330550169,True
258,19013,173,487,2078,291,0.072324414715719,0.2859504132231405,0.3552361396303901,0.5945017182130584,True,20598,14.563789221605168,4.13387390240288,True
258,20598,111,487,3288,546,0.0302947598253275,0.1203904555314533,0.2279260780287474,0.2032967032967033,False,20598,14.563789221605168,4.13387390240288,True
259,20073,101,324,411,263,0.1593059936908517,0.2078189300411522,0.3117283950617284,0.3840304182509506,True,20073,12.483217971703095,7.870903239366641,True
260,18333,623,809,5177,1315,0.1161663248181987,0.4150566289140573,0.7700865265760197,0.4737642585551331,True,18333,25.72955293400309,4.292265938593769,True
260,18327,55,809,3636,869,0.0125284738041002,0.0338878619839802,0.0679851668726823,0.0632911392405063,False,18333,25.72955293400309,4.292265938593769,True
261,18906,337,372,3463,1321,0.0963407661520869,0.2485250737463127,0.9059139784946236,0.2551097653292959,True,18906,17.704511691463725,2.5065148418606524,True
262,18945,429,437,3483,2310,0.1228874248066456,0.1850733390854184,0.9816933638443937,0.1857142857142857,True,18945,19.560601169924706,3.8240914859141935,True
263,17085,256,710,4096,793,0.0562637362637362,0.2052927024859663,0.3605633802816901,0.3228247162673392,True,17085,13.450390730524722,8.544760376207247,True
263,18952,227,710,1918,702,0.0945439400249895,0.1915611814345991,0.3197183098591549,0.3233618233618233,False,17085,13.450390730524722,8.544760376207247,True
263,20393,4,710,326,326,0.003875968992248,0.003875968992248,0.0056338028169014,0.0122699386503067,False,17085,13.450390730524722,8.544760376207247,True
264,20144,486,793,3666,486,0.1223256984646363,0.6128625472887768,0.6128625472887768,1.0,True,20144,18.335296394587143,3.182988110508541,True
265,16359,0,294,1946,0,0.0,0.0,0.0,0.0,False,16359,13.5927227493149,5.0299874299629765,True
266,18990,321,432,2377,930,0.1290192926045016,0.30835734870317,0.7430555555555556,0.3451612903225806,True,18990,12.916897611484819,3.647485650705679,True
266,20134,4,432,3279,285,0.0010790396547073,0.005610098176718,0.0092592592592592,0.0140350877192982,False,18990,12.916897611484819,3.647485650705679,True
267,20423,797,854,4397,1809,0.1789402784014369,0.4271168274383708,0.9332552693208432,0.4405749032614704,True,20423,21.590892939815113,3.819855434808614,True
268,19460,315,391,2360,769,0.1293103448275862,0.3727810650887574,0.8056265984654731,0.4096228868660598,True,19460,15.104399270005043,4.104760305910076,True
269,20142,278,326,1666,331,0.1621936989498249,0.7335092348284961,0.852760736196319,0.8398791540785498,True,20142,19.762880262714305,4.634360288217282,True
270,18865,0,25,4315,0,0.0,0.0,0.0,0.0,False,18865,4.575986006340839,3.722049008603143,False
271,19422,218,335,1997,1441,0.1031220435193945,0.1399229781771502,0.6507462686567164,0.1512838306731436,True,19422,8.141046490076459,4.200339251469585,False
272,18958,395,516,3187,928,0.1194074969770253,0.3765490943755958,0.7655038759689923,0.4256465517241379,True,18958,17.77871599646746,4.753461034675184,True
273,20420,380,755,3004,901,0.1124593074874223,0.2978056426332288,0.5033112582781457,0.4217536071032186,True,20420,14.423491067957755,3.5693199771830093,True
273,20598,1,755,3288,546,0.0002474022761009,0.0007692307692307,0.0013245033112582,0.0018315018315018,False,20420,14.423491067957755,3.5693199771830093,True
274,19358,180,301,2613,707,0.0658376005852231,0.217391304347826,0.5980066445182725,0.2545968882602546,True,19358,21.935559486826712,5.909967240447458,True
274,17676,90,301,2296,618,0.0358994814519345,0.1085645355850422,0.2990033222591362,0.145631067961165,False,19358,21.935559486826712,5.909967240447458,True
274,16996,31,301,2459,269,0.0113594723341883,0.0575139146567718,0.1029900332225913,0.1152416356877323,False,19358,21.935559486826712,5.909967240447458,True
275,20137,342,352,2093,420,0.1626248216833095,0.7953488372093023,0.9715909090909092,0.8142857142857143,True,20137,17.848882249488756,4.653240605484674,True
275,20135,3,352,3518,898,0.0007757951900698,0.0024057738572574,0.0085227272727272,0.0033407572383073,False,20137,17.848882249488756,4.653240605484674,True
276,18858,184,385,2900,1005,0.0593356981618832,0.1525704809286898,0.4779220779220779,0.1830845771144278,True,18858,26.851995945616352,4.323708803535845,True
276,18297,177,385,4308,1727,0.0391939769707705,0.0914728682170542,0.4597402597402597,0.102489866821077,False,18858,26.851995945616352,4.323708803535845,True
277,19809,395,395,2955,1023,0.1336717428087986,0.386119257086999,1.0,0.386119257086999,True,19809,19.71024150854616,3.429938087469268,True
278,16445,544,605,6363,1743,0.0846824408468244,0.3015521064301552,0.8991735537190083,0.3121055651176133,True,16445,21.057903883656596,3.480937340783843,True
279,20135,332,445,3518,898,0.0914348664279812,0.3283877349159248,0.7460674157303371,0.3697104677060133,False,20594,17.341163803979683,5.134359863924382,True
279,20142,33,445,1666,331,0.0158806544754571,0.044414535666218,0.0741573033707865,0.0996978851963746,False,20594,17.341163803979683,5.134359863924382,True
279,20137,24,445,2093,420,0.0095465393794749,0.0285374554102259,0.0539325842696629,0.0571428571428571,False,20594,17.341163803979683,5.134359863924382,True
280,18989,564,1033,5739,1306,0.0908505154639175,0.3177464788732394,0.5459825750242013,0.4318529862174579,True,18989,12.662613419656944,4.764842520286235,True
280,19475,236,1033,2443,994,0.0728395061728395,0.1317699609156895,0.228460793804453,0.2374245472837022,False,18989,12.662613419656944,4.764842520286235,True
281,20596,350,591,1984,421,0.1573033707865168,0.5287009063444109,0.5922165820642978,0.831353919239905,True,20596,14.961363161256314,6.702955852931143,True
281,20598,120,591,3288,546,0.0319233838786911,0.1179941002949852,0.2030456852791878,0.2197802197802197,False,20596,14.961363161256314,6.702955852931143,True
282,19362,577,690,3106,602,0.1792482137309723,0.806993006993007,0.836231884057971,0.9584717607973422,True,19756,20.487145137181635,8.66547419178926,True
283,18327,247,330,3636,425,0.0664157031460069,0.4862204724409449,0.7484848484848485,0.5811764705882353,True,18327,13.796775057465034,5.504913158327324,True
283,19377,21,330,1347,299,0.0126811594202898,0.0345394736842105,0.0636363636363636,0.0702341137123745,False,18327,13.796775057465034,5.504913158327324,True
284,16376,268,879,5591,1186,0.0432118671396323,0.1491374513077351,0.3048919226393629,0.2259696458684654,True,16376,7.104972448181717,3.613877527975042,False
284,19776,7,879,2633,1113,0.0019971469329529,0.0035264483627204,0.0079635949943117,0.0062893081761006,False,16376,7.104972448181717,3.613877527975042,False
286,18905,103,312,2524,435,0.0376875228686425,0.1599378881987577,0.3301282051282051,0.2367816091954023,True,18905,18.32490175819105,4.255279382776173,True
286,18356,1,312,3253,645,0.0002805836139169,0.0010460251046025,0.0032051282051282,0.0015503875968992,False,18905,18.32490175819105,4.255279382776173,True
287,19443,346,479,2622,734,0.125589836660617,0.3990772779700115,0.7223382045929019,0.4713896457765668,True,19443,21.240157688135113,3.5923629056158717,True
288,19814,407,519,2122,861,0.1821844225604297,0.4182939362795478,0.7842003853564548,0.4727061556329849,True,19814,17.867462859720444,3.712568451442292,True
288,20107,16,519,3351,1034,0.0041515308770108,0.0104098893949251,0.0308285163776493,0.0154738878143133,False,19814,17.867462859720444,3.712568451442292,True
289,20062,136,189,748,410,0.1697877652933832,0.2937365010799136,0.7195767195767195,0.3317073170731707,True,20062,23.25310034697779,6.955685061044307,True
289,17676,43,189,2296,772,0.0176085176085176,0.0468409586056644,0.2275132275132275,0.0556994818652849,False,20062,23.25310034697779,6.955685061044307,True
290,17676,82,195,2296,618,0.0340390203403902,0.1121751025991792,0.4205128205128205,0.1326860841423948,True,17676,9.488809938443016,6.1091268477387715,True
290,19358,14,195,2613,707,0.0050107372942018,0.0157657657657657,0.0717948717948717,0.0198019801980198,False,17676,9.488809938443016,6.1091268477387715,True
290,16352,5,195,4227,704,0.0011319900384876,0.0055928411633109,0.0256410256410256,0.0071022727272727,False,17676,9.488809938443016,6.1091268477387715,True
291,20103,195,247,1076,531,0.1728723404255319,0.3344768439108062,0.7894736842105263,0.3672316384180791,True,20103,14.708055851793844,5.901734509291937,True
291,18958,17,247,3187,928,0.0049751243781094,0.0146804835924006,0.068825910931174,0.0183189655172413,False,20103,14.708055851793844,5.901734509291937,True
292,19449,196,426,1495,557,0.1136231884057971,0.2490470139771283,0.460093896713615,0.3518850987432675,True,19449,11.429413092889336,3.4206651251384805,True
293,17686,181,311,2290,599,0.074793388429752,0.2482853223593964,0.5819935691318328,0.3021702838063439,True,17686,11.734339773709669,4.4911292298838905,True
293,18881,18,311,2447,860,0.0065693430656934,0.01561144839549,0.0578778135048231,0.0209302325581395,False,17686,11.734339773709669,4.4911292298838905,True
294,18858,0,104,2900,0,0.0,0.0,0.0,0.0,False,18858,4.703203548836187,2.663652864625039,False
295,20060,159,258,331,331,0.3697674418604651,0.3697674418604651,0.6162790697674418,0.4803625377643504,True,20060,23.18158962114929,11.634639307024209,True
295,20062,37,258,748,748,0.0381836945304437,0.0381836945304437,0.1434108527131783,0.0494652406417112,False,20060,23.18158962114929,11.634639307024209,True
295,16975,26,258,4762,1361,0.0052062474969963,0.0163214061519146,0.1007751937984496,0.0191036002939015,False,20060,23.18158962114929,11.634639307024209,True
296,18313,475,512,4335,1075,0.1086459286367795,0.427158273381295,0.927734375,0.4418604651162791,True,18313,25.397840481739266,4.425408267547094,True
296,18871,18,512,2554,782,0.0059055118110236,0.0141065830721003,0.03515625,0.0230179028132992,False,18313,25.397840481739266,4.425408267547094,True
297,19377,256,285,1347,299,0.1860465116279069,0.7804878048780488,0.8982456140350877,0.8561872909698997,True,19377,27.13999052785045,5.365444784439119,True
297,18313,7,285,4335,556,0.0015174506828528,0.0083932853717026,0.0245614035087719,0.0125899280575539,False,19377,27.13999052785045,5.365444784439119,True
297,18327,4,285,3636,425,0.0010211896859841,0.0056657223796034,0.0140350877192982,0.0094117647058823,False,19377,27.13999052785045,5.365444784439119,True
297,18875,1,285,2392,276,0.0003736920777279,0.0017857142857142,0.0035087719298245,0.0036231884057971,False,19377,27.13999052785045,5.365444784439119,True
298,16448,480,534,4278,511,0.1108033240997229,0.8495575221238938,0.898876404494382,0.9393346379647748,True,16448,16.02114794952518,3.2159993842903503,True
298,20413,2,534,4031,677,0.0004383081306158,0.0016542597187758,0.0037453183520599,0.0029542097488921,False,16448,16.02114794952518,3.2159993842903503,True
299,17155,426,509,6245,884,0.0673198482932996,0.4405377456049638,0.8369351669941061,0.4819004524886878,True,17155,22.586002528995202,3.525009611673694,True
299,20139,9,509,3100,1079,0.0025,0.0056998100063331,0.0176817288801571,0.0083410565338276,False,17155,22.586002528995202,3.525009611673694,True
300,16376,164,399,5591,1186,0.0281496738757294,0.1154116819141449,0.4110275689223057,0.1382799325463743,False,16376,7.3110185337259015,3.4221209279306537,False
301,17717,0,767,5095,0,0.0,0.0,0.0,0.0,False,17717,22.477936162540352,4.4451714641192455,True
302,19417,370,497,2303,1856,0.1522633744855967,0.1865859808371154,0.744466800804829,0.199353448275862,True,19417,22.217787758328278,4.992024083614577,True
302,17052,52,497,4869,2780,0.0097854723372224,0.0161240310077519,0.1046277665995975,0.018705035971223,False,19417,22.217787758328278,4.992024083614577,True
302,19422,19,497,1997,1997,0.0076767676767676,0.0076767676767676,0.0382293762575452,0.0095142714071106,False,19417,22.217787758328278,4.992024083614577,True
302,18924,13,497,2724,2125,0.0040523690773067,0.0049827520122652,0.0261569416498993,0.0061176470588235,False,19417,22.217787758328278,4.992024083614577,True
303,20135,359,383,3518,898,0.1013551665725578,0.3893709327548807,0.93733681462141,0.3997772828507795,True,20135,13.871628163636837,5.321708698141881,True
303,20137,11,383,2093,420,0.0044624746450304,0.0138888888888888,0.0287206266318537,0.0261904761904761,False,20135,13.871628163636837,5.321708698141881,True
304,20111,400,718,3812,1078,0.0968523002421307,0.2865329512893982,0.5571030640668524,0.3710575139146567,True,20111,13.48709020109646,3.016931352356729,True
304,16445,9,718,6363,1718,0.0012726244343891,0.003708281829419,0.0125348189415041,0.0052386495925494,False,20111,13.48709020109646,3.016931352356729,True
305,18997,615,1180,5364,1288,0.103727441389779,0.3318942255801403,0.5211864406779662,0.4774844720496894,True,18997,20.270324490250253,4.354879699999401,True
305,20591,163,1180,2311,529,0.0489783653846153,0.1054333764553687,0.1381355932203389,0.3081285444234404,False,18997,20.270324490250253,4.354879699999401,True
305,20596,42,1180,1984,421,0.0134529147982062,0.0269403463758819,0.035593220338983,0.0997624703087886,False,18997,20.270324490250253,4.354879699999401,True
305,20420,28,1180,3004,901,0.0067372473532242,0.0136385776911836,0.023728813559322,0.0310765815760266,False,18997,20.270324490250253,4.354879699999401,True
306,16418,524,749,5843,956,0.086354647330257,0.4436917866215072,0.6995994659546061,0.5481171548117155,True,16418,19.474878452602812,5.4935619542008585,True
306,20103,104,749,1076,699,0.0604299825682742,0.0773809523809523,0.1388518024032042,0.1487839771101573,False,16418,19.474878452602812,5.4935619542008585,True
306,18940,12,749,2838,452,0.0033566433566433,0.0100925147182506,0.0160213618157543,0.0265486725663716,False,16418,19.474878452602812,5.4935619542008585,True
307,19838,292,365,3081,924,0.092580849714648,0.2928786359077232,0.8,0.316017316017316,True,19838,15.977913017536936,3.9198816301688924,True
308,16352,320,342,4227,772,0.0753118380795481,0.4030226700251889,0.935672514619883,0.4145077720207253,True,16352,19.49403170345534,5.806403410264867,True
308,17676,15,342,2296,379,0.0057186427754479,0.0212464589235127,0.043859649122807,0.0395778364116095,False,16352,19.49403170345534,5.806403410264867,True
309,17060,110,454,2904,680,0.0338669950738916,0.107421875,0.2422907488986784,0.1617647058823529,True,17060,22.575795487547317,5.275679640790331,True
309,19422,94,454,1997,1550,0.0398812049215103,0.0492146596858638,0.2070484581497797,0.0606451612903225,False,17060,22.575795487547317,5.275679640790331,True
309,17052,83,454,4869,1795,0.0158396946564885,0.0383194829178208,0.1828193832599119,0.0462395543175487,False,17060,22.575795487547317,5.275679640790331,True
309,19417,3,454,2303,1108,0.0010893246187363,0.0019243104554201,0.0066079295154185,0.0027075812274368,False,17060,22.575795487547317,5.275679640790331,True
310,19747,238,476,1022,478,0.1888888888888888,0.3324022346368715,0.5,0.497907949790795,True,19747,18.795364474338452,4.23511990840079,True
310,17686,16,476,2290,599,0.0058181818181818,0.0151085930122757,0.0336134453781512,0.026711185308848,False,19747,18.795364474338452,4.23511990840079,True
311,18871,361,433,2554,782,0.1374714394516374,0.4227166276346604,0.8337182448036952,0.4616368286445013,True,18871,25.99062230494907,3.812831622852959,True
312,18875,284,346,2392,606,0.1157294213528932,0.4251497005988024,0.8208092485549133,0.4686468646864686,True,18875,26.798290362909736,5.467099547937122,True
312,19377,19,346,1347,569,0.0113500597371565,0.0212053571428571,0.0549132947976878,0.0333919156414762,False,18875,26.798290362909736,5.467099547937122,True
312,18313,26,346,4335,1075,0.0055853920515574,0.0186379928315412,0.0751445086705202,0.0241860465116279,False,18875,26.798290362909736,5.467099547937122,True
313,18946,289,442,2847,517,0.0963333333333333,0.4313432835820895,0.6538461538461539,0.5589941972920697,True,18946,14.034740161474149,4.1505838483282975,True
313,18939,5,442,2793,850,0.001547987616099,0.0038850038850038,0.0113122171945701,0.0058823529411764,False,18946,14.034740161474149,4.1505838483282975,True
314,20107,463,701,3351,528,0.1290052939537475,0.6044386422976501,0.6604850213980028,0.8768939393939394,True,20107,14.45867557302654,3.1051967940341028,True
314,18957,127,701,1998,285,0.0493779160186625,0.1478463329452852,0.181169757489301,0.4456140350877193,False,20107,14.45867557302654,3.1051967940341028,True
315,18940,306,505,2838,452,0.1007573263088574,0.4700460829493088,0.6059405940594059,0.6769911504424779,True,18940,18.87166700543635,5.077329171335425,True
315,19421,8,505,2526,702,0.0026463777704267,0.006672226855713,0.0158415841584158,0.0113960113960113,False,18940,18.87166700543635,5.077329171335425,True
316,19466,693,846,4987,1618,0.1348249027237354,0.391304347826087,0.8191489361702128,0.4283065512978986,True,19466,16.401250252344525,2.8447585996226934,True
316,20135,23,846,3518,1368,0.0052983183598249,0.0104974897307165,0.0271867612293144,0.016812865497076,False,19466,16.401250252344525,2.8447585996226934,True
317,14644,0,37,5983,0,0.0,0.0,0.0,0.0,False,14644,5.3449038580595705,3.47503610755639,False
318,16975,299,390,4762,1484,0.0616113744075829,0.1898412698412698,0.7666666666666667,0.2014824797843665,True,16975,18.866683489000202,4.361277103634805,True
318,13580,36,390,8096,2006,0.0042603550295857,0.0152542372881355,0.0923076923076923,0.0179461615154536,False,16975,18.866683489000202,4.361277103634805,True
319,19421,330,431,2526,702,0.1256185763228016,0.410958904109589,0.765661252900232,0.4700854700854701,True,19421,23.373250229766523,5.556114255612485,True
319,18940,1,431,2838,452,0.0003059975520195,0.0011337868480725,0.0023201856148491,0.0022123893805309,False,19421,23.373250229766523,5.556114255612485,True
320,19801,305,394,2203,794,0.1330715532286213,0.3454133635334088,0.7741116751269036,0.3841309823677581,True,19801,22.03058746664658,3.835160656652651,True
320,19443,7,394,2622,734,0.0023263542705217,0.0062444246208742,0.0177664974619289,0.0095367847411444,False,19801,22.03058746664658,3.835160656652651,True
321,18973,373,475,3933,472,0.0924411400247831,0.6498257839721254,0.7852631578947369,0.7902542372881356,True,18973,19.107196870289936,2.9281282920873224,True
322,20121,539,679,4156,599,0.1254655493482309,0.7293640054127198,0.7938144329896907,0.8998330550918197,True,20121,18.457421171849905,3.5809835803889696,True
322,19455,18,679,2698,534,0.0053587377195593,0.0150627615062761,0.0265095729013254,0.0337078651685393,False,20121,18.457421171849905,3.5809835803889696,True
323,13580,250,591,8096,1422,0.0296313855635889,0.1418037436188315,0.4230118443316413,0.1758087201125175,True,13580,5.57740170081811,4.534326343894596,False
323,16975,83,591,4762,1034,0.0157495256166982,0.0538261997405966,0.1404399323181049,0.0802707930367504,False,13580,5.57740170081811,4.534326343894596,False
324,20139,439,541,3100,1079,0.137101811367895,0.3717188823031329,0.8114602587800369,0.4068582020389249,True,20139,20.275476091987247,4.618172735054389,True
324,19825,29,541,2690,1243,0.0090568394753279,0.0165242165242165,0.0536044362292051,0.0233306516492357,False,20139,20.275476091987247,4.618172735054389,True
324,19826,8,541,3377,1012,0.0020460358056265,0.005177993527508,0.0147874306839186,0.0079051383399209,False,20139,20.275476091987247,4.618172735054389,True
324,15825,6,541,5849,689,0.0009398496240601,0.0049019607843137,0.011090573012939,0.0087082728592162,False,20139,20.275476091987247,4.618172735054389,True
325,18402,442,601,3678,1457,0.1151941621058118,0.2735148514851485,0.7354409317803661,0.303363074811256,True,18402,17.08236751092176,3.153434167918525,True
326,18301,0,602,2177,0,0.0,0.0,0.0,0.0,False,18301,6.472098678516817,2.6482406393206563,False
327,19770,141,709,2480,460,0.046259842519685,0.1371595330739299,0.1988716502115655,0.3065217391304348,True,19770,14.623958061052164,2.6312083743725907,True
328,17052,544,655,4869,2076,0.1092369477911646,0.248742569730224,0.8305343511450382,0.2620423892100192,True,17052,16.66999521305611,3.302582542141602,True
329,18973,93,271,3933,472,0.0226222330333252,0.143076923076923,0.3431734317343173,0.1970338983050847,False,18973,10.071581854062533,3.230460120530003,True
330,19826,437,587,3377,507,0.1239013325772611,0.665144596651446,0.7444633730834753,0.8619329388560157,True,19826,20.970416575126062,5.516771601831691,True
330,20139,39,587,3100,533,0.0106907894736842,0.036077705827937,0.0664395229982964,0.073170731707317,False,19826,20.970416575126062,5.516771601831691,True
331,13084,360,442,7319,910,0.0486420753952168,0.3629032258064516,0.8144796380090498,0.3956043956043956,True,13084,18.437723240111477,3.599457775331672,True
332,14687,0,191,6547,0,0.0,0.0,0.0,0.0,False,14687,2.889956315246927,1.9920372912558268,False
333,19404,419,505,2846,886,0.1429058663028649,0.4310699588477366,0.8297029702970297,0.4729119638826185,True,19404,25.088438183524964,4.002272295722841,True
334,19801,38,249,2203,794,0.0157415078707539,0.0378109452736318,0.1526104417670682,0.0478589420654911,False,18943,20.28370313166502,5.352987964025357,True
334,18943,10,249,2080,277,0.0043122035360068,0.0193798449612403,0.0401606425702811,0.0361010830324909,False,18943,20.28370313166502,5.352987964025357,True
335,14644,0,25,5983,0,0.0,0.0,0.0,0.0,False,14644,12.371346336350365,5.1184436611605575,True
336,20069,164,450,997,682,0.127825409197194,0.1694214876033057,0.3644444444444444,0.2404692082111437,True,20069,9.454768613423818,5.580625755618476,False
336,13609,137,450,7650,1115,0.0172045711415295,0.09593837535014,0.3044444444444444,0.1228699551569506,False,20069,9.454768613423818,5.580625755618476,False
337,19371,6,306,2868,1107,0.0018939393939393,0.0042643923240938,0.0196078431372549,0.005420054200542,False,18317,5.471847346226608,4.086416331517375,False
338,18939,436,522,2793,850,0.151441472733588,0.4658119658119658,0.8352490421455939,0.5129411764705882,True,18939,27.29288673262789,3.647284288370822,True
339,19455,395,603,2698,534,0.1359256710254645,0.532345013477089,0.6550580431177446,0.7397003745318352,True,19455,12.067647535670142,3.772363655090346,True
339,20121,19,603,4156,599,0.0040084388185654,0.0160608622147083,0.0315091210613598,0.031719532554257,False,19455,12.067647535670142,3.772363655090346,True
340,19812,11,303,4692,639,0.002207062600321,0.0118152524167561,0.0363036303630363,0.0172143974960876,False,20121,4.38723627001059,3.58736627827957,False
341,18979,501,846,3288,1058,0.1379025598678777,0.3570919458303635,0.5921985815602837,0.4735349716446125,True,18979,15.915712186356593,4.267370222582215,True
341,18970,87,846,2367,387,0.027831094049904,0.0759162303664921,0.1028368794326241,0.2248062015503876,False,18979,15.915712186356593,4.267370222582215,True
341,17759,18,846,5657,1112,0.002775636083269,0.0092783505154639,0.0212765957446808,0.0161870503597122,False,18979,15.915712186356593,4.267370222582215,True
342,19821,524,706,2893,542,0.1704065040650406,0.7237569060773481,0.7422096317280453,0.966789667896679,True,19821,19.16193462717746,3.4892857693068895,True
342,19817,27,706,6351,863,0.0038406827880512,0.0175097276264591,0.0382436260623229,0.0312862108922363,False,19821,19.16193462717746,3.4892857693068895,True
343,19485,44,367,2502,442,0.015575221238938,0.057516339869281,0.1198910081743869,0.0995475113122171,True,19485,11.337685137691714,3.184652031464753,True
344,18866,467,521,3435,1053,0.1338492404700487,0.4218608852755194,0.8963531669865643,0.4434947768281101,True,18866,22.80032182798393,3.4187607939667677,True
344,19350,1,521,3269,1159,0.0002639218791237,0.0005955926146515,0.0019193857965451,0.0008628127696289,False,18866,22.80032182798393,3.4187607939667677,True
345,19825,440,584,2690,1243,0.155257586450247,0.3172314347512617,0.7534246575342466,0.3539823008849557,True,19825,18.414251937483666,4.369847558518659,True
345,18417,33,584,2853,168,0.0096944770857814,0.0458970792767733,0.0565068493150684,0.1964285714285714,False,19825,18.414251937483666,4.369847558518659,True
345,20139,6,584,3100,1079,0.0016313213703099,0.0036210018105009,0.0102739726027397,0.005560704355885,False,19825,18.414251937483666,4.369847558518659,True
346,14734,163,413,5696,163,0.0274133871510259,0.3946731234866828,0.3946731234866828,1.0,True,14734,22.709395066860882,4.459642806047444,True
346,19421,1,413,2526,344,0.0003403675970047,0.0013227513227513,0.0024213075060532,0.002906976744186,False,14734,22.709395066860882,4.459642806047444,True
347,20102,291,476,1970,358,0.1350348027842227,0.5359116022099447,0.6113445378151261,0.8128491620111732,True,20102,16.515427647866993,3.3782227500559774,True
347,18957,67,476,1998,285,0.0278354798504362,0.0965417867435158,0.1407563025210084,0.2350877192982456,False,20102,16.515427647866993,3.3782227500559774,True
348,13580,298,552,8096,2609,0.035688622754491,0.1040866224240307,0.5398550724637681,0.1142200076657723,False,13580,11.158903756530078,4.241950174698113,True
348,19734,9,552,1042,754,0.0056782334384858,0.0069390902081727,0.0163043478260869,0.0119363395225464,True,13580,11.158903756530078,4.241950174698113,True
348,16975,4,552,4762,1902,0.0007532956685499,0.0016326530612244,0.0072463768115942,0.0021030494216614,False,13580,11.158903756530078,4.241950174698113,True
349,20373,0,441,324,0,0.0,0.0,0.0,0.0,False,20373,5.902749311288619,4.5540916545887695,False
350,19371,434,482,2868,1565,0.1488340192043895,0.2690638561686299,0.9004149377593361,0.2773162939297124,True,19371,26.98498931428604,5.810855711088927,True
350,13609,1,482,7650,1753,0.0001229861025704,0.0004476275738585,0.0020746887966804,0.0005704506560182,False,19371,26.98498931428604,5.810855711088927,True
351,18970,232,727,2367,387,0.0810621942697414,0.2630385487528344,0.3191196698762035,0.599483204134367,True,18969,12.338136707877677,9.202745768310269,True
351,18969,78,727,2474,518,0.0249759846301633,0.0668380462724935,0.1072902338376891,0.1505791505791505,False,18969,12.338136707877677,9.202745768310269,True
352,15825,339,482,5849,348,0.0565754339118825,0.6904276985743381,0.7033195020746889,0.9741379310344828,True,15825,20.36544354509541,5.591526700850221,True
352,19826,61,482,3377,507,0.0160610847814639,0.0657327586206896,0.1265560165975103,0.1203155818540434,False,15825,20.36544354509541,5.591526700850221,True
352,20139,1,482,3100,533,0.0002792516056967,0.0009861932938856,0.0020746887966804,0.0018761726078799,False,15825,20.36544354509541,5.591526700850221,True
353,18266,12,252,3676,1214,0.0030643513789581,0.0082530949105914,0.0476190476190476,0.0098846787479406,False,20052,16.075317833172555,4.722023425938261,True
354,20095,347,620,2754,695,0.1146349520977865,0.3584710743801653,0.5596774193548387,0.4992805755395683,True,20095,24.646339256648098,5.545132741338706,True
354,17736,57,620,3978,523,0.0125523012552301,0.0524861878453038,0.0919354838709677,0.1089866156787763,False,20095,24.646339256648098,5.545132741338706,True
354,18943,18,620,2080,277,0.0067114093959731,0.0204778156996587,0.0290322580645161,0.0649819494584837,False,20095,24.646339256648098,5.545132741338706,True
355,20373,64,277,324,109,0.1191806331471136,0.1987577639751552,0.2310469314079422,0.5871559633027523,True,20373,18.17750021657315,3.9702338892483717,True
356,19433,530,788,3422,1116,0.1440217391304347,0.3857350800582241,0.6725888324873096,0.4749103942652329,True,19433,12.293723755506326,6.53953956456731,True
356,20104,55,788,477,245,0.0454545454545454,0.0562372188139059,0.0697969543147208,0.2244897959183673,False,19433,12.293723755506326,6.53953956456731,True
357,19812,463,518,4692,639,0.0975352854434379,0.6671469740634006,0.8938223938223938,0.7245696400625978,True,19812,17.011211536552956,3.8029244833610725,True
358,18966,501,583,5413,655,0.0911737943585077,0.6797829036635007,0.8593481989708405,0.7648854961832061,True,18966,21.15491965941258,3.0629321959428997,True
359,20402,237,353,242,242,0.6620111731843575,0.6620111731843575,0.6713881019830028,0.9793388429752066,True,20402,17.333885394817763,4.32514822694272,True
359,17759,30,353,5657,503,0.0050167224080267,0.036319612590799,0.0849858356940509,0.0596421471172962,False,20402,17.333885394817763,4.32514822694272,True
359,20118,5,353,3334,520,0.0013579576317218,0.0057603686635944,0.0141643059490084,0.0096153846153846,False,20402,17.333885394817763,4.32514822694272,True
360,17662,155,332,2280,318,0.063085063085063,0.3131313131313131,0.466867469879518,0.4874213836477987,True,17662,16.970693906101978,3.931103165130201,True
361,18340,4,375,4004,465,0.0009142857142857,0.0047846889952153,0.0106666666666666,0.0086021505376344,False,18340,4.169290218589431,2.783299855894235,False
362,19783,0,324,2297,0,0.0,0.0,0.0,0.0,False,19783,2.8243471137872027,2.2480055219804926,False
363,20118,7,330,3334,1071,0.0019141372709871,0.0050215208034433,0.0212121212121212,0.0065359477124183,False,19458,4.962098170423729,4.342504003422352,False
364,13609,340,369,7650,1753,0.0442765985154317,0.1907968574635241,0.9214092140921408,0.1939532230462065,True,13609,23.123513066268117,4.131075799673228,True
365,17075,250,421,2959,378,0.0798722044728434,0.4553734061930783,0.5938242280285035,0.6613756613756614,True,17075,12.480942815451582,8.798616043753189,True
365,18941,144,421,2092,435,0.0607851414098775,0.2022471910112359,0.342042755344418,0.3310344827586207,False,17075,12.480942815451582,8.798616043753189,True
365,19791,7,421,2955,873,0.0020777678836449,0.0054390054390054,0.0166270783847981,0.0080183276059564,False,17075,12.480942815451582,8.798616043753189,True
366,14630,4,180,4278,361,0.0008980691513246,0.0074487895716946,0.0222222222222222,0.0110803324099723,False,18265,21.866811796768882,5.375884588763705,True
367,14687,113,380,6547,290,0.016583504549457,0.2028725314183123,0.2973684210526315,0.3896551724137931,True,14687,28.139007400145697,2.552635290265477,True
368,20118,513,635,3334,1071,0.1484375,0.4300083822296731,0.8078740157480315,0.4789915966386555,True,20118,21.94878451311641,5.092040351996914,True
368,20109,23,635,2932,1039,0.0064898419864559,0.0139309509388249,0.0362204724409448,0.0221366698748796,False,20118,21.94878451311641,5.092040351996914,True
368,20402,5,635,242,242,0.0057339449541284,0.0057339449541284,0.0078740157480314,0.0206611570247933,False,20118,21.94878451311641,5.092040351996914,True
368,17759,5,635,5657,1112,0.000795291872117,0.0028702640642939,0.0078740157480314,0.0044964028776978,False,20118,21.94878451311641,5.092040351996914,True
369,19817,818,1031,6351,863,0.1246191346739792,0.7602230483271375,0.7934044616876819,0.947856315179606,True,19817,25.40157879220085,3.238448650193285,True
370,19743,4,267,486,232,0.0053404539385847,0.008080808080808,0.0149812734082397,0.0172413793103448,True,8562,14.21703974246749,4.586743289125941,True
371,17659,336,369,3754,395,0.088724584103512,0.7850467289719626,0.9105691056910568,0.850632911392405,True,17659,23.196835282147088,4.435798435945227,True
372,19350,553,643,3269,1159,0.164632331050908,0.4427542033626901,0.8600311041990669,0.4771354616048318,True,19350,24.854589554428397,3.9275519846604685,True
373,18941,221,419,2092,836,0.0965065502183406,0.2137330754352031,0.5274463007159904,0.2643540669856459,True,18941,18.299048974064295,2.821604823216692,True
374,18284,406,450,4071,1318,0.0986634264884568,0.2980910425844346,0.9022222222222224,0.3080424886191198,True,18284,14.16591216637674,3.7472191575896017,True
375,18292,425,500,3263,436,0.1273217495506291,0.8317025440313112,0.85,0.9747706422018348,True,18292,30.451338263463455,4.858344496827311,True
375,17659,18,500,3754,395,0.0042492917847025,0.0205245153933865,0.036,0.0455696202531645,False,18292,30.451338263463455,4.858344496827311,True
376,19431,45,456,3115,466,0.0127623369256948,0.0513112884834663,0.0986842105263157,0.0965665236051502,False,19441,15.004049687479718,4.495334123992627,True
377,18265,0,20,1576,0,0.0,0.0,0.0,0.0,False,18265,7.027464164106906,4.9657988582356865,False
378,17759,434,509,5657,1112,0.075715282623866,0.3656276326874473,0.8526522593320236,0.3902877697841727,True,17759,20.928651887267023,5.010525823183736,True
378,20109,52,509,2932,1039,0.0153437592210091,0.03475935828877,0.1021611001964636,0.0500481231953801,False,17759,20.928651887267023,5.010525823183736,True
378,20396,23,509,2384,821,0.0080139372822299,0.0175975516449885,0.0451866404715127,0.028014616321559,False,17759,20.928651887267023,5.010525823183736,True
379,17098,87,520,5401,520,0.0149125814192663,0.0912906610703043,0.1673076923076923,0.1673076923076923,False,19458,17.75042373259764,4.188301706880399,True
380,15827,0,241,4283,0,0.0,0.0,0.0,0.0,False,15827,19.815314186240027,3.734279544180228,True
381,19431,357,472,3115,466,0.1105263157894736,0.6144578313253012,0.7563559322033898,0.7660944206008584,True,19431,19.410812915711794,2.6838063916186345,True
382,17643,413,618,3928,1356,0.0999274135010888,0.2645739910313901,0.6682847896440129,0.3045722713864306,True,17643,15.190614220357906,4.067686257419581,True
382,18284,7,618,4071,1691,0.0014950875694147,0.0030408340573414,0.0113268608414239,0.0041395623891188,False,17643,15.190614220357906,4.067686257419581,True
383,18340,363,372,4004,1435,0.0904560179416895,0.2513850415512465,0.9758064516129032,0.2529616724738676,True,18340,18.08612627453083,3.2364583841022494,True
384,18334,277,411,3380,996,0.0788275469550369,0.2451327433628318,0.6739659367396593,0.2781124497991968,True,18334,16.843644229529012,3.9302227410864177,True
385,19783,402,451,2297,964,0.1713554987212276,0.3968410661401776,0.8913525498891353,0.4170124481327801,True,19783,21.322664819675605,4.1969119021268915,True
386,17736,191,235,3978,523,0.0474888115365489,0.3368606701940035,0.8127659574468085,0.3652007648183556,True,17736,19.03921537775203,4.487662202720369,True
387,18391,457,722,4034,462,0.106303791579437,0.6286107290233838,0.6329639889196675,0.9891774891774892,True,18391,24.604160200354553,3.864918167859066,True
387,19427,8,722,2447,544,0.0025308446694084,0.0063593004769475,0.0110803324099723,0.0147058823529411,False,18391,24.604160200354553,3.864918167859066,True
388,20396,331,472,2384,373,0.1310891089108911,0.6439688715953308,0.701271186440678,0.8873994638069705,True,20396,19.290638232973436,3.578534456494061,True
388,18970,23,472,2367,387,0.0081676136363636,0.027511961722488,0.048728813559322,0.0594315245478036,False,20396,19.290638232973436,3.578534456494061,True
388,17759,16,472,5657,503,0.0026173728120399,0.0166840458811261,0.0338983050847457,0.0318091451292246,False,20396,19.290638232973436,3.578534456494061,True
389,19791,384,590,2955,1335,0.1214805441316039,0.2491888384166126,0.6508474576271186,0.2876404494382023,True,19791,17.72074188153308,8.17512102808212,True
389,19790,155,590,1727,1225,0.0716928769657724,0.0933734939759036,0.2627118644067797,0.1265306122448979,False,19791,17.72074188153308,8.17512102808212,True
389,17075,5,590,2959,378,0.0014108352144469,0.0051921079958463,0.0084745762711864,0.0132275132275132,False,19791,17.72074188153308,8.17512102808212,True
390,18266,282,329,3676,1748,0.0757453666398066,0.1571030640668523,0.8571428571428571,0.1613272311212814,True,18266,15.052733380614137,8.309919664368037,True
390,18831,25,329,3292,1459,0.0069521690767519,0.0141803743618831,0.0759878419452887,0.0171350239890335,False,18266,15.052733380614137,8.309919664368037,True
391,17630,0,318,2184,0,0.0,0.0,0.0,0.0,False,17630,9.760662469983878,4.13798351411305,False
392,18339,501,723,4997,2250,0.0959954014178961,0.2026699029126213,0.6929460580912863,0.2226666666666666,True,18339,11.945532549502731,4.771536966486681,True
392,20079,48,723,1591,704,0.0211827007943512,0.0348078317621464,0.0663900414937759,0.0681818181818181,False,18339,11.945532549502731,4.771536966486681,True
392,18334,33,723,3380,1574,0.0081081081081081,0.0145759717314487,0.0456431535269709,0.0209656925031766,False,18339,11.945532549502731,4.771536966486681,True
393,20100,462,703,1518,996,0.2626492325184764,0.3734842360549717,0.6571834992887624,0.463855421686747,True,20100,19.800362667842364,4.898863816723917,True
393,20580,170,703,267,267,0.2125,0.2125,0.2418207681365576,0.6367041198501873,False,20100,19.800362667842364,4.898863816723917,True
394,20125,391,451,3292,475,0.1166467780429594,0.7308411214953271,0.8669623059866962,0.8231578947368421,True,20125,18.400381674930784,3.7082283072237936,True
395,14630,157,161,4278,518,0.0366651097617935,0.3007662835249042,0.9751552795031057,0.3030888030888031,True,14630,21.775007955140634,5.2617622154666535,True
395,18819,4,161,3431,966,0.0011148272017837,0.0035618878005342,0.0248447204968944,0.0041407867494824,False,14630,21.775007955140634,5.2617622154666535,True
396,20063,15,416,1703,436,0.0071292775665399,0.017921146953405,0.0360576923076923,0.0344036697247706,True,20063,29.57645100752119,3.161965784126661,True
397,18956,462,586,2750,485,0.1607515657620041,0.7586206896551724,0.78839590443686,0.9525773195876288,True,18956,19.718698287202336,3.0393091463137516,True
397,17746,14,586,3116,446,0.0037960954446854,0.0137524557956778,0.0238907849829351,0.0313901345291479,False,18956,19.718698287202336,3.0393091463137516,True
398,18275,208,328,2823,909,0.0706761807679238,0.2021379980563654,0.6341463414634146,0.2288228822882288,True,18275,9.845049671634769,5.131555004740362,True
398,18284,91,328,4071,1301,0.0211234911792014,0.0591677503250975,0.2774390243902439,0.069946195234435,False,18275,9.845049671634769,5.131555004740362,True
399,18831,417,422,3292,523,0.1264786169244768,0.7897727272727273,0.9881516587677726,0.7973231357552581,True,18831,22.40209164420465,4.430116890998269,True
399,18266,5,422,3676,576,0.0012215978499877,0.0050352467270896,0.0118483412322274,0.0086805555555555,False,18831,22.40209164420465,4.430116890998269,True
400,20059,217,512,896,456,0.1821998320738874,0.2889480692410119,0.423828125,0.4758771929824561,True,20059,24.545226761789316,4.028444918233961,True
400,19350,8,512,3269,1081,0.0021203286509408,0.0050473186119873,0.015625,0.0074005550416281,False,20059,24.545226761789316,4.028444918233961,True
401,20063,0,131,1703,0,0.0,0.0,0.0,0.0,False,20063,6.101118408219325,2.9227700946477264,False
402,18339,86,568,4997,2250,0.0156962949443329,0.0314787701317716,0.1514084507042253,0.0382222222222222,False,17028,13.460755674700605,4.723078523235683,True
402,16393,50,568,4195,1320,0.0106089539571398,0.0272034820457018,0.0880281690140845,0.0378787878787878,True,17028,13.460755674700605,4.723078523235683,True
402,17028,4,568,3291,487,0.0010376134889753,0.0038058991436726,0.0070422535211267,0.0082135523613963,False,17028,13.460755674700605,4.723078523235683,True
403,19790,227,536,1727,384,0.1114931237721021,0.3275613275613275,0.4235074626865671,0.5911458333333334,True,19790,7.389909770249071,6.69924886780788,False
403,18920,197,536,3813,515,0.0474470134874759,0.2306791569086651,0.3675373134328358,0.3825242718446602,False,19790,7.389909770249071,6.69924886780788,False
404,20389,318,519,1700,701,0.1672803787480273,0.352549889135255,0.6127167630057804,0.4536376604850214,True,20389,20.517394891705592,4.808880695053736,True
405,18852,538,739,4200,1314,0.1222449443308339,0.3551155115511551,0.7280108254397835,0.4094368340943683,True,18852,16.691585613113745,3.258019775291941,True
405,17659,2,739,3754,792,0.0004453351146737,0.001308044473512,0.0027063599458728,0.0025252525252525,False,18852,16.691585613113745,3.258019775291941,True
406,20059,0,221,896,0,0.0,0.0,0.0,0.0,False,20059,5.11293584528087,4.4551365323387895,False
407,18935,182,698,2183,547,0.0674323823638384,0.1712135465663217,0.2607449856733524,0.3327239488117002,True,18935,13.338975241243256,3.2579438155791105,True
407,19431,4,698,3115,951,0.0010501443948542,0.0024316109422492,0.0057306590257879,0.0042060988433228,False,18935,13.338975241243256,3.2579438155791105,True
407,14163,3,698,6277,676,0.0004302925989672,0.0021881838074398,0.0042979942693409,0.0044378698224852,False,18935,13.338975241243256,3.2579438155791105,True
408,19800,287,431,2088,345,0.128584229390681,0.5869120654396728,0.665893271461717,0.8318840579710145,True,19800,21.12580286005905,4.550955621439293,True
408,20580,38,431,267,267,0.0575757575757575,0.0575757575757575,0.0881670533642691,0.1423220973782771,False,19800,21.12580286005905,4.550955621439293,True
409,18819,2,410,3431,1185,0.0005209690023443,0.0012554927809165,0.0048780487804878,0.0016877637130801,False,10224,13.47830151314009,7.1365179300519435,True
410,17626,1,434,2346,388,0.0003598416696653,0.0012180267965895,0.0023041474654377,0.0025773195876288,False,17626,10.582274218831282,4.243531998928475,True
411,20109,303,312,2932,1039,0.1030261815708942,0.2891221374045801,0.971153846153846,0.2916265640038498,True,20109,20.067499836479083,4.342344821680596,True
411,20396,9,312,2384,821,0.003349460364719,0.0080071174377224,0.0288461538461538,0.0109622411693057,False,20109,20.067499836479083,4.342344821680596,True
412,20109,115,517,2932,582,0.034493101379724,0.1168699186991869,0.2224371373307543,0.197594501718213,False,20726,19.45088353326144,5.3792628670009615,True
413,17098,430,668,5401,1002,0.076254655080688,0.3467741935483871,0.6437125748502994,0.4291417165668663,True,17098,18.944633637195118,3.8136183127004957,True
414,17626,123,287,2346,388,0.049003984063745,0.2228260869565217,0.4285714285714285,0.3170103092783505,True,17626,16.70439120089804,3.686230672400763,True
415,19399,359,412,3301,377,0.1070363744782349,0.8348837209302326,0.8713592233009708,0.9522546419098143,True,19399,23.7292023414608,3.2756144456950653,True
415,19783,23,412,2297,482,0.0085629188384214,0.026406429391504,0.0558252427184466,0.0477178423236514,False,19399,23.7292023414608,3.2756144456950653,True
416,19427,493,577,2447,544,0.1947846700908731,0.785031847133758,0.854419410745234,0.90625,True,19427,21.542716932624913,3.8083655444641105,True
416,18391,5,577,4034,462,0.0010855405992184,0.0048355899419729,0.0086655112651646,0.0108225108225108,False,19427,21.542716932624913,3.8083655444641105,True
417,18819,307,312,3431,2199,0.089348079161816,0.1392921960072595,0.9839743589743588,0.1396089131423374,True,18819,22.062954040058404,6.650667234772599,True
417,14630,5,312,4278,660,0.0010905125408942,0.0051706308169596,0.016025641025641,0.0075757575757575,False,18819,22.062954040058404,6.650667234772599,True
418,18267,427,474,4196,1529,0.1006363422106999,0.2709390862944162,0.90084388185654,0.2792674950948332,True,18267,18.720446543337328,3.286672918349612,True
418,17643,1,474,3928,1323,0.0002272210861167,0.0005567928730512,0.0021097046413502,0.000755857898715,False,18267,18.720446543337328,3.286672918349612,True
419,18852,119,395,4200,662,0.026586237712243,0.126865671641791,0.3012658227848101,0.1797583081570997,False,18852,5.892008505630219,4.313738835337013,False
420,18920,141,148,3813,515,0.0369109947643979,0.2701149425287356,0.9527027027027029,0.2737864077669903,True,18920,18.878447449849034,4.240682518932593,True
421,17746,250,348,3116,446,0.0777846919726198,0.4595588235294117,0.7183908045977011,0.5605381165919282,True,17746,12.104047014126857,3.889381758475285,True
422,19442,411,615,2462,854,0.1541635408852213,0.388468809073724,0.6682926829268293,0.4812646370023419,True,19442,23.989566892990347,5.000661437921974,True
422,20389,30,615,1700,701,0.0131291028446389,0.0233281493001555,0.048780487804878,0.042796005706134,False,19442,23.989566892990347,5.000661437921974,True
423,19397,318,460,2698,681,0.1119718309859155,0.3863912515188335,0.691304347826087,0.4669603524229075,True,19397,31.51895652618172,3.44840293218203,True
424,20079,162,336,1591,704,0.091784702549575,0.1845102505694761,0.4821428571428571,0.2301136363636363,True,20079,18.96540683274294,3.9102976472034308,True
424,18334,140,336,3380,996,0.0391498881431767,0.1174496644295302,0.4166666666666667,0.1405622489959839,False,20079,18.96540683274294,3.9102976472034308,True
425,19784,393,553,2607,1251,0.1420310805926996,0.2785258681785967,0.7106690777576854,0.3141486810551558,True,19784,21.069153125585252,4.191310497237533,True
426,20116,116,163,3675,537,0.0311660397635679,0.1986301369863013,0.7116564417177914,0.2160148975791433,True,20116,10.627993847092073,4.11577022031569,True
426,20125,1,163,3292,475,0.0002895193977996,0.0015698587127158,0.0061349693251533,0.0021052631578947,False,20116,10.627993847092073,4.11577022031569,True
427,18328,343,344,5178,2251,0.0662290017377872,0.1523090586145648,0.997093023255814,0.1523767214571301,True,18328,14.407924274248698,3.4874097693948203,True
428,19800,44,395,2088,345,0.018040180401804,0.0632183908045977,0.1113924050632911,0.1275362318840579,False,19800,6.248212148955398,3.755187910434572,False
428,18933,5,395,2416,374,0.0017818959372772,0.006544502617801,0.0126582278481012,0.0133689839572192,False,19800,6.248212148955398,3.755187910434572,False
429,20084,198,486,804,377,0.1813186813186813,0.2977443609022556,0.4074074074074074,0.5251989389920424,True,20084,22.601196426439838,2.911890617964488,True
430,20392,451,553,2347,1461,0.1841567986933442,0.2885476647472809,0.8155515370705244,0.3086926762491444,True,20392,18.580715164425683,3.7023612149188763,True
431,18967,214,598,2875,767,0.0656643142068119,0.1859252823631624,0.3578595317725752,0.2790091264667536,True,18967,16.5881806888171,6.118700255923485,True
431,20397,256,598,1915,1076,0.1134249003101462,0.1805359661495063,0.4280936454849498,0.2379182156133829,False,18967,16.5881806888171,6.118700255923485,True
431,14758,31,598,4911,543,0.0056589996349032,0.0279279279279279,0.0518394648829431,0.0570902394106814,False,18967,16.5881806888171,6.118700255923485,True
432,20056,340,508,1379,361,0.2197802197802197,0.6427221172022685,0.6692913385826772,0.9418282548476454,True,20056,25.286560915231483,2.5277794700717133,True
433,17705,382,604,2082,397,0.1657986111111111,0.617124394184168,0.6324503311258278,0.9622166246851386,True,17705,15.536414653675303,3.863569568702161,True
433,18339,86,604,4997,1607,0.0155938349954669,0.0404705882352941,0.1423841059602649,0.0535158680771624,False,17705,15.536414653675303,3.863569568702161,True
433,17028,8,604,3291,487,0.0020581425263699,0.0073868882733148,0.0132450331125827,0.0164271047227926,False,17705,15.536414653675303,3.863569568702161,True
434,19398,213,605,3059,1663,0.061721240220226,0.1036496350364963,0.3520661157024793,0.1280817799158148,False,19398,16.09612438037801,5.354242398776749,True
434,20085,58,605,247,133,0.0730478589420654,0.0852941176470588,0.0958677685950413,0.4360902255639097,True,19398,16.09612438037801,5.354242398776749,True
434,16398,60,605,3302,366,0.0155965687548739,0.0658616904500548,0.0991735537190082,0.1639344262295081,False,19398,16.09612438037801,5.354242398776749,True
434,18920,110,605,3813,1485,0.0255338904363974,0.0555555555555555,0.1818181818181818,0.074074074074074,False,19398,16.09612438037801,5.354242398776749,True
435,18923,376,737,4413,1190,0.0787599497276916,0.2424242424242424,0.5101763907734057,0.3159663865546218,True,18923,14.565416998846539,7.219681827955188,True
435,18365,238,737,2005,855,0.0950479233226837,0.1757754800590842,0.3229308005427408,0.2783625730994152,False,18923,14.565416998846539,7.219681827955188,True
435,17722,10,737,3880,1348,0.0021706099413935,0.0048192771084337,0.0135685210312075,0.0074183976261127,False,18923,14.565416998846539,7.219681827955188,True
436,19400,378,552,3054,1566,0.1171003717472119,0.2172413793103448,0.6847826086956522,0.2413793103448276,True,19400,21.267625058319478,4.321157371514684,True
436,19784,9,552,2607,1581,0.0028571428571428,0.0042372881355932,0.0163043478260869,0.0056925996204933,False,19400,21.267625058319478,4.321157371514684,True
436,18354,2,552,4134,1537,0.0004269854824935,0.0009583133684714,0.0036231884057971,0.0013012361743656,False,19400,21.267625058319478,4.321157371514684,True
437,18254,382,474,3482,1311,0.1068830442081701,0.2722736992159658,0.8059071729957806,0.2913806254767353,True,18254,23.21263576813773,2.804590000247714,True
438,18281,30,308,2922,330,0.009375,0.0493421052631578,0.0974025974025974,0.0909090909090909,True,18281,8.406149752126748,4.036355298296057,False
439,19398,262,375,3059,1663,0.0825977301387137,0.1475225225225225,0.6986666666666667,0.1575466025255562,True,19398,18.707459147945773,5.79645772394173,True
439,18920,39,375,3813,2030,0.0093998553868402,0.0164835164835164,0.104,0.0192118226600985,False,19398,18.707459147945773,5.79645772394173,True
439,20085,7,375,247,133,0.0113821138211382,0.0139720558882235,0.0186666666666666,0.0526315789473684,False,19398,18.707459147945773,5.79645772394173,True
440,14752,0,260,5515,0,0.0,0.0,0.0,0.0,False,14752,14.633606654020266,4.397549062425875,True
441,16930,269,459,4684,1283,0.0551908083709478,0.1826205023761032,0.5860566448801743,0.2096648480124707,True,16930,20.9732640969505,4.407780824420045,True
441,18819,15,459,3431,1755,0.0038709677419354,0.0068212824010914,0.0326797385620915,0.0085470085470085,False,16930,20.9732640969505,4.407780824420045,True
441,18812,1,459,3191,1520,0.000274047684297,0.0005055611729019,0.0021786492374727,0.0006578947368421,False,16930,20.9732640969505,4.407780824420045,True
442,19364,396,514,3084,1154,0.1236727045596502,0.3113207547169811,0.7704280155642024,0.3431542461005199,True,19364,16.404591397394643,4.6066999283551375,True
442,18886,102,514,3787,1303,0.0242914979757085,0.0594752186588921,0.1984435797665369,0.0782808902532617,False,19364,16.404591397394643,4.6066999283551375,True
442,20071,11,514,1025,482,0.0071989528795811,0.0111675126903553,0.0214007782101167,0.0228215767634854,False,19364,16.404591397394643,4.6066999283551375,True
443,18933,351,496,2416,374,0.1370558375634517,0.6763005780346821,0.7076612903225806,0.9385026737967914,True,18933,20.235671599326654,3.8917922643623877,True
444,16413,378,478,3818,393,0.0964777947932618,0.7667342799188641,0.7907949790794979,0.9618320610687024,True,16413,21.486037822832973,5.568807016586886,True
444,20093,28,478,1867,377,0.0120845921450151,0.0338573155985489,0.0585774058577405,0.0742705570291777,False,16413,21.486037822832973,5.568807016586886,True
445,18964,211,564,2863,320,0.0656094527363184,0.3135215453194651,0.374113475177305,0.659375,True,18964,20.933437406608835,6.954116098003288,True
445,20397,147,564,1915,883,0.0630360205831904,0.113076923076923,0.2606382978723404,0.1664779161947905,False,18964,20.933437406608835,6.954116098003288,True
446,18812,428,537,3191,1985,0.1296969696969697,0.2043935052531041,0.7970204841713222,0.215617128463476,True,18812,24.804477349168746,4.81719241661475,True
446,16930,6,537,4684,1787,0.0011505273250239,0.0025884383088869,0.0111731843575419,0.0033575825405707,False,18812,24.804477349168746,4.81719241661475,True
447,18839,488,799,3450,1006,0.1297527253390056,0.3705391040242976,0.6107634543178974,0.4850894632206759,True,18839,11.980330751989792,3.575136047130609,True
447,17621,109,799,3858,911,0.023966578715919,0.0680824484697064,0.1364205256570713,0.119648737650933,False,18839,11.980330751989792,3.575136047130609,True
448,19810,401,606,2778,1299,0.1344284277572913,0.2666223404255319,0.6617161716171617,0.3086989992301771,True,19810,22.86487688690134,5.4048026760242305,True
448,18389,118,606,4589,1206,0.0232420720898168,0.0696576151121605,0.1947194719471947,0.0978441127694859,False,19810,22.86487688690134,5.4048026760242305,True
448,20392,12,606,2347,1459,0.0040802448146888,0.0058451047247929,0.0198019801980198,0.0082248115147361,False,19810,22.86487688690134,5.4048026760242305,True
448,19802,11,606,3267,1300,0.0028482651475919,0.0058047493403693,0.0181518151815181,0.0084615384615384,False,19810,22.86487688690134,5.4048026760242305,True
448,20728,2,606,564,564,0.0017123287671232,0.0017123287671232,0.0033003300330033,0.0035460992907801,False,19810,22.86487688690134,5.4048026760242305,True
449,18252,543,641,5230,1975,0.1019144144144144,0.2619392185238784,0.8471138845553822,0.2749367088607595,True,18252,19.912344975791573,3.939999505782495,True
449,18249,61,641,1109,582,0.0361160449970396,0.0524956970740103,0.095163806552262,0.1048109965635738,False,18252,19.912344975791573,3.939999505782495,True
450,19370,0,655,3660,0,0.0,0.0,0.0,0.0,False,19370,13.283661720302861,4.573834579955756,True
451,20379,410,518,2299,444,0.1703365184877441,0.7427536231884058,0.7915057915057915,0.9234234234234234,True,20379,19.139214015419903,3.5843046030135395,True
453,13063,187,462,6604,602,0.0271841837476377,0.2132269099201824,0.4047619047619047,0.3106312292358804,True,13063,23.775563649078048,4.245991006056615,True
453,15691,17,462,5820,977,0.0027134876296887,0.0119549929676511,0.0367965367965368,0.0174002047082906,False,13063,23.775563649078048,4.245991006056615,True
454,18928,346,440,2453,778,0.1358460934432666,0.3967889908256881,0.7863636363636364,0.4447300771208226,True,18928,21.773532921871045,5.931602425295668,True
454,19407,6,440,2418,818,0.0021037868162692,0.0047923322683706,0.0136363636363636,0.0073349633251833,False,18928,21.773532921871045,5.931602425295668,True
455,20093,232,260,1867,691,0.1224274406332453,0.3226703755215577,0.8923076923076924,0.3357452966714906,True,20093,17.953325054338002,5.459594355981576,True
456,16930,5,5,4684,808,0.0010674637062339,0.0061881188118811,1.0,0.0061881188118811,False,16930,8.468810267495922,5.774831287795076,False
457,17627,70,309,2092,251,0.03003003003003,0.1428571428571428,0.2265372168284789,0.2788844621513944,True,17627,7.336657679396411,4.410507058284964,False
458,19370,9,311,3660,866,0.0022715800100959,0.0077054794520547,0.0289389067524115,0.010392609699769,True,19370,11.301331726983694,4.146163202795056,True
459,18899,381,504,2858,855,0.1278094599127809,0.3895705521472393,0.7559523809523809,0.4456140350877193,True,18899,23.966624876807582,5.472296857027586,True
460,18354,298,507,4134,1125,0.0686161639419755,0.2233883058470764,0.5877712031558185,0.2648888888888889,True,18354,16.390141726020705,4.249396441104362,True
460,19400,2,507,3054,1141,0.0005619556055071,0.0012150668286755,0.0039447731755424,0.0017528483786152,False,18354,16.390141726020705,4.249396441104362,True
461,16368,0,328,1932,0,0.0,0.0,0.0,0.0,False,16368,3.7480506775674263,3.393715062969654,False
462,17706,348,478,3351,759,0.0999712726228095,0.3914510686164229,0.7280334728033473,0.458498023715415,True,17706,25.388464827315207,3.6227476691956864,True
462,18888,4,478,2406,243,0.0013888888888888,0.00557880055788,0.00836820083682,0.0164609053497942,False,17706,25.388464827315207,3.6227476691956864,True
463,17722,271,351,3880,1470,0.0684343434343434,0.1748387096774193,0.7720797720797721,0.1843537414965986,True,17722,20.76389162827439,4.335638257068777,True
463,18365,8,351,2005,1428,0.0034071550255536,0.0045172219085262,0.0227920227920227,0.0056022408963585,False,17722,20.76389162827439,4.335638257068777,True
464,17744,319,525,5857,881,0.0526142173841332,0.2934682612695492,0.6076190476190476,0.3620885357548241,True,17744,21.80233847297955,5.299625943700315,True
464,19410,135,525,2243,771,0.0512723129510064,0.1162790697674418,0.2571428571428571,0.1750972762645914,False,17744,21.80233847297955,5.299625943700315,True
465,18389,294,373,4589,1206,0.0629820051413881,0.2287937743190661,0.7882037533512064,0.2437810945273631,True,18389,25.57727268048436,3.6344657614839524,True
465,20392,2,373,2347,1459,0.0007358351729212,0.0010928961748633,0.0053619302949061,0.0013708019191226,False,18389,25.57727268048436,3.6344657614839524,True
466,19802,452,636,3267,1431,0.1309765285424514,0.279876160990712,0.710691823899371,0.3158630328441649,True,19802,23.120360279321083,4.847848653795524,True
466,19810,6,636,2778,866,0.0017605633802816,0.0040106951871657,0.0094339622641509,0.0069284064665127,False,19802,23.120360279321083,4.847848653795524,True
467,19402,381,473,3603,1385,0.1031123139377537,0.2579553148273527,0.8054968287526427,0.2750902527075812,True,19402,24.05115223264676,4.569839954636124,True
467,14163,55,473,6277,1086,0.0082150858849887,0.0365691489361702,0.1162790697674418,0.0506445672191528,False,19402,24.05115223264676,4.569839954636124,True
467,17720,1,473,1854,379,0.0004299226139294,0.0011750881316098,0.0021141649048625,0.0026385224274406,False,19402,24.05115223264676,4.569839954636124,True
468,19407,363,420,2418,818,0.1466666666666666,0.4148571428571428,0.8642857142857143,0.4437652811735941,True,19407,22.64454009833913,6.1771729108296105,True
468,18928,12,420,2453,778,0.0041943376441803,0.0101180438448566,0.0285714285714285,0.0154241645244215,False,19407,22.64454009833913,6.1771729108296105,True
469,19796,499,529,2969,540,0.1663887962654218,0.875438596491228,0.943289224952741,0.924074074074074,True,19796,22.019596811493237,4.103873612981808,True
469,20379,14,529,2299,444,0.0049751243781094,0.0145985401459854,0.0264650283553875,0.0315315315315315,False,19796,22.019596811493237,4.103873612981808,True
470,16935,333,452,4549,928,0.0713367609254498,0.318051575931232,0.7367256637168141,0.3588362068965517,True,16935,19.320284444247367,5.622295637397311,True
470,18252,107,452,5230,1418,0.0191928251121076,0.0606920022688598,0.2367256637168141,0.0754583921015514,False,16935,19.320284444247367,5.622295637397311,True
471,12047,333,404,6428,1273,0.0512386521003231,0.2477678571428571,0.8242574257425742,0.2615868028279654,True,12047,18.296895768496483,7.254084447304881,True
472,19415,449,681,4144,1574,0.1026051188299817,0.2486157253599114,0.6593245227606461,0.2852604828462516,True,19415,15.277859532652775,5.580378863415496,True
472,18927,154,681,2047,1405,0.0598290598290598,0.0797101449275362,0.2261380323054332,0.1096085409252669,False,19415,15.277859532652775,5.580378863415496,True
472,13143,36,681,5436,158,0.0059200789343857,0.0448318804483188,0.052863436123348,0.2278481012658227,False,19415,15.277859532652775,5.580378863415496,True
473,19425,392,612,2610,825,0.1385159010600706,0.3751196172248804,0.6405228758169934,0.4751515151515151,True,19425,23.225529659811603,3.0877536219562174,True
473,20094,10,612,3025,1021,0.002757099531293,0.0061614294516327,0.0163398692810457,0.009794319294809,False,19425,23.225529659811603,3.0877536219562174,True
474,16930,1,175,4684,375,0.0002058460271716,0.0018214936247723,0.0057142857142857,0.0026666666666666,False,18806,2.7699469459259642,2.709808542167795,False
475,17621,258,680,3858,1334,0.0602803738317757,0.1469248291571754,0.3794117647058823,0.1934032983508246,True,17610,18.78485160037178,5.2756229718715515,True
476,17703,272,498,3242,661,0.0784313725490196,0.306651634723788,0.5461847389558233,0.4114977307110439,True,17703,15.296909252986769,5.037658455111129,True
476,20070,35,498,553,444,0.0344488188976378,0.0385887541345093,0.0702811244979919,0.0788288288288288,False,17703,15.296909252986769,5.037658455111129,True
477,17737,395,521,3821,1043,0.1000760070939954,0.3378956372968349,0.7581573896353166,0.3787152444870565,True,17737,25.36700395411892,4.928289215649193,True
477,17744,76,521,5857,881,0.0120596635988575,0.057315233785822,0.145873320537428,0.0862656072644721,False,17737,25.36700395411892,4.928289215649193,True
477,19410,22,521,2243,771,0.0080233406272793,0.0173228346456692,0.0422264875239923,0.0285343709468223,False,17737,25.36700395411892,4.928289215649193,True
478,16935,93,446,4549,928,0.0189718482252141,0.072599531615925,0.2085201793721973,0.1002155172413793,False,17613,11.312238985803095,5.270547254309928,True
479,19367,412,455,3461,1043,0.117579908675799,0.3793738489871086,0.9054945054945056,0.3950143815915628,True,19367,21.52657672448122,3.9638212437703886,True
480,17038,311,563,2788,1014,0.1023026315789473,0.2456556082148499,0.5523978685612788,0.3067061143984221,True,17038,9.3144247669871,3.649956119008037,False
480,14717,102,563,6950,716,0.013763324787478,0.086661002548853,0.1811722912966252,0.1424581005586592,False,17038,9.3144247669871,3.649956119008037,False
481,20385,348,960,1932,1102,0.1367924528301886,0.2030338389731621,0.3625,0.3157894736842105,True,20385,18.55427277823354,4.7181352300515105,True
481,18960,190,960,4223,1208,0.0380532745844181,0.096056622851365,0.1979166666666666,0.1572847682119205,False,20385,18.55427277823354,4.7181352300515105,True
481,20579,119,960,2436,1429,0.0363137015563014,0.0524229074889867,0.1239583333333333,0.0832750174947515,False,20385,18.55427277823354,4.7181352300515105,True
481,18386,1,960,3397,271,0.0002295684113865,0.0008130081300813,0.0010416666666666,0.003690036900369,False,20385,18.55427277823354,4.7181352300515105,True
482,18960,0,12,4223,0,0.0,0.0,0.0,0.0,False,18960,8.67699033781608,6.614748025844301,False
483,20364,158,507,470,299,0.1929181929181929,0.2438271604938271,0.3116370808678501,0.5284280936454849,True,20364,15.815910717915536,3.737949074273298,True
484,18904,379,555,3278,1963,0.1097278517660683,0.1771856007480131,0.6828828828828829,0.1930718288334182,True,18904,19.703651515249284,4.392037067161418,True
484,18354,11,555,4134,2039,0.0023514322359982,0.0042586140147115,0.0198198198198198,0.0053948013732221,False,18904,19.703651515249284,4.392037067161418,True
485,15691,411,445,5820,977,0.0702084045097369,0.4065281899109792,0.9235955056179777,0.420675537359263,True,15691,22.646273796931318,3.764283948119958,True
486,14717,364,596,6950,1160,0.0506822612085769,0.2614942528735632,0.610738255033557,0.3137931034482759,True,14717,22.205974809709673,3.711793690619883,True
486,17722,142,596,3880,1470,0.0327641901245962,0.0738045738045738,0.2382550335570469,0.0965986394557823,False,14717,22.205974809709673,3.711793690619883,True
486,19769,1,596,3608,210,0.0002379252914584,0.0012422360248447,0.0016778523489932,0.0047619047619047,False,14717,22.205974809709673,3.711793690619883,True
487,19410,267,310,2243,1248,0.1167979002624672,0.2068164213787761,0.8612903225806452,0.2139423076923076,True,19410,22.61808051183684,4.922288558122475,True
488,19413,344,444,2719,411,0.1220290883291947,0.6731898238747553,0.7747747747747747,0.8369829683698297,True,19413,22.472409317037897,5.224558936995144,True
488,17737,71,444,3821,529,0.0169289461134954,0.0787139689578714,0.1599099099099099,0.1342155009451796,False,19413,22.472409317037897,5.224558936995144,True
488,19796,14,444,2969,540,0.0041188584877905,0.0144329896907216,0.0315315315315315,0.0259259259259259,False,19413,22.472409317037897,5.224558936995144,True
489,20094,326,530,3025,1021,0.1009600495509445,0.2661224489795918,0.6150943396226415,0.3192948090107737,True,20094,20.73288330260649,5.033107373419108,True
489,20578,85,530,252,252,0.1219512195121951,0.1219512195121951,0.160377358490566,0.3373015873015873,False,20094,20.73288330260649,5.033107373419108,True
490,18828,79,436,2688,486,0.0259441707717569,0.0937129300118624,0.1811926605504587,0.1625514403292181,True,18828,22.534638672156447,4.0908522209349005,True
491,19325,339,451,2086,404,0.154231119199272,0.6569767441860465,0.7516629711751663,0.8391089108910891,True,19325,26.320633776652105,3.8396232851906253,True
492,15727,7,324,4758,305,0.0013793103448275,0.0112540192926045,0.0216049382716049,0.0229508196721311,True,15727,13.802005090199405,2.587297643295517,True
493,18805,0,411,2535,0,0.0,0.0,0.0,0.0,False,18805,4.040033432262837,3.3896832917066626,False
494,20566,148,537,493,311,0.1678004535147392,0.2114285714285714,0.2756052141527002,0.4758842443729904,True,18888,27.02621268281291,3.8425136603524552,True
494,18888,162,537,2406,667,0.058252427184466,0.1554702495201535,0.3016759776536313,0.2428785607196401,False,18888,27.02621268281291,3.8425136603524552,True
494,17706,44,537,3351,1102,0.0114464099895941,0.0275862068965517,0.0819366852886405,0.0399274047186932,False,18888,27.02621268281291,3.8425136603524552,True
494,20359,1,537,262,262,0.0012531328320802,0.0012531328320802,0.0018621973929236,0.0038167938931297,False,18888,27.02621268281291,3.8425136603524552,True
495,20348,411,500,849,849,0.4381663113006396,0.4381663113006396,0.822,0.4840989399293286,True,20348,15.063351464731507,5.075379736942942,True
495,17655,46,500,5000,1752,0.0084341767510084,0.0208522212148685,0.092,0.026255707762557,False,20348,15.063351464731507,5.075379736942942,True
495,14668,11,500,6483,1378,0.0015777395295467,0.0058918050348152,0.022,0.0079825834542815,False,20348,15.063351464731507,5.075379736942942,True
496,17690,239,271,3962,1745,0.0598397596394591,0.1344963421496905,0.8819188191881919,0.1369627507163323,True,17690,19.97113881472845,4.176579124242024,True
497,19779,446,613,3005,467,0.1406052963430012,0.7034700315457413,0.7275693311582382,0.9550321199143468,True,19779,18.828369993113128,2.502234107156779,True
498,18927,123,613,2047,1348,0.0484824595979503,0.0669205658324265,0.200652528548124,0.0912462908011869,False,14167,18.478991231131044,5.065965700226989,True
498,17726,62,613,2782,1409,0.0186018601860186,0.0316326530612244,0.1011419249592169,0.0440028388928318,True,14167,18.478991231131044,5.065965700226989,True
498,13143,10,613,5436,585,0.0016559032952475,0.0084175084175084,0.0163132137030995,0.017094017094017,False,14167,18.478991231131044,5.065965700226989,True
499,19795,384,610,3083,799,0.1160471441523118,0.3746341463414634,0.6295081967213115,0.4806007509386733,True,19795,19.3385967360822,2.969043564234518,True
500,14668,233,302,6483,402,0.0355616605616605,0.494692144373673,0.7715231788079471,0.5796019900497512,True,14668,17.26771092504121,8.862955701718091,True
500,20348,2,302,849,447,0.0017406440382941,0.002677376171352,0.0066225165562913,0.0044742729306487,False,14668,17.26771092504121,8.862955701718091,True
500,18290,1,302,3470,1015,0.0002651816494298,0.0007598784194528,0.0033112582781456,0.0009852216748768,False,14668,17.26771092504121,8.862955701718091,True
501,20070,51,419,553,336,0.0553745928338762,0.0724431818181818,0.1217183770883054,0.1517857142857142,True,20070,9.577115313851234,4.844761038085579,False
501,17004,51,419,2269,691,0.0193401592718998,0.0481586402266288,0.1217183770883054,0.0738060781476121,False,20070,9.577115313851234,4.844761038085579,False
502,17019,450,569,6062,1561,0.072803753437955,0.2678571428571428,0.7908611599297012,0.2882767456758488,True,19384,16.528431742600127,6.595397798570018,True
502,20075,41,569,428,138,0.0428870292887029,0.0615615615615615,0.0720562390158172,0.2971014492753623,False,19384,16.528431742600127,6.595397798570018,True
503,20578,121,425,252,252,0.2176258992805755,0.2176258992805755,0.2847058823529412,0.4801587301587302,True,20578,9.68429729722782,3.521182347261611,True
504,16989,110,576,3362,2051,0.028735632183908,0.0437028208184346,0.1909722222222222,0.053632374451487,False,16368,7.718555529587511,4.77091788657358,False
504,17678,24,576,1054,402,0.0149439601494396,0.0251572327044025,0.0416666666666666,0.0597014925373134,False,16368,7.718555529587511,4.77091788657358,False
504,19748,20,576,1675,408,0.0089645898700134,0.0207468879668049,0.0347222222222222,0.0490196078431372,False,16368,7.718555529587511,4.77091788657358,False
504,17690,10,576,3962,1362,0.002208480565371,0.0051867219917012,0.0173611111111111,0.0073421439060205,False,16368,7.718555529587511,4.77091788657358,False
505,18253,403,404,3852,561,0.1045938229950687,0.7170818505338078,0.9975247524752476,0.7183600713012478,True,18253,20.107922968900695,2.882827377737383,True
506,19769,216,554,3608,509,0.0547389761784085,0.2550177095631641,0.3898916967509025,0.4243614931237721,True,19769,17.60367115119391,7.2997442596991835,True
506,17710,169,554,3099,732,0.0485074626865671,0.1512981199641898,0.3050541516245487,0.2308743169398907,False,19769,17.60367115119391,7.2997442596991835,True
506,18892,114,554,2699,990,0.0363172985027078,0.0797202797202797,0.2057761732851985,0.1151515151515151,False,19769,17.60367115119391,7.2997442596991835,True
507,18859,148,258,3976,1183,0.0362212432697014,0.1144624903325599,0.5736434108527132,0.125105663567202,True,18859,7.7532066927108305,4.375585814308235,False
508,20359,62,300,262,262,0.124,0.124,0.2066666666666666,0.2366412213740458,True,20359,11.744035545453162,4.930136038778466,True
509,18889,53,571,2262,1168,0.0190647482014388,0.031435349940688,0.0928196147110332,0.0453767123287671,False,17708,7.981704634959063,5.373008589991453,False
509,17019,28,571,6062,1561,0.0042392127176381,0.0133079847908745,0.0490367775831873,0.0179372197309417,False,17708,7.981704634959063,5.373008589991453,False
510,18805,335,381,2535,759,0.1297946532351801,0.4161490683229814,0.8792650918635171,0.4413702239789196,True,18805,26.626902768125785,5.426652058369021,True
510,14596,35,381,5431,787,0.0060585078760602,0.0308914386584289,0.0918635170603674,0.0444726810673443,False,18805,26.626902768125785,5.426652058369021,True
511,14610,456,464,7407,1302,0.0614969656102495,0.3480916030534351,0.9827586206896552,0.3502304147465437,True,14610,20.620549089333196,3.593113393523435,True
512,16902,497,523,5508,1938,0.0898084568124322,0.2530549898167006,0.9502868068833652,0.2564499484004128,True,16902,26.014393290987034,2.8091303908355423,True
513,19723,285,289,1433,1118,0.1983298538622129,0.2540106951871658,0.986159169550173,0.2549194991055456,True,19723,23.60562370230644,3.659591942048907,True
514,19748,287,404,1675,1401,0.16015625,0.189064558629776,0.7103960396039604,0.204853675945753,True,19748,15.015084651876938,6.303811164740159,True
514,17690,77,404,3962,1270,0.0179529027745395,0.0482154038822792,0.1905940594059406,0.0606299212598425,False,19748,15.015084651876938,6.303811164740159,True
515,14167,0,399,4077,0,0.0,0.0,0.0,0.0,False,14167,5.22983708426266,4.78916153038005,False
516,18320,435,503,3505,970,0.1217464315701091,0.4190751445086705,0.8648111332007953,0.4484536082474227,True,18320,23.661643197670887,4.176000531200152,True
516,18312,4,503,2405,352,0.0013774104683195,0.0047003525264394,0.0079522862823061,0.0113636363636363,False,18320,23.661643197670887,4.176000531200152,True
517,20579,206,602,2436,1894,0.0727401129943502,0.0899563318777292,0.3421926910299003,0.1087645195353748,True,16416,15.179904397399692,6.240428360633948,True
517,16416,4,602,6021,390,0.0006043208943949,0.0040485829959514,0.0066445182724252,0.0102564102564102,False,16416,15.179904397399692,6.240428360633948,True
518,19336,126,474,192,192,0.2333333333333333,0.2333333333333333,0.2658227848101265,0.65625,True,17633,19.35659752411067,2.997483303421644,True
518,17633,308,474,5770,1446,0.0518867924528301,0.1910669975186104,0.6497890295358649,0.2130013831258644,False,17633,19.35659752411067,2.997483303421644,True
519,18290,382,445,3470,461,0.1081234078686668,0.7290076335877863,0.8584269662921349,0.8286334056399133,True,18290,21.410593809678627,3.918021646253083,True
520,20359,32,368,262,262,0.0535117056856187,0.0535117056856187,0.0869565217391304,0.1221374045801526,False,20359,7.641119077170791,4.3800500647411,False
521,20087,543,589,3097,1310,0.1727648743238943,0.4004424778761062,0.9219015280135824,0.4145038167938931,True,20087,23.446771639590196,4.253416662659679,True
522,17668,555,592,5579,1191,0.0988247863247863,0.4519543973941368,0.9375,0.4659949622166247,True,17668,21.017809805561754,2.326186332158591,True
523,18892,367,513,2699,990,0.1289982425307557,0.3230633802816901,0.7153996101364523,0.3707070707070707,True,18892,13.853355581284523,3.801961495658565,True
523,17710,1,513,3099,732,0.0002769315978953,0.0008038585209003,0.0019493177387914,0.0013661202185792,False,18892,13.853355581284523,3.801961495658565,True
524,18894,580,1024,3636,2311,0.142156862745098,0.2105263157894736,0.56640625,0.2509736045002163,True,18894,20.349314685942186,2.6918489889305537,True
525,16989,363,533,3362,2051,0.1027746319365798,0.1634398919405673,0.6810506566604128,0.1769868356899073,True,17678,16.542610452984974,7.462838068914934,True
525,17678,95,533,1054,402,0.0636729222520107,0.1130952380952381,0.1782363977485928,0.236318407960199,False,17678,16.542610452984974,7.462838068914934,True
525,19748,2,533,1675,408,0.0009066183136899,0.0021299254526091,0.0037523452157598,0.0049019607843137,False,17678,16.542610452984974,7.462838068914934,True
526,18917,581,706,5184,2225,0.1094368054247504,0.2472340425531914,0.8229461756373938,0.261123595505618,True,18917,26.62991986828442,2.515493067926142,True
528,18889,321,616,2262,766,0.1255377395385217,0.3025447690857681,0.5211038961038961,0.4190600522193211,True,18889,12.310308768212215,3.0864664741386405,True
529,18312,188,714,2405,748,0.0641419310815421,0.1475667189952904,0.2633053221288515,0.2513368983957219,True,18312,16.864243314167574,5.3919724278167225,True
529,18316,113,714,2047,701,0.0426737160120845,0.08678955453149,0.1582633053221288,0.1611982881597717,False,18312,16.864243314167574,5.3919724278167225,True
529,18320,1,714,3505,1464,0.0002370791844476,0.0004593477262287,0.0014005602240896,0.0006830601092896,False,18312,16.864243314167574,5.3919724278167225,True
530,19771,364,490,2873,908,0.1213737912637545,0.3520309477756286,0.7428571428571429,0.4008810572687225,True,19771,19.10174547184929,3.5430929230348123,True
531,17062,498,798,6700,522,0.0711428571428571,0.6058394160583942,0.6240601503759399,0.9540229885057472,True,17062,16.64958383514452,2.902824649822139,True
531,20579,6,798,2436,615,0.0018587360594795,0.0042643923240938,0.0075187969924812,0.0097560975609756,False,17062,16.64958383514452,2.902824649822139,True
531,18361,2,798,6243,603,0.0002841312686461,0.0014295925661186,0.0025062656641604,0.0033167495854063,False,17062,16.64958383514452,2.902824649822139,True
532,18300,378,491,1846,825,0.1929555895865237,0.4029850746268656,0.769857433808554,0.4581818181818182,True,18300,17.450431089141418,5.485244079613069,True
533,18316,138,251,2047,790,0.0638888888888888,0.1528239202657807,0.549800796812749,0.1746835443037974,True,18316,12.641789671785348,4.089400830753214,True
534,14707,378,543,6405,1643,0.0575342465753424,0.2090707964601769,0.6961325966850829,0.2300669506999391,True,14707,18.206006759060145,3.4847591935486295,True
534,17712,11,543,5663,2647,0.001775625504439,0.0034602076124567,0.0202578268876611,0.0041556479032867,False,14707,18.206006759060145,3.4847591935486295,True
535,18241,303,405,3848,537,0.0767088607594936,0.4741784037558685,0.7481481481481481,0.5642458100558659,True,18241,12.177853186920185,4.3878861121220725,True
536,17640,92,138,1876,415,0.0478668054110301,0.1995661605206073,0.6666666666666666,0.2216867469879518,True,17640,15.18136606173175,5.546802410944679,True
537,17665,299,541,4579,1429,0.0620203277328355,0.1789347695990424,0.5526802218114603,0.2092372288313506,True,17665,18.937468306867597,4.871629626316506,True
537,19748,79,541,1675,1401,0.0369677117454375,0.0424047235641438,0.1460258780036968,0.0563882940756602,False,17665,18.937468306867597,4.871629626316506,True
537,16989,38,541,3362,612,0.0098318240620957,0.0340807174887892,0.0702402957486136,0.0620915032679738,False,17665,18.937468306867597,4.871629626316506,True
538,18352,281,401,4180,576,0.0653488372093023,0.403735632183908,0.7007481296758105,0.4878472222222222,True,18352,29.444727363143418,4.354334578568756,True
538,20087,58,401,3097,1209,0.016860465116279,0.0373711340206185,0.1446384039900249,0.0479735318444995,False,18352,29.444727363143418,4.354334578568756,True
539,18832,123,279,1902,1440,0.0597667638483965,0.0770676691729323,0.4408602150537634,0.0854166666666666,True,16962,10.634641426415271,7.051435225218612,True
539,17640,73,279,1876,977,0.0350624399615754,0.0617075232459847,0.2616487455197133,0.074718526100307,False,16962,10.634641426415271,7.051435225218612,True
540,18897,427,502,3648,651,0.1146924523233951,0.5881542699724518,0.850597609561753,0.6559139784946236,True,18897,22.612634641203563,6.177865309108636,True
541,17668,0,316,5579,0,0.0,0.0,0.0,0.0,False,17668,3.3791593178770656,2.7166261389987088,False
542,20719,355,1283,659,659,0.2236925015752993,0.2236925015752993,0.2766952455183164,0.5386949924127465,True,19765,14.67652761852799,7.264458480545434,True
542,19765,405,1283,5016,3145,0.0687139463861554,0.1006711409395973,0.3156664068589244,0.1287758346581876,False,19765,14.67652761852799,7.264458480545434,True
542,17022,34,1283,4354,495,0.0060681777619132,0.0194954128440367,0.0265003897116134,0.0686868686868686,False,19765,14.67652761852799,7.264458480545434,True
543,18917,101,378,5184,2374,0.0184947811756088,0.0380988306299509,0.2671957671957672,0.0425442291491154,False,11480,6.115503830718247,5.048062138232802,False
544,20575,12,546,522,165,0.0113636363636363,0.0171673819742489,0.0219780219780219,0.0727272727272727,False,20575,5.217659390550241,4.711140246420025,False
544,20088,25,546,3337,1138,0.0064800414722654,0.0150693188667872,0.0457875457875457,0.0219683655536028,False,20575,5.217659390550241,4.711140246420025,False
545,16954,97,405,2232,367,0.0381889763779527,0.1437037037037037,0.2395061728395061,0.2643051771117166,True,16954,15.264457586647755,6.144487035747871,True
545,18832,61,405,1902,1030,0.0271593944790739,0.044395924308588,0.1506172839506173,0.0592233009708737,False,16954,15.264457586647755,6.144487035747871,True
545,18827,12,405,3131,833,0.003405221339387,0.0097879282218597,0.0296296296296296,0.0144057623049219,False,16954,15.264457586647755,6.144487035747871,True
545,17640,2,405,1876,977,0.0008775778850372,0.0014492753623188,0.0049382716049382,0.0020470829068577,False,16954,15.264457586647755,6.144487035747871,True
546,19357,503,650,2621,507,0.1817196531791907,0.7691131498470948,0.7738461538461539,0.9921104536489151,True,19357,25.75798678756438,2.761073885545303,True
547,19374,500,638,4490,1861,0.1080380293863439,0.2501250625312656,0.7836990595611285,0.2686727565824825,True,19374,18.42361539225895,2.778440619995173,True
548,19363,361,503,2099,684,0.1610887996430165,0.437046004842615,0.7176938369781312,0.5277777777777778,True,19363,20.24746767065736,3.945557793921951,True
549,18319,496,607,3660,568,0.1315300981172102,0.7304860088365243,0.8171334431630972,0.8732394366197183,True,18319,17.98106293687561,3.4515946588885473,True
550,19742,258,680,3586,1241,0.0643712574850299,0.1551413108839446,0.3794117647058823,0.2078968573730862,True,19742,12.289771850341857,5.822143252627535,True
550,12539,151,680,6721,955,0.0208275862068965,0.1017520215633423,0.2220588235294117,0.1581151832460733,False,19742,12.289771850341857,5.822143252627535,True
551,18872,134,429,2486,503,0.0481841064365336,0.1679197994987468,0.3123543123543124,0.2664015904572565,True,18872,6.487783011306924,5.042435882795256,False
551,19363,3,429,2099,314,0.0011881188118811,0.004054054054054,0.0069930069930069,0.0095541401273885,False,18872,6.487783011306924,5.042435882795256,False
551,16991,2,429,5040,534,0.0003658313517468,0.0020811654526534,0.0046620046620046,0.0037453183520599,False,18872,6.487783011306924,5.042435882795256,False
552,20088,545,634,3337,1138,0.1590776415645067,0.4441727791361043,0.8596214511041009,0.4789103690685413,True,20088,19.39794892291,2.711665767657492,True
553,20575,91,236,522,165,0.136431784107946,0.2935483870967741,0.3855932203389831,0.5515151515151515,True,20575,23.824901008276118,2.7866939683082603,True
554,10816,626,670,11590,1265,0.0538078047103317,0.4782276546982429,0.9343283582089552,0.4948616600790513,True,10816,21.73160441999817,3.963498512129739,True
554,20713,9,670,286,286,0.0095036958817317,0.0095036958817317,0.0134328358208955,0.0314685314685314,False,10816,21.73160441999817,3.963498512129739,True
555,17665,0,343,4579,0,0.0,0.0,0.0,0.0,False,17665,4.697361899605799,3.9362918741793824,False
556,17712,591,684,5663,1868,0.102675469075747,0.3013768485466598,0.8640350877192983,0.3163811563169165,True,17712,18.14676690749742,3.3711549015101,True
557,19355,450,578,2532,1355,0.169172932330827,0.3034389750505731,0.7785467128027682,0.3321033210332103,True,19355,21.6054595288917,3.7056510704952204,True
558,19374,87,370,4490,1978,0.0182275298554368,0.0384785493144626,0.2351351351351351,0.0439838220424671,False,19374,5.842638538717993,5.624167447811697,False
558,18306,4,370,3104,1157,0.0011527377521613,0.0026263952724885,0.0108108108108108,0.003457216940363,False,19374,5.842638538717993,5.624167447811697,False
559,19373,390,538,3179,865,0.1172227231740306,0.384995064165844,0.724907063197026,0.4508670520231214,True,19373,21.935629611817877,4.841473779927678,True
559,18315,7,538,3672,903,0.0016654770402093,0.004881450488145,0.0130111524163568,0.0077519379844961,False,19373,21.935629611817877,4.841473779927678,True
560,18898,0,386,2131,0,0.0,0.0,0.0,0.0,False,18898,4.917990865402213,3.8555877050541634,False
561,18361,524,613,6243,1131,0.0827542640555906,0.4295081967213114,0.8548123980424144,0.4633068081343943,True,18361,18.17405326356343,2.9256734303463525,True
561,20932,5,613,2480,1048,0.0016191709844559,0.0030193236714975,0.0081566068515497,0.0047709923664122,False,18361,18.17405326356343,2.9256734303463525,True
562,18827,470,580,3131,1945,0.1450169700709657,0.2287104622871046,0.8103448275862069,0.2416452442159383,True,18827,21.91554173009174,4.783057641763722,True
562,18832,48,580,1902,926,0.019720624486442,0.0329218106995884,0.0827586206896551,0.0518358531317494,False,18827,21.91554173009174,4.783057641763722,True
563,18288,206,506,1812,799,0.0975378787878787,0.1874431301182893,0.4071146245059288,0.2578222778473091,True,17644,12.350974331923027,7.987624525983584,True
563,17644,51,506,1941,254,0.0212854757929883,0.0719322990126939,0.1007905138339921,0.2007874015748031,False,17644,12.350974331923027,7.987624525983584,True
563,18280,10,506,3390,898,0.0025733401955738,0.0071736011477761,0.0197628458498023,0.0111358574610244,False,17644,12.350974331923027,7.987624525983584,True
564,18315,384,422,3672,965,0.1035040431266846,0.382851445663011,0.909952606635071,0.3979274611398963,True,18315,22.766565779384436,5.588165192096032,True
564,19373,18,422,3179,843,0.005023723137036,0.0144346431435445,0.0426540284360189,0.0213523131672597,False,18315,22.766565779384436,5.588165192096032,True
564,18319,11,422,3660,1143,0.0027020388111029,0.007078507078507,0.0260663507109004,0.0096237970253718,False,18315,22.766565779384436,5.588165192096032,True
565,19762,297,733,2269,1014,0.1097966728280961,0.2048275862068965,0.4051841746248295,0.2928994082840236,True,19762,18.553403382908254,2.8058465410321656,True
565,17694,253,733,2668,874,0.0803684879288437,0.1868537666174298,0.3451568894952251,0.2894736842105263,False,19762,18.553403382908254,2.8058465410321656,True
566,19327,189,646,2478,192,0.0643952299829642,0.2912172573189522,0.2925696594427244,0.984375,True,19327,27.859053499404673,4.403529493936184,True
566,20713,34,646,286,286,0.0378619153674833,0.0378619153674833,0.0526315789473684,0.1188811188811188,False,19327,27.859053499404673,4.403529493936184,True
566,16947,11,646,4233,450,0.0022596548890714,0.0101382488479262,0.0170278637770897,0.0244444444444444,False,19327,27.859053499404673,4.403529493936184,True
566,10816,9,646,11590,526,0.0007360758976036,0.0077386070507308,0.0139318885448916,0.0171102661596958,False,19327,27.859053499404673,4.403529493936184,True
567,18272,236,324,2789,401,0.0820298922488703,0.4826175869120654,0.7283950617283951,0.5885286783042394,True,18272,15.162643184007665,2.8145304954309665,True
568,18272,11,260,2789,401,0.0036208031599736,0.0169230769230769,0.0423076923076923,0.027431421446384,False,18272,5.0425505238556,4.585457548010793,False
569,19344,23,376,2999,1159,0.0068615751789976,0.0152116402116402,0.0611702127659574,0.0198446937014667,False,19344,4.289500497599038,4.047725176945957,False
569,19355,5,376,2532,929,0.0017223561832586,0.0038461538461538,0.0132978723404255,0.0053821313240043,False,19344,4.289500497599038,4.047725176945957,False
570,17631,335,439,3532,847,0.0921342134213421,0.352260778128286,0.7630979498861048,0.3955135773317591,True,17631,22.78014339997606,2.5360651084382524,True
571,16991,473,639,5040,1100,0.0908567038033038,0.3736176935229068,0.7402190923317684,0.43,True,16991,15.529673534177974,5.361238652320156,True
571,19347,49,639,2407,690,0.0163496830163496,0.03828125,0.0766823161189358,0.0710144927536231,False,16991,15.529673534177974,5.361238652320156,True
572,18344,0,208,3437,0,0.0,0.0,0.0,0.0,False,18344,7.393767452544183,3.913093985700615,False
573,18306,359,485,3104,1157,0.1111455108359133,0.2798129384255651,0.7402061855670103,0.3102852203975799,True,18306,18.07430834932983,2.9506934899700057,True
574,19376,610,840,4160,1860,0.1389521640091116,0.291866028708134,0.7261904761904762,0.3279569892473118,True,19376,19.402747411276202,3.4695799579564586,True
574,18870,3,840,3275,1411,0.0007295719844357,0.0013345195729537,0.0035714285714285,0.0021261516654854,False,19376,19.402747411276202,3.4695799579564586,True
575,20932,296,726,2480,2480,0.1017182130584192,0.1017182130584192,0.4077134986225895,0.1193548387096774,True,20932,4.503707468474718,3.4666251044045566,False
575,18361,17,726,6243,1201,0.0024453394706559,0.0089005235602094,0.0234159779614325,0.0141548709408825,False,20932,4.503707468474718,3.4666251044045566,False
576,18280,440,565,3390,898,0.1251778093883357,0.4301075268817204,0.7787610619469026,0.4899777282850779,True,18280,20.836138568467558,5.58931659010429,True
576,18288,60,565,1812,799,0.0258955545964609,0.0460122699386503,0.1061946902654867,0.0750938673341677,False,18280,20.836138568467558,5.58931659010429,True
576,17644,22,565,1941,254,0.0088566827697262,0.027603513174404,0.0389380530973451,0.0866141732283464,False,18280,20.836138568467558,5.58931659010429,True
577,19344,513,558,2999,1159,0.1685282522996057,0.4260797342192691,0.9193548387096774,0.4426229508196721,True,19344,26.284981148800238,3.550291990255355,True
578,20067,244,609,1804,752,0.1124942369755647,0.2184422560429722,0.4006568144499179,0.324468085106383,True,20067,16.025683947172805,5.694238151643825,True
578,18315,71,609,3672,965,0.0168646080760095,0.0472388556220891,0.1165845648604269,0.0735751295336787,False,20067,16.025683947172805,5.694238151643825,True
578,13104,5,609,6573,594,0.0006966699177929,0.0041736227045075,0.0082101806239737,0.0084175084175084,False,20067,16.025683947172805,5.694238151643825,True
578,18319,1,609,3660,1143,0.0002343017806935,0.0005711022272986,0.0016420361247947,0.0008748906386701,False,20067,16.025683947172805,5.694238151643825,True
579,17644,0,478,1941,0,0.0,0.0,0.0,0.0,False,17644,4.544521622531953,2.7536177030495392,False
580,19775,450,607,2855,463,0.149402390438247,0.7258064516129032,0.7413509060955519,0.9719222462203024,True,19775,21.558347690033905,4.144209486220736,True
580,19764,1,607,3103,536,0.0002696144513345,0.0008756567425569,0.0016474464579901,0.001865671641791,False,19775,21.558347690033905,4.144209486220736,True
582,18898,176,726,2131,1333,0.0656471465870943,0.0934678704195432,0.2424242424242424,0.132033008252063,True,20362,19.68426534701036,7.565342103434339,True
582,20362,165,726,1211,1211,0.0931151241534988,0.0931151241534988,0.2272727272727272,0.1362510322047894,False,20362,19.68426534701036,7.565342103434339,True
582,18324,54,726,2144,531,0.0191761363636363,0.0448877805486284,0.0743801652892562,0.1016949152542373,False,20362,19.68426534701036,7.565342103434339,True
582,17697,23,726,2325,581,0.0075957727873183,0.0179127725856697,0.0316804407713498,0.0395869191049913,False,20362,19.68426534701036,7.565342103434339,True
583,10797,511,582,10182,1225,0.0498390714912708,0.3942901234567901,0.8780068728522337,0.4171428571428571,True,10797,25.361413398841457,3.4107525791072852,True
583,20713,47,582,286,286,0.0572472594397076,0.0572472594397076,0.0807560137457044,0.1643356643356643,False,10797,25.361413398841457,3.4107525791072852,True
583,10816,7,582,11590,1265,0.0005754212905877,0.0038043478260869,0.0120274914089347,0.0055335968379446,False,10797,25.361413398841457,3.4107525791072852,True
584,18907,528,649,5049,709,0.102127659574468,0.636144578313253,0.8135593220338984,0.7447108603667136,True,18907,14.501359986099256,2.598749904728067,True
585,19347,268,569,2407,690,0.0989660265878877,0.2704339051463169,0.4710017574692443,0.3884057971014493,True,13589,14.592956707897642,8.468139908512876,True
585,13589,274,569,5287,772,0.0490863489788606,0.2567947516401124,0.4815465729349736,0.3549222797927461,False,13589,14.592956707897642,8.468139908512876,True
586,18907,20,417,5049,709,0.0036724201248622,0.0180831826401446,0.0479616306954436,0.0282087447108603,False,18907,3.8532591674931593,2.841365349626432,False
587,17005,362,1176,3853,887,0.0775658881508463,0.2128159905937683,0.3078231292517007,0.4081172491544532,True,17005,7.163578732849816,3.3123656774105124,False
587,18309,40,1176,2809,484,0.0101394169835234,0.0246913580246913,0.0340136054421768,0.0826446280991735,False,17005,7.163578732849816,3.3123656774105124,False
588,19379,468,670,3128,1454,0.1405405405405405,0.2826086956521739,0.6985074626865672,0.3218707015130674,True,19379,25.75423864732737,2.645419236750162,True
589,19378,500,611,3857,1134,0.126008064516129,0.4016064257028112,0.8183306055646481,0.4409171075837742,True,19378,28.862933251893992,3.6656987552676514,True
590,13104,288,694,6573,594,0.0412666571141997,0.288,0.414985590778098,0.4848484848484848,True,13104,14.772767624088278,4.4050480431611385,True
590,20061,83,694,2143,989,0.0301379811183732,0.051875,0.1195965417867435,0.0839231547017189,False,13104,14.772767624088278,4.4050480431611385,True
590,16995,11,694,4872,906,0.0019801980198019,0.0069225928256765,0.015850144092219,0.0121412803532008,False,13104,14.772767624088278,4.4050480431611385,True
590,20067,5,694,1804,752,0.0020056157240272,0.0034698126301179,0.0072046109510086,0.0066489361702127,False,13104,14.772767624088278,4.4050480431611385,True
591,16947,388,460,4233,450,0.0901277584204413,0.7432950191570882,0.8434782608695652,0.8622222222222222,True,16947,30.069633302149327,3.4679212737593654,True
592,19337,347,517,1923,686,0.1657907310081223,0.4053738317757009,0.6711798839458414,0.5058309037900874,True,19337,22.7433111347964,4.359716078054423,True
592,19344,13,517,2999,1127,0.0037111047673422,0.0079705702023298,0.0251450676982591,0.0115350488021295,False,19337,22.7433111347964,4.359716078054423,True
593,18324,330,623,2144,531,0.135412392285597,0.4004854368932038,0.5296950240770465,0.6214689265536724,True,18324,23.432950076461985,6.40149803328875,True
593,17697,149,623,2325,581,0.0532332976062879,0.1412322274881516,0.2391653290529695,0.2564543889845094,False,18324,23.432950076461985,6.40149803328875,True
594,19764,519,754,3103,1055,0.1554823247453565,0.4023255813953488,0.6883289124668435,0.4919431279620853,True,19764,24.615332113719727,3.5818231160027656,True
595,16995,448,828,4872,1382,0.0853008377760853,0.2542565266742338,0.5410628019323671,0.3241678726483357,True,16995,20.22380088619797,5.027562198840312,True
595,20061,157,828,2143,1591,0.0557924662402274,0.0694076038903625,0.1896135265700483,0.0986800754242614,False,16995,20.22380088619797,5.027562198840312,True
595,13104,1,828,6573,774,0.0001351351351351,0.0006246096189881,0.001207729468599,0.0012919896640826,False,16995,20.22380088619797,5.027562198840312,True
596,18870,446,595,3275,916,0.1302570093457944,0.4187793427230047,0.7495798319327731,0.4868995633187773,True,18870,19.736928505487715,5.131666983152463,True
596,18869,102,595,1937,853,0.0419753086419753,0.075780089153046,0.1714285714285714,0.1195779601406799,False,18870,19.736928505487715,5.131666983152463,True
596,19376,3,595,4160,1221,0.0006313131313131,0.0016547159404302,0.0050420168067226,0.0024570024570024,False,18870,19.736928505487715,5.131666983152463,True
597,19312,325,519,3694,1438,0.0835905349794238,0.199142156862745,0.626204238921002,0.2260083449235048,True,19312,19.759512999035934,3.020916770325408,True
598,18869,306,370,1937,853,0.1529235382308845,0.3336968375136314,0.827027027027027,0.3587338804220398,True,18869,17.48910340066433,4.33294370291473,True
599,19324,282,422,1684,753,0.1546052631578947,0.3157894736842105,0.6682464454976303,0.3745019920318725,True,19324,21.9922275659273,2.6178863071884613,True
600,17702,391,496,3965,1320,0.096068796068796,0.2743859649122807,0.7883064516129032,0.2962121212121212,True,17702,23.33121183619648,3.053792430000947,True
601,19313,334,346,2576,441,0.1290571870170015,0.7373068432671082,0.9653179190751444,0.7573696145124716,True,19313,30.682613211573006,5.532706510656525,True
601,19315,8,346,2274,617,0.003062787136294,0.0083769633507853,0.0231213872832369,0.012965964343598,False,19313,30.682613211573006,5.532706510656525,True
602,14641,0,245,4674,0,0.0,0.0,0.0,0.0,False,14641,10.77499793537299,4.889001256088028,True
603,19758,465,637,3630,1439,0.1223040504997369,0.2886405959031657,0.7299843014128728,0.3231410701876303,True,19758,30.263275173361418,3.9593876573228015,True
603,19378,48,637,3857,1673,0.0107962213225371,0.0212201591511936,0.075353218210361,0.0286909742976688,False,19758,30.263275173361418,3.9593876573228015,True
604,19728,0,603,2075,0,0.0,0.0,0.0,0.0,False,19728,25.72026812615577,4.7265342663600345,True
605,19763,448,595,3234,918,0.1325051759834368,0.4206572769953051,0.7529411764705882,0.4880174291938998,True,19763,20.77174265235969,4.6771751735027625,True
606,19767,0,320,2852,0,0.0,0.0,0.0,0.0,False,19767,8.952679024290514,1.5883853371912027,False
607,15214,424,479,5262,913,0.079744216663532,0.4380165289256198,0.8851774530271399,0.4644030668127054,True,15214,21.034823379854046,3.6960164698392988,True
608,19315,197,250,2274,617,0.0846583584013751,0.2940298507462686,0.788,0.3192868719611021,True,19724,23.099283231437447,4.604619514277375,True
609,18251,0,653,5018,0,0.0,0.0,0.0,0.0,False,18251,32.971444515033646,4.843332100946188,True
610,7372,417,443,12205,999,0.0340936963453519,0.4068292682926829,0.9413092550790068,0.4174174174174174,True,7372,26.55512498494268,3.6784036627503527,True
611,20343,63,238,210,97,0.1636363636363636,0.2316176470588235,0.2647058823529412,0.6494845360824743,True,20343,18.556617849970266,4.721826645162364,True
612,20717,0,489,252,0,0.0,0.0,0.0,0.0,False,20717,3.887466240323602,2.5002809380517235,False
613,19375,253,418,2129,391,0.1102877070619006,0.4550359712230216,0.6052631578947368,0.6470588235294118,True,19375,22.87407110817909,5.878057446978522,True
613,17702,42,418,3965,869,0.0096751900483759,0.0337349397590361,0.1004784688995215,0.048331415420023,False,19375,22.87407110817909,5.878057446978522,True
614,18201,0,265,3063,0,0.0,0.0,0.0,0.0,False,18201,4.104377364339599,3.4492273286034822,False
615,20332,82,274,1032,316,0.0669934640522875,0.1614173228346456,0.2992700729927007,0.2594936708860759,True,20329,8.579403080745832,8.344793808572126,False
615,18201,7,274,3063,939,0.0021021021021021,0.005804311774461,0.0255474452554744,0.007454739084132,False,20329,8.579403080745832,8.344793808572126,False
616,17620,0,233,2604,0,0.0,0.0,0.0,0.0,False,17620,19.96212242590859,4.044408995053699,True
617,14650,54,201,6385,712,0.0082669932639314,0.0628637951105937,0.2686567164179104,0.0758426966292134,False,14650,12.357013453737876,2.876837669897247,True
618,19352,562,1181,3453,1695,0.1380157170923379,0.2428694900605013,0.4758679085520745,0.3315634218289086,True,19352,13.476032152535238,8.319817399910846,True
618,19750,147,1181,813,551,0.0795885219274499,0.0927444794952681,0.1244707874682472,0.2667876588021778,False,19352,13.476032152535238,8.319817399910846,True
618,18309,37,1181,2809,1518,0.0093599797622059,0.0138993238166791,0.0313293818797629,0.0243741765480895,False,19352,13.476032152535238,8.319817399910846,True
618,17660,7,1181,3419,1060,0.0015240583496625,0.0031333930170098,0.0059271803556308,0.0066037735849056,False,19352,13.476032152535238,8.319817399910846,True
619,19750,0,434,813,0,0.0,0.0,0.0,0.0,False,19750,4.285817158234016,3.7948055693290357,False
620,16307,564,690,6082,649,0.0908505154639175,0.727741935483871,0.8173913043478261,0.8690292758089369,True,16307,20.464163143587815,4.418389480355403,True
621,20049,195,350,742,414,0.217391304347826,0.3427065026362039,0.5571428571428572,0.4710144927536231,True,20049,27.609361726360387,4.799079859600309,True
621,20042,7,350,1858,932,0.0031803725579282,0.0054901960784313,0.02,0.0075107296137339,False,20049,27.609361726360387,4.799079859600309,True
622,14650,272,374,6385,331,0.0419300138739016,0.628175519630485,0.7272727272727273,0.8217522658610272,True,14650,14.68584420786651,4.414398444687937,True
623,18287,250,396,2240,575,0.104777870913663,0.3467406380027739,0.6313131313131313,0.4347826086956521,True,18287,22.147771811298075,5.940840234558346,True
623,19342,33,396,3894,1710,0.0077519379844961,0.0159189580318379,0.0833333333333333,0.019298245614035,False,18287,22.147771811298075,5.940840234558346,True
623,20061,17,396,2143,1591,0.0067406819984139,0.0086294416243654,0.0429292929292929,0.0106851037083595,False,18287,22.147771811298075,5.940840234558346,True
624,19342,432,592,3894,1243,0.1065614208189442,0.307911617961511,0.7297297297297297,0.3475462590506838,True,19342,18.15392621205643,6.663860579286632,True
624,20061,141,592,2143,1100,0.0543562066306862,0.0909090909090909,0.2381756756756756,0.1281818181818181,False,19342,18.15392621205643,6.663860579286632,True
625,15732,100,649,3791,380,0.0230414746543778,0.1076426264800861,0.1540832049306625,0.2631578947368421,True,15732,8.202426651078232,2.662161393154193,False
626,18876,430,564,4442,468,0.0939685314685314,0.7142857142857143,0.7624113475177305,0.9188034188034188,True,18876,21.567354080811672,3.868863193058228,True
626,19375,4,564,2129,391,0.0014875418371141,0.0042060988433228,0.0070921985815602,0.0102301790281329,False,18876,21.567354080811672,3.868863193058228,True
627,19303,0,152,2004,0,0.0,0.0,0.0,0.0,False,19303,4.082054571080782,3.972084914594325,False
628,14618,396,401,8094,580,0.0488949252994196,0.676923076923077,0.9875311720698254,0.6827586206896552,True,14618,34.29055780239672,2.50425632248381,True
629,18893,0,477,1074,0,0.0,0.0,0.0,0.0,False,18893,4.352518606019661,2.8139224039582724,False
630,18836,353,412,2601,739,0.1327067669172932,0.4423558897243108,0.8567961165048543,0.4776725304465494,True,18836,20.10100756475021,4.3804574941417105,True
630,19736,13,412,2428,818,0.0045985143261407,0.0106820049301561,0.0315533980582524,0.0158924205378973,False,18836,20.10100756475021,4.3804574941417105,True
631,17654,26,513,2111,631,0.0100076982294072,0.0232558139534883,0.0506822612085769,0.0412044374009508,True,16968,20.036980738387303,6.995048525618938,True
632,19346,829,973,6172,2603,0.1312539582013933,0.3017837641062977,0.8520041109969168,0.3184786784479447,True,19346,33.301949215722,3.0128609040244267,True
633,18764,0,344,3644,0,0.0,0.0,0.0,0.0,False,18764,3.6541336152550925,3.03849751732093,False
634,17612,350,585,4336,765,0.0765696784073506,0.35,0.5982905982905983,0.457516339869281,True,17612,16.59832147050572,3.048756096489057,True
635,18849,399,505,3652,424,0.1061734965407131,0.7528301886792453,0.7900990099009901,0.9410377358490566,True,18849,19.47914791793702,3.217003947525226,True
636,19715,172,674,2813,1169,0.0518853695324283,0.1029323758228605,0.2551928783382789,0.1471343028229255,False,19715,4.6261564113965905,3.804007797647249,False
637,17671,0,458,2225,0,0.0,0.0,0.0,0.0,False,17671,5.805550953350467,4.602858088302309,False
638,17544,0,163,2484,0,0.0,0.0,0.0,0.0,False,17544,4.285141499204852,3.3101109168842213,False
639,19715,437,706,2813,1169,0.1417910447761194,0.303894297635605,0.6189801699716714,0.3738237810094098,True,19715,10.977076068788191,7.081511756640544,True
639,19303,26,706,2004,487,0.0096870342771982,0.0222793487574978,0.036827195467422,0.0533880903490759,False,19715,10.977076068788191,7.081511756640544,True
639,18790,5,706,2152,188,0.0017525411847178,0.0056242969628796,0.0070821529745042,0.026595744680851,False,19715,10.977076068788191,7.081511756640544,True
640,18880,471,606,3339,1998,0.1355785837651122,0.220815752461322,0.7772277227722773,0.2357357357357357,True,18880,18.65449156866954,5.557689170283412,True
641,18803,349,446,3470,981,0.0978413232408186,0.323747680890538,0.7825112107623319,0.3557594291539245,True,18803,16.95486599418731,3.1244242480852007,True
642,20042,388,498,1858,932,0.1971544715447154,0.3723608445297505,0.7791164658634538,0.4163090128755364,True,20042,22.545835374881914,4.696218537260317,True
642,20049,2,498,742,414,0.0016155088852988,0.0021978021978021,0.0040160642570281,0.0048309178743961,False,20042,22.545835374881914,4.696218537260317,True
643,19736,252,258,2428,890,0.1035332785538208,0.28125,0.9767441860465116,0.2831460674157303,True,19736,17.461359441440933,8.509575271511718,True
643,18836,3,258,2601,755,0.0010504201680672,0.0029702970297029,0.0116279069767441,0.0039735099337748,False,19736,17.461359441440933,8.509575271511718,True
644,19310,145,482,2968,578,0.0438729198184568,0.1584699453551912,0.3008298755186722,0.2508650519031142,True,19310,23.79868910068902,4.500758128956013,True
644,16314,1,482,5476,439,0.0001678697330871,0.0010869565217391,0.0020746887966804,0.0022779043280182,False,19310,23.79868910068902,4.500758128956013,True
645,19331,485,691,3365,1576,0.1358162979557547,0.2721661054994388,0.7018813314037626,0.307741116751269,True,19331,20.372523068584254,3.638629462211079,True
646,17660,426,961,3419,757,0.1077389984825493,0.3297213622291021,0.4432882414151925,0.5627476882430648,True,17660,18.713958814339943,3.3954147717243868,True
646,15725,116,961,3719,218,0.0254163014899211,0.1091251175917215,0.1207075962539021,0.5321100917431193,False,17660,18.713958814339943,3.3954147717243868,True
646,19352,20,961,3453,1140,0.004551661356395,0.0096107640557424,0.0208116545265348,0.0175438596491228,False,17660,18.713958814339943,3.3954147717243868,True
646,18850,3,961,3983,1155,0.0006071645415907,0.0014197823000473,0.0031217481789802,0.0025974025974025,False,17660,18.713958814339943,3.3954147717243868,True
647,19349,486,538,3679,1057,0.1302599839185205,0.4382326420198377,0.9033457249070632,0.4597918637653737,True,19349,28.514381963651942,2.88630921955868,True
648,14008,209,251,7386,802,0.0281367797522886,0.2476303317535545,0.8326693227091634,0.2605985037406483,True,14008,26.440370629296435,3.197868505531284,True
649,20064,302,515,2016,1587,0.1354867653656348,0.1677777777777777,0.5864077669902913,0.1902961562696912,True,20064,16.591524933683644,4.3324472490287995,True
649,18305,1,515,3458,1707,0.0002517623363544,0.0004502476361999,0.0019417475728155,0.0005858230814294,False,20064,16.591524933683644,4.3324472490287995,True
650,16966,612,829,4366,2716,0.1335369845079642,0.2086600750085236,0.738238841978287,0.2253313696612665,True,16966,16.27421510887756,4.433254274048006,True
650,16970,22,829,2289,1036,0.0071059431524547,0.0119370591427021,0.0265379975874547,0.0212355212355212,False,16966,16.27421510887756,4.433254274048006,True
651,19300,443,609,2870,1433,0.1459156785243741,0.2770481550969356,0.7274220032840722,0.3091416608513608,True,19300,28.569683163272256,2.7835650111539714,True
652,15204,222,487,5928,477,0.035846923946391,0.2991913746630728,0.4558521560574948,0.4654088050314465,True,15204,26.196396216829022,4.881565280528694,True
652,19317,81,487,3125,1087,0.0229396771452846,0.0542531815137307,0.1663244353182751,0.0745170193192272,False,15204,26.196396216829022,4.881565280528694,True
652,19736,55,487,2428,818,0.0192307692307692,0.044,0.1129363449691991,0.0672371638141809,False,15204,26.196396216829022,4.881565280528694,True
653,17624,411,499,4536,918,0.0888840830449827,0.4085487077534791,0.8236472945891784,0.4477124183006536,True,17624,20.40728927029152,4.305889329098111,True
653,16950,29,499,4170,704,0.00625,0.024701873935264,0.0581162324649298,0.0411931818181818,False,17624,20.40728927029152,4.305889329098111,True
654,14101,260,683,5351,769,0.0450294423276757,0.2181208053691275,0.3806734992679356,0.3381014304291287,True,14101,11.516807835882556,4.510983434158704,True
655,18860,121,401,1955,1168,0.0541387024608501,0.0835635359116022,0.3017456359102244,0.1035958904109589,True,12042,10.066369765833175,5.698382639848087,True
657,18768,234,452,3798,967,0.0582669322709163,0.1974683544303797,0.5176991150442478,0.2419855222337125,True,18189,8.522112135825768,8.333364722027598,False
657,18189,195,452,3252,964,0.0555713878597891,0.1597051597051597,0.4314159292035398,0.2022821576763485,False,18189,8.522112135825768,8.333364722027598,False
658,20034,315,548,1383,337,0.1949257425742574,0.5526315789473685,0.5748175182481752,0.9347181008902076,True,20034,30.415193505146277,3.458005517599861,True
659,16950,351,508,4170,837,0.0811185578923041,0.3531187122736418,0.6909448818897638,0.4193548387096774,True,16950,21.610758632729333,5.105581995732732,True
659,16943,41,508,5035,649,0.0074518356961105,0.0367383512544802,0.0807086614173228,0.0631741140215716,False,16950,21.610758632729333,5.105581995732732,True
659,19736,16,508,2428,890,0.0054794520547945,0.0115774240231548,0.0314960629921259,0.0179775280898876,False,16950,21.610758632729333,5.105581995732732,True
660,16970,43,387,2289,561,0.0163311811621724,0.0475138121546961,0.1111111111111111,0.0766488413547237,True,16959,4.550708966712332,3.115271312753149,False
660,16959,30,387,3985,962,0.0069092584062643,0.0227445034116755,0.0775193798449612,0.0311850311850311,False,16959,4.550708966712332,3.115271312753149,False
661,16314,233,272,5476,439,0.042248413417951,0.4874476987447699,0.8566176470588235,0.530751708428246,True,16314,16.039276194427458,5.909194359464236,True
661,19310,24,272,2968,578,0.0074626865671641,0.0290556900726392,0.088235294117647,0.0415224913494809,False,16314,16.039276194427458,5.909194359464236,True
662,14101,44,390,5351,769,0.0077233631736001,0.0394618834080717,0.1128205128205128,0.0572171651495448,False,17622,6.393241731065334,5.758190744156409,False
662,17624,16,390,4536,918,0.0032586558044806,0.0123839009287925,0.041025641025641,0.0174291938997821,False,17622,6.393241731065334,5.758190744156409,False
662,17622,1,390,1940,348,0.0004293688278231,0.0013568521031207,0.0025641025641025,0.0028735632183908,True,17622,6.393241731065334,5.758190744156409,False
663,19341,653,1010,4586,1926,0.1321060084968642,0.2860271572492334,0.6465346534653466,0.3390446521287643,True,19341,28.865352629011774,3.523597156320944,True
663,19346,21,1010,6172,2603,0.002932551319648,0.0058463251670378,0.0207920792079207,0.0080676142912024,False,19341,28.865352629011774,3.523597156320944,True
663,19333,1,1010,2726,1541,0.0002677376171352,0.000392156862745,0.0009900990099009,0.0006489292667099,False,19341,28.865352629011774,3.523597156320944,True
664,18756,196,356,3916,1752,0.0480863591756624,0.102510460251046,0.550561797752809,0.1118721461187214,False,18756,10.346015852636743,3.6781376186007986,True
664,17544,1,356,2484,360,0.0003522367030644,0.0013986013986013,0.0028089887640449,0.0027777777777777,False,18756,10.346015852636743,3.6781376186007986,True
665,17544,98,375,2484,724,0.0354943860919956,0.0979020979020979,0.2613333333333333,0.1353591160220994,True,17544,10.188456423241291,4.207546700700754,True
666,18305,314,679,3458,1707,0.0821344493852995,0.1515444015444015,0.4624447717231222,0.1839484475688342,True,18305,14.480281548661349,4.235498187522656,True
667,19738,291,464,1587,686,0.1653409090909091,0.3387660069848661,0.6271551724137931,0.4241982507288629,True,19738,16.81707101218117,4.422914998757702,True
667,19331,20,464,3365,1046,0.0052507219742714,0.0134228187919463,0.043103448275862,0.0191204588910133,False,19738,16.81707101218117,4.422914998757702,True
668,18270,388,495,2991,1299,0.1252420916720464,0.2759601706970128,0.7838383838383839,0.2986913010007698,True,18270,20.856485010115755,4.089409033666722,True
668,19738,18,495,1587,1071,0.0087209302325581,0.0116279069767441,0.0363636363636363,0.0168067226890756,False,18270,20.856485010115755,4.089409033666722,True
669,18850,548,1091,3983,1733,0.1210782147591692,0.2407732864674868,0.5022914757103575,0.3162146566647432,True,18850,14.848160685888761,5.340015402959543,True
669,16959,215,1091,3985,1408,0.0442295823904546,0.0941330998248686,0.1970669110907424,0.1526988636363636,False,18850,14.848160685888761,5.340015402959543,True
670,17637,0,796,1708,0,0.0,0.0,0.0,0.0,False,17637,3.9913735255119307,3.111968515140495,False
671,15723,396,609,6515,952,0.0588585017835909,0.3399141630901287,0.6502463054187192,0.4159663865546218,True,15723,19.548092340056165,8.597301391337314,True
671,20351,26,609,181,181,0.0340314136125654,0.0340314136125654,0.0426929392446633,0.143646408839779,False,15723,19.548092340056165,8.597301391337314,True
672,18756,192,349,3916,1084,0.0471397004664866,0.1547139403706688,0.5501432664756447,0.1771217712177121,True,18756,9.030875023067422,6.632095742677672,False
672,18764,137,349,3644,1165,0.0355290456431535,0.0994916485112563,0.3925501432664756,0.1175965665236051,False,18756,9.030875023067422,6.632095742677672,False
673,19725,0,498,2945,0,0.0,0.0,0.0,0.0,False,19725,20.959525253759352,2.868352872949937,True
674,20562,56,503,325,143,0.0725388601036269,0.0949152542372881,0.1113320079522862,0.3916083916083916,True,20562,20.829465475692594,4.823233533707529,True
674,19333,83,503,2726,923,0.02638270820089,0.0618019359642591,0.1650099403578528,0.0899241603466955,False,20562,20.829465475692594,4.823233533707529,True
675,18779,590,673,3636,1304,0.1586447969884377,0.4253785147801009,0.8766716196136701,0.4524539877300613,True,18779,19.09029279881964,3.4954207224571263,True
675,18776,74,673,2693,483,0.0224787363304981,0.0683918669131238,0.1099554234769688,0.1532091097308488,False,18779,19.09029279881964,3.4954207224571263,True
676,16984,43,316,3082,402,0.012816691505216,0.0637037037037037,0.1360759493670886,0.1069651741293532,False,16982,6.737143046245801,5.30111425707438,False
676,15723,3,316,6515,1049,0.000439367311072,0.0022026431718061,0.0094936708860759,0.0028598665395614,False,16982,6.737143046245801,5.30111425707438,False
677,14119,348,837,3991,348,0.0776785714285714,0.4157706093189964,0.4157706093189964,1.0,True,17681,16.54246328031176,4.297269071711962,True
677,17681,253,837,5275,1153,0.0431814302782044,0.1456534254461715,0.3022700119474313,0.2194275802254987,False,17681,16.54246328031176,4.297269071711962,True
677,18860,52,837,1955,1168,0.018978102189781,0.0266257040450588,0.062126642771804,0.0445205479452054,False,17681,16.54246328031176,4.297269071711962,True
678,19281,377,458,3143,495,0.1169354838709677,0.6545138888888888,0.8231441048034934,0.7616161616161616,True,19281,19.07140088503215,4.240105343791736,True
678,14042,36,458,6405,509,0.0052731800205068,0.0386680988184747,0.0786026200873362,0.0707269155206286,False,19281,19.07140088503215,4.240105343791736,True
679,19317,439,497,3125,1226,0.1379202010681746,0.3419003115264797,0.8832997987927566,0.3580750407830342,True,19317,21.544697622229698,3.3175912773100085,True
680,17674,348,575,4654,1514,0.0712968653964351,0.1998851234922458,0.6052173913043478,0.2298546895640686,True,17674,15.360883161938203,4.638966178433484,True
680,17681,27,575,5275,1573,0.0046367851622874,0.0127298444130127,0.0469565217391304,0.0171646535282898,False,17674,15.360883161938203,4.638966178433484,True
681,20333,286,462,1228,819,0.2037037037037037,0.2874371859296482,0.6190476190476191,0.3492063492063492,True,20333,15.829139155811967,3.7876890941239907,True
682,6163,147,410,8794,671,0.0162305399138787,0.1573875802997858,0.3585365853658536,0.2190760059612518,True,16959,11.37079283683553,10.273283278435894,True
682,16959,192,410,3985,1532,0.0456816559600285,0.1097142857142857,0.4682926829268293,0.1253263707571801,False,16959,11.37079283683553,10.273283278435894,True
682,16970,57,410,2289,1036,0.0215745647236941,0.0410367170626349,0.1390243902439024,0.055019305019305,False,16959,11.37079283683553,10.273283278435894,True
684,20041,249,603,822,514,0.211734693877551,0.2868663594470046,0.4129353233830846,0.4844357976653696,True,20041,16.25359852091825,7.62322335248978,True
684,16943,261,603,5035,1119,0.0485400781104705,0.1786447638603696,0.4328358208955223,0.2332439678284182,False,20041,16.25359852091825,7.62322335248978,True
684,16950,19,603,4170,1170,0.0039966344131257,0.0108323831242873,0.0315091210613598,0.0162393162393162,False,20041,16.25359852091825,7.62322335248978,True
684,17624,2,603,4536,1351,0.0003893322951138,0.0010245901639344,0.0033167495854063,0.001480384900074,False,20041,16.25359852091825,7.62322335248978,True
685,14101,2,200,5351,356,0.0003604253018561,0.003610108303249,0.01,0.0056179775280898,False,17622,12.528676603862998,4.348985670950425,True
686,16984,172,224,3082,848,0.0548819400127632,0.1911111111111111,0.7678571428571429,0.2028301886792453,True,16984,11.681965403324025,5.563891000529583,True
686,18860,45,224,1955,1168,0.0210871602624179,0.0334075723830735,0.2008928571428571,0.0385273972602739,False,16984,11.681965403324025,5.563891000529583,True
687,17566,0,851,2359,0,0.0,0.0,0.0,0.0,False,17566,4.870272061392228,3.165260964972428,False
688,15629,163,170,6161,620,0.0264267185473411,0.2599681020733652,0.9588235294117649,0.2629032258064516,True,15629,19.498253598541716,3.3904091642759915,True
689,13484,205,466,8199,888,0.0242316784869976,0.1784160139251523,0.4399141630901287,0.2308558558558558,True,13484,8.331940388656935,3.9138858496380253,False
690,19335,533,937,3066,1086,0.1536023054755043,0.3577181208053691,0.5688367129135539,0.4907918968692449,True,19335,31.76811260720349,5.246316636849818,True
690,19333,123,937,2726,754,0.0347457627118644,0.0784438775510204,0.1312700106723585,0.163129973474801,False,19335,31.76811260720349,5.246316636849818,True
690,19328,24,937,4226,1307,0.0046701692936368,0.0108108108108108,0.0256136606189967,0.0183626625860749,False,19335,31.76811260720349,5.246316636849818,True
691,16265,315,525,8198,2071,0.037464319695528,0.138097325734327,0.6,0.1521004345726702,False,16265,5.193481947365927,2.748636482353714,False
692,19317,0,165,3125,0,0.0,0.0,0.0,0.0,False,19317,4.8168738034824905,3.6925784417276906,False
693,17518,17,319,4108,863,0.0038548752834467,0.0145922746781115,0.0532915360501567,0.0196987253765932,False,17518,5.444957908439169,3.2149767269022975,False
694,6163,78,421,8794,671,0.0085367188355039,0.0769230769230769,0.1852731591448931,0.1162444113263785,False,6163,6.566693537192985,3.9009152044814,False
694,16959,22,421,3985,1076,0.0050182481751824,0.0149152542372881,0.0522565320665083,0.020446096654275,False,6163,6.566693537192985,3.9009152044814,False
695,20050,541,901,2642,1516,0.1802131912058627,0.2883795309168444,0.6004439511653719,0.3568601583113456,True,20050,31.860092901750377,5.57334776345436,True
695,19333,83,901,2726,1422,0.0234198645598194,0.0370535714285714,0.0921198668146503,0.0583684950773558,False,20050,31.860092901750377,5.57334776345436,True
696,20054,410,759,1918,798,0.1808557565063961,0.3574542284219703,0.5401844532279315,0.5137844611528822,True,20054,21.122296395479502,3.9936356177111025,True
696,15723,47,759,6515,974,0.0065033900650339,0.027876631079478,0.061923583662714,0.0482546201232032,False,20054,21.122296395479502,3.9936356177111025,True
697,18185,654,771,4903,2110,0.1302788844621513,0.2936686124831612,0.8482490272373541,0.309952606635071,True,18185,21.264297134146315,2.1383824212838203,True
697,19276,24,771,2026,1128,0.0086548864046159,0.0128,0.0311284046692607,0.0212765957446808,False,18185,21.264297134146315,2.1383824212838203,True
698,14588,40,403,5048,496,0.0073923489188689,0.0465657741559953,0.0992555831265508,0.0806451612903225,True,14588,17.824581274474394,5.2870875312788455,True
698,19713,12,403,2321,928,0.0044247787610619,0.0090978013646702,0.0297766749379652,0.0129310344827586,False,14588,17.824581274474394,5.2870875312788455,True
699,18214,199,369,3065,655,0.0615146831530139,0.2412121212121212,0.5392953929539296,0.3038167938931297,True,18214,22.979446178554028,4.139460931917008,True
700,19269,552,707,3650,2704,0.1450722733245729,0.1930745015739769,0.7807637906647807,0.2041420118343195,True,19269,21.392809800690852,5.371248019394676,True
701,18193,473,674,4055,963,0.1111372180451127,0.4063573883161512,0.701780415430267,0.4911734164070612,True,18193,19.85721530871471,3.2085796850811654,True
702,16932,0,494,4375,0,0.0,0.0,0.0,0.0,False,16932,4.6654387778223745,3.5301783305715415,False
703,19713,453,520,2321,1011,0.1896984924623115,0.4202226345083488,0.8711538461538462,0.4480712166172106,True,19713,24.598613694618017,4.365596427892103,True
704,18262,270,626,1748,836,0.1283269961977186,0.2265100671140939,0.4313099041533546,0.3229665071770335,True,18262,9.17200873080743,5.297689438972321,False
704,17616,80,626,2836,980,0.0236546422235363,0.0524246395806028,0.1277955271565495,0.0816326530612244,False,18262,9.17200873080743,5.297689438972321,False
705,19345,339,467,3483,1051,0.0938798116865134,0.2875318066157761,0.7259100642398287,0.3225499524262607,True,19345,16.391081147087615,4.351766508636246,True
705,20347,26,467,2137,1359,0.0100853374709076,0.0144444444444444,0.0556745182012847,0.0191317144959529,False,19345,16.391081147087615,4.351766508636246,True
706,19276,320,433,2026,759,0.1496026180458158,0.3669724770642202,0.7390300230946882,0.4216073781291172,True,19276,17.8271664064249,3.725282451902808,True
707,18215,343,398,2929,829,0.1149463806970509,0.3880090497737556,0.8618090452261307,0.413751507840772,True,18215,20.39204226414724,3.4837726143655465,True
708,18250,415,437,3565,1547,0.1156955673264566,0.2644996813256851,0.9496567505720824,0.2682611506140918,True,18250,20.276777343671856,3.7241557076593765,True
709,16339,411,593,5243,1311,0.0757603686635944,0.275284661754856,0.6930860033726813,0.3135011441647597,True,16339,17.893666991802583,2.9803554186588084,True
710,17518,441,478,4108,863,0.1063932448733413,0.49,0.9225941422594144,0.5110081112398609,True,17518,29.158958598059638,4.901274047027137,True
711,18246,105,460,2071,235,0.0432811211871393,0.1779661016949152,0.2282608695652173,0.4468085106382978,True,18246,26.027104024131145,3.7129322804199147,True
712,18247,113,382,4408,1365,0.0241607868291639,0.0691554467564259,0.2958115183246073,0.0827838827838827,False,17615,11.615812903191642,6.344182530383638,True
712,18250,48,382,3565,996,0.0123108489356245,0.0360902255639097,0.1256544502617801,0.0481927710843373,False,17615,11.615812903191642,6.344182530383638,True
713,4357,155,591,11362,745,0.0131378199694863,0.1312447078746824,0.2622673434856176,0.2080536912751678,True,20040,19.827958152977043,10.591295365274764,True
713,15197,19,591,3893,339,0.0042553191489361,0.0208562019758507,0.0321489001692047,0.0560471976401179,False,20040,19.827958152977043,10.591295365274764,True
714,20347,342,494,2137,1173,0.1494102228047182,0.2581132075471698,0.6923076923076923,0.2915601023017903,True,20347,13.723654188239442,5.262383664642848,True
714,14663,33,494,5239,1126,0.0057894736842105,0.0207939508506616,0.0668016194331983,0.0293072824156305,False,20347,13.723654188239442,5.262383664642848,True
715,15686,244,444,4010,356,0.0579572446555819,0.4388489208633093,0.5495495495495496,0.6853932584269663,True,15686,16.853100277924163,4.426539121527891,True
716,16964,302,575,4771,1352,0.0598731165741475,0.1858461538461538,0.5252173913043479,0.2233727810650887,True,16964,13.095912086723564,5.7935780348290065,True
716,18283,107,575,1727,604,0.0487471526195899,0.0998134328358208,0.1860869565217391,0.1771523178807947,False,16964,13.095912086723564,5.7935780348290065,True
717,16847,533,545,4517,1183,0.1176860234047251,0.4460251046025104,0.9779816513761468,0.4505494505494505,True,16847,23.88334683624197,3.5316775246780314,True
717,19692,1,545,2452,1007,0.0003337783711615,0.0006447453255963,0.0018348623853211,0.0009930486593843,False,16847,23.88334683624197,3.5316775246780314,True
718,20318,239,499,806,550,0.224202626641651,0.2950617283950617,0.4789579158316633,0.4345454545454545,True,20318,15.132987155689799,4.125761879238622,True
719,19328,557,612,4226,1307,0.1301097874328428,0.4089574155653451,0.9101307189542484,0.4261667941851568,True,19328,32.88169221915847,4.007228777312922,True
719,18822,4,612,3934,1075,0.0008806693086745,0.0023767082590612,0.0065359477124183,0.0037209302325581,False,19328,32.88169221915847,4.007228777312922,True
720,16847,67,459,4517,1651,0.0136484008963128,0.0327949094468918,0.1459694989106753,0.0405814657783161,False,16847,5.581242483961366,4.823233999024743,False
720,19691,2,459,2578,1530,0.000658978583196,0.0010065425264217,0.0043572984749455,0.0013071895424836,False,16847,5.581242483961366,4.823233999024743,False
721,16912,401,521,4511,540,0.0865903692507017,0.6075757575757575,0.7696737044145874,0.7425925925925926,True,16912,31.610540745607313,4.469468191117527,True
722,16265,566,577,8198,2078,0.0689487148251918,0.2709430349449497,0.9809358752166378,0.2723772858517805,True,16265,14.019100280872623,3.9009217318887153,True
722,19272,6,577,3461,996,0.0014880952380952,0.0038289725590299,0.0103986135181975,0.0060240963855421,False,16265,14.019100280872623,3.9009217318887153,True
723,15149,547,662,7149,1144,0.0753028634361233,0.4344718030182685,0.8262839879154078,0.4781468531468531,True,15149,21.546329965358,3.5726873577890537,True
724,16932,277,575,4375,642,0.0592766959126899,0.2946808510638298,0.4817391304347826,0.4314641744548286,True,16932,20.72924750805807,4.820186866051421,True
724,18807,106,575,1719,732,0.0484460694698354,0.0882597835137385,0.1843478260869565,0.1448087431693989,False,16932,20.72924750805807,4.820186866051421,True
725,17616,412,602,2836,980,0.1361533377395902,0.3521367521367521,0.6843853820598007,0.4204081632653061,True,17616,15.761193823634635,3.5238046827983855,True
726,16325,435,695,4572,2187,0.090024834437086,0.1777686963628933,0.6258992805755396,0.1989026063100137,True,16325,24.62068768081504,3.4755445297982654,True
726,18820,14,695,2854,1995,0.0039603960396039,0.0052316890881913,0.0201438848920863,0.0070175438596491,False,16325,24.62068768081504,3.4755445297982654,True
726,20561,1,695,297,297,0.0010090817356205,0.0010090817356205,0.0014388489208633,0.0033670033670033,False,16325,24.62068768081504,3.4755445297982654,True
727,13584,510,711,6551,1080,0.0755331753554502,0.3981264637002342,0.7172995780590717,0.4722222222222222,True,13584,22.819505787706564,3.7113386440359024,True
728,16960,201,631,3507,617,0.0510541021082042,0.1919770773638968,0.3185419968304279,0.3257698541329011,True,16960,9.397014695713445,4.311119215430496,False
728,18857,46,631,521,227,0.0415913200723327,0.0566502463054187,0.0729001584786053,0.2026431718061674,False,16960,9.397014695713445,4.311119215430496,False
728,16964,67,631,4771,941,0.0125585754451733,0.0445182724252491,0.1061806656101426,0.0712008501594048,False,16960,9.397014695713445,4.311119215430496,False
728,19329,19,631,1585,811,0.0086481565771506,0.0133520730850316,0.0301109350237717,0.0234278668310727,False,16960,9.397014695713445,4.311119215430496,False
729,18734,79,79,4165,1312,0.0189675870348139,0.0602134146341463,1.0,0.0602134146341463,True,18731,20.540383268496672,5.2284203432965155,True
730,19691,480,539,2578,1013,0.1820250284414107,0.4477611940298507,0.8905380333951762,0.4738400789733465,True,19691,31.55559575257525,3.117288304312058,True
731,18198,320,488,2550,368,0.1177336276674025,0.5970149253731343,0.6557377049180327,0.8695652173913043,True,18198,20.907449101463563,3.8977299012686184,True
731,14588,13,488,5048,496,0.0023537932283179,0.0133882595262615,0.026639344262295,0.0262096774193548,False,18198,20.907449101463563,3.8977299012686184,True
732,18830,186,636,2960,554,0.0545454545454545,0.1852589641434263,0.2924528301886792,0.335740072202166,True,18830,33.50440949891948,3.931096671982174,True
732,19726,80,636,2424,839,0.0268456375838926,0.057347670250896,0.1257861635220125,0.0953516090584028,False,18830,33.50440949891948,3.931096671982174,True
733,14663,358,705,5239,1144,0.0640887934121016,0.2401073105298457,0.5078014184397163,0.3129370629370629,True,14663,10.879460190311182,3.936609664976374,True
733,19332,30,705,2876,1520,0.0084483244156575,0.0136674259681093,0.0425531914893617,0.0197368421052631,False,14663,10.879460190311182,3.936609664976374,True
734,18751,402,685,3527,903,0.105511811023622,0.3389544688026981,0.5868613138686132,0.4451827242524916,True,18751,23.47035073604365,3.425515989091352,True
734,19269,89,685,3650,1484,0.0209609043805935,0.0427884615384615,0.12992700729927,0.0599730458221024,False,18751,23.47035073604365,3.425515989091352,True
735,19714,445,558,2392,1031,0.1776447105788423,0.388986013986014,0.7974910394265233,0.4316197866149369,True,19714,17.86762316871338,3.0922493953848726,True
736,15687,327,376,4699,711,0.0688711036225779,0.4302631578947368,0.8696808510638298,0.459915611814346,True,15687,26.61712921747781,3.968492171354742,True
737,18247,571,693,4408,1422,0.1260485651214128,0.3698186528497409,0.823953823953824,0.4015471167369902,True,18247,16.556512524861876,4.980814636288207,True
737,9097,56,693,6937,176,0.0073937153419593,0.068880688806888,0.0808080808080808,0.3181818181818182,False,18247,16.556512524861876,4.980814636288207,True
737,18242,17,693,2571,835,0.0052356020942408,0.0112508272667107,0.0245310245310245,0.0203592814371257,False,18247,16.556512524861876,4.980814636288207,True
737,18250,7,693,3565,969,0.001646671371442,0.0042296072507552,0.0101010101010101,0.0072239422084623,False,18247,16.556512524861876,4.980814636288207,True
738,18242,310,368,2571,1287,0.1179155572461011,0.2304832713754646,0.842391304347826,0.2408702408702408,True,18242,15.063362082507208,4.393222577783423,True
738,18250,25,368,3565,1477,0.0063971340839304,0.0137362637362637,0.0679347826086956,0.0169262017603249,False,18242,15.063362082507208,4.393222577783423,True
738,15197,11,368,3893,733,0.0025882352941176,0.010091743119266,0.029891304347826,0.015006821282401,False,18242,15.063362082507208,4.393222577783423,True
738,18247,1,368,4408,2087,0.0002094240837696,0.0004074979625101,0.0027173913043478,0.0004791566842357,False,18242,15.063362082507208,4.393222577783423,True
739,20316,92,381,192,192,0.1912681912681912,0.1912681912681912,0.2414698162729658,0.4791666666666667,True,20316,23.77941574815282,4.696322248605333,True
739,19686,10,381,1968,789,0.0042753313381787,0.0086206896551724,0.0262467191601049,0.0126742712294043,False,20316,23.77941574815282,4.696322248605333,True
739,17518,1,381,4108,923,0.0002228163992869,0.0007674597083653,0.0026246719160104,0.0010834236186348,False,20316,23.77941574815282,4.696322248605333,True
740,19692,478,574,2452,1506,0.1875981161695447,0.2983770287141074,0.8327526132404182,0.3173970783532536,True,19692,25.2227339557117,4.799635189543707,True
740,20318,27,574,806,806,0.0199556541019955,0.0199556541019955,0.0470383275261324,0.0334987593052109,False,19692,25.2227339557117,4.799635189543707,True
740,16847,1,574,4517,1651,0.0001964636542239,0.0004496402877697,0.0017421602787456,0.0006056935190793,False,19692,25.2227339557117,4.799635189543707,True
741,19286,449,516,2668,982,0.1641681901279707,0.4280266920877025,0.8701550387596899,0.4572301425661914,True,19286,24.763299854105124,3.6512601134504408,True
742,18820,424,622,2854,1835,0.1389252948885976,0.2085587801278898,0.6816720257234726,0.2310626702997275,True,18820,22.512340971907992,4.4932393282801915,True
742,14083,35,622,5674,1706,0.0055901613160836,0.0152638464893153,0.0562700964630225,0.0205158264947245,False,18820,22.512340971907992,4.4932393282801915,True
742,18816,7,622,3848,1958,0.0015684517140936,0.0027205596579867,0.0112540192926045,0.0035750766087844,False,18820,22.512340971907992,4.4932393282801915,True
743,18846,559,698,3708,1472,0.1453080322329087,0.3469894475481068,0.8008595988538681,0.3797554347826087,True,18846,17.254943132017754,3.0108829797397814,True
744,20334,137,293,488,327,0.2127329192546584,0.2836438923395445,0.4675767918088737,0.418960244648318,True,20334,13.122418792349688,3.326249875891844,True
745,13011,405,490,9136,952,0.0439214835701117,0.390549662487946,0.826530612244898,0.4254201680672269,True,13011,25.949986900876837,2.6311409935315244,True
746,18199,420,513,3407,451,0.12,0.7720588235294118,0.8187134502923976,0.9312638580931264,True,18199,21.319566293220785,3.82424833661044,True
746,19710,27,513,2213,457,0.010003705075954,0.0286320254506892,0.0526315789473684,0.0590809628008752,False,18199,21.319566293220785,3.82424833661044,True
747,20551,212,335,463,247,0.3617747440273037,0.572972972972973,0.6328358208955224,0.8582995951417004,True,20551,14.289916345779455,7.200591634642,True
747,20549,42,335,337,180,0.0666666666666666,0.0887949260042283,0.1253731343283582,0.2333333333333333,False,20551,14.289916345779455,7.200591634642,True
748,18807,247,273,1719,732,0.1415472779369627,0.3258575197889182,0.9047619047619048,0.337431693989071,True,18807,17.67147022800374,3.8395679809230776,True
749,15197,249,554,3893,339,0.0593139590281086,0.3866459627329192,0.4494584837545126,0.7345132743362832,True,15197,11.303059635599752,4.203582978022036,True
749,18242,4,554,2571,432,0.0012816404998397,0.0040733197556008,0.0072202166064981,0.0092592592592592,False,15197,11.303059635599752,4.203582978022036,True
750,16960,79,621,3507,970,0.019510990367992,0.0522486772486772,0.1272141706924315,0.0814432989690721,False,20046,6.511891488462731,6.339211915429238,False
750,18840,50,621,1139,726,0.0292397660818713,0.038550501156515,0.0805152979066022,0.0688705234159779,False,20046,6.511891488462731,6.339211915429238,False
751,19686,351,367,1968,1203,0.1769153225806451,0.2879409351927809,0.9564032697547684,0.2917705735660847,True,19686,31.6998103236843,4.4895491112763555,True
752,19709,291,468,2376,850,0.1139835487661574,0.2833495618305744,0.6217948717948718,0.3423529411764706,True,19709,20.661810595382118,4.305270133846789,True
753,19332,243,467,2876,1510,0.0783870967741935,0.1401384083044982,0.5203426124197003,0.1609271523178808,True,19332,14.616953748795863,2.5788878878372183,True
754,19272,406,417,3461,988,0.1169354838709677,0.4064064064064064,0.973621103117506,0.4109311740890688,True,19272,23.435410508753737,3.3163058145068574,True
754,16265,9,417,8198,1877,0.0010457820125493,0.0039387308533916,0.0215827338129496,0.0047948854555141,False,19272,23.435410508753737,3.3163058145068574,True
755,18816,363,599,3848,922,0.0888834476003917,0.3134715025906736,0.6060100166944908,0.3937093275488069,True,18816,16.398156960495495,4.063629317807534,True
755,16928,55,599,2212,619,0.0199564586357039,0.0472914875322441,0.0918196994991652,0.0888529886914378,False,18816,16.398156960495495,4.063629317807534,True
755,17616,1,599,2836,980,0.0002912055911473,0.0006337135614702,0.001669449081803,0.0010204081632653,False,18816,16.398156960495495,4.063629317807534,True
756,19726,302,479,2424,839,0.1161091887735486,0.297244094488189,0.6304801670146137,0.3599523241954708,True,19726,21.608931877761346,3.838307118259132,True
756,18830,2,479,2960,554,0.0005819028222286,0.0019398642095053,0.0041753653444676,0.003610108303249,False,19726,21.608931877761346,3.838307118259132,True
758,20314,117,467,208,117,0.2096774193548387,0.2505353319057816,0.2505353319057816,1.0,True,20314,18.916309774935772,4.017414435818055,True
759,20010,0,413,548,0,0.0,0.0,0.0,0.0,False,20010,4.438521659773161,2.956699850609367,False
760,18822,515,574,3934,1127,0.1289757074881042,0.4342327150084317,0.8972125435540069,0.4569653948535936,True,18822,28.791510096297134,2.884918989925805,True
761,18838,300,437,2643,635,0.1079136690647482,0.38860103626943,0.6864988558352403,0.4724409448818897,True,18838,22.858193778312852,3.41971558287197,True
761,19727,11,437,3041,1328,0.0031727718488606,0.0062713797035347,0.0251716247139588,0.0082831325301204,False,18838,22.858193778312852,3.41971558287197,True
762,16936,457,652,4700,1491,0.0933605720122574,0.2710557532621589,0.700920245398773,0.306505700871898,True,16936,20.061326125063708,3.598940202389811,True
763,18822,15,302,3934,1127,0.0035536602700781,0.0106082036775106,0.0496688741721854,0.0133096716947648,False,19726,5.441698941577272,5.057396354457976,False
763,19726,6,302,2424,839,0.0022058823529411,0.0052863436123348,0.0198675496688741,0.0071513706793802,False,19726,5.441698941577272,5.057396354457976,False
763,18830,2,302,2960,554,0.0006134969325153,0.0023419203747072,0.0066225165562913,0.003610108303249,False,19726,5.441698941577272,5.057396354457976,False
764,19277,476,556,3876,1111,0.1203235591506572,0.399664147774979,0.8561151079136691,0.4284428442844284,True,19277,23.422203186115315,2.5512730009716935,True
765,16916,359,419,3899,1163,0.0906794645112402,0.2935404742436631,0.8568019093078759,0.3086844368013757,True,16916,27.435992170648248,4.7378326771094965,True
765,18795,13,419,2791,1135,0.0040663121676571,0.008436080467229,0.0310262529832935,0.011453744493392,False,16916,27.435992170648248,4.7378326771094965,True
766,19682,188,248,2415,801,0.0759595959595959,0.2183507549361208,0.7580645161290323,0.2347066167290886,True,19682,10.986141585097641,4.489218456476781,True
767,19710,331,436,2213,916,0.1427955133735979,0.3241919686581782,0.7591743119266054,0.361353711790393,True,19710,18.33265741907823,4.1532500746725685,True
767,18199,1,436,3407,911,0.0002602811035918,0.00074294205052,0.0022935779816513,0.0010976948408342,False,19710,18.33265741907823,4.1532500746725685,True
768,19735,196,518,1448,945,0.1107344632768361,0.154696132596685,0.3783783783783784,0.2074074074074074,True,19735,9.820857996183655,6.043914314737811,True
768,19329,166,518,1585,1585,0.0856995353639649,0.0856995353639649,0.3204633204633205,0.1047318611987381,False,19735,9.820857996183655,6.043914314737811,True
768,18840,68,518,1139,726,0.0427942101950912,0.0578231292517006,0.1312741312741312,0.09366391184573,False,19735,9.820857996183655,6.043914314737811,True
768,18829,80,518,2061,1757,0.0320128051220488,0.0364464692482915,0.1544401544401544,0.0455321570859419,False,19735,9.820857996183655,6.043914314737811,True
768,16960,8,518,3507,1322,0.0019915359721184,0.0043668122270742,0.0154440154440154,0.0060514372163388,False,19735,9.820857996183655,6.043914314737811,True
769,19271,640,695,4062,738,0.1554529997571047,0.807061790668348,0.920863309352518,0.8672086720867209,True,19271,23.654545326065882,6.550687429166898,True
769,20324,25,695,336,175,0.0248508946322067,0.029585798816568,0.0359712230215827,0.1428571428571428,False,19271,23.654545326065882,6.550687429166898,True
770,17558,0,307,2590,0,0.0,0.0,0.0,0.0,False,17558,3.7706341170209385,3.4325550189265193,False
771,9097,77,277,6937,176,0.0107888468544206,0.2047872340425532,0.2779783393501805,0.4375,True,9097,12.180952539912601,6.068605318433516,True
771,17591,90,277,2875,416,0.0293925538863487,0.1492537313432835,0.3249097472924188,0.2163461538461538,False,9097,12.180952539912601,6.068605318433516,True
771,18242,12,277,2571,403,0.004231311706629,0.0179640718562874,0.0433212996389891,0.0297766749379652,False,9097,12.180952539912601,6.068605318433516,True
771,18247,10,277,4408,722,0.002139037433155,0.0101112234580384,0.0361010830324909,0.0138504155124653,False,9097,12.180952539912601,6.068605318433516,True
772,14083,361,399,5674,1311,0.0632002801120448,0.2676056338028169,0.9047619047619048,0.2753623188405797,True,14083,18.49022261749795,4.12100398212913,True
773,17628,380,722,2165,1530,0.1515755883526126,0.202991452991453,0.5263157894736842,0.2483660130718954,True,17628,11.549592288970217,10.27013947528089,True
773,18840,36,722,1139,726,0.0197260273972602,0.0254957507082152,0.0498614958448753,0.0495867768595041,False,17628,11.549592288970217,10.27013947528089,True
774,17638,141,269,3629,469,0.0375299441043385,0.236180904522613,0.5241635687732342,0.3006396588486141,True,17638,12.604595978818034,4.807910244312505,True
775,17503,2,673,2244,424,0.0006861063464837,0.0018264840182648,0.0029717682020802,0.0047169811320754,True,17503,12.932435790380373,6.355366194942709,True
776,11308,463,524,9880,973,0.046574791268484,0.4477756286266924,0.8835877862595419,0.4758478931140801,True,11308,24.34704469578538,3.049850040195947,True
777,16830,475,610,4574,977,0.1008706731790189,0.427158273381295,0.7786885245901639,0.4861821903787103,True,16830,25.948006872268255,4.18009510206596,True
777,19686,4,610,1968,811,0.0015540015540015,0.0028228652081863,0.0065573770491803,0.0049321824907521,False,16830,25.948006872268255,4.18009510206596,True
778,18144,418,508,3671,1453,0.1111406540813613,0.2709008425145819,0.8228346456692913,0.2876806607019959,True,18144,22.147272205003695,3.460219671353841,True
779,18795,313,337,2791,738,0.111190053285968,0.410761154855643,0.9287833827893176,0.4241192411924119,True,18795,29.68240058948217,4.721202085398264,True
779,16916,1,337,3899,790,0.0002361275088547,0.0008880994671403,0.0029673590504451,0.0012658227848101,False,18795,29.68240058948217,4.721202085398264,True
780,9127,780,934,10928,1768,0.0703844071467244,0.4058272632674297,0.8351177730192719,0.4411764705882353,True,9127,30.18086644381779,4.647037133378483,True
780,20821,11,934,371,371,0.008500772797527,0.008500772797527,0.0117773019271948,0.0296495956873315,False,9127,30.18086644381779,4.647037133378483,True
781,19727,175,230,3041,692,0.0565245478036175,0.2342704149933065,0.7608695652173914,0.2528901734104046,False,19727,7.053289755850973,5.932610044737878,False
781,18838,7,230,2643,298,0.0024424284717376,0.0134357005758157,0.0304347826086956,0.023489932885906,False,19727,7.053289755850973,5.932610044737878,False
782,18221,416,589,2607,1316,0.1496402877697841,0.2793821356615178,0.7062818336162988,0.3161094224924012,True,18221,22.583612510854767,5.567978107415727,True
782,17591,104,589,2875,1297,0.0309523809523809,0.058361391694725,0.1765704584040747,0.0801850424055512,False,18221,22.583612510854767,5.567978107415727,True
783,19727,414,451,3041,692,0.1345029239766081,0.5679012345679012,0.917960088691796,0.5982658959537572,True,19727,26.390163256975626,3.70519989727535,True
783,20821,1,451,371,371,0.0012180267965895,0.0012180267965895,0.0022172949002217,0.0026954177897574,False,19727,26.390163256975626,3.70519989727535,True
784,19710,7,367,2213,903,0.0027205596579867,0.0055423594615993,0.0190735694822888,0.0077519379844961,False,17556,6.856087489406773,4.245957693859282,False
785,15657,247,557,4734,1183,0.0489690721649484,0.1654387139986604,0.4434470377019748,0.2087912087912088,True,15657,12.622787601317945,5.2400689380844065,True
785,17558,111,557,2590,956,0.0365612648221343,0.079172610556348,0.1992818671454219,0.1161087866108786,False,15657,12.622787601317945,5.2400689380844065,True
786,16310,432,741,3223,1065,0.1223103057757644,0.314410480349345,0.582995951417004,0.4056338028169014,True,16310,15.268316326393805,4.627577041123727,True
786,16928,118,741,2212,540,0.0416225749559082,0.1014617368873602,0.1592442645074224,0.2185185185185185,False,16310,15.268316326393805,4.627577041123727,True
787,18742,96,164,3885,1087,0.0242853528965342,0.0831168831168831,0.5853658536585366,0.0883164673413063,False,18742,8.286050306563201,3.4832715580928943,False
788,18811,383,668,3031,2218,0.1155006031363088,0.1530163803435877,0.5733532934131736,0.172678088367899,True,18811,15.143488323119486,4.400058141489093,True
788,16936,42,668,4700,2512,0.0078858430341719,0.0133843212237093,0.0628742514970059,0.0167197452229299,False,18811,15.143488323119486,4.400058141489093,True
789,16951,228,788,4109,1695,0.0488327264938959,0.1011086474501108,0.2893401015228426,0.1345132743362831,True,16951,11.951752180292534,4.362487419259317,True
789,18841,23,788,2187,1109,0.0077913279132791,0.0122732123799359,0.0291878172588832,0.0207394048692515,False,16951,11.951752180292534,4.362487419259317,True
789,19332,14,788,2876,1836,0.0038356164383561,0.0053639846743295,0.0177664974619289,0.0076252723311546,False,16951,11.951752180292534,4.362487419259317,True
790,20694,4,10,2201,2201,0.0018124150430448,0.0018124150430448,0.4,0.0018173557473875,False,20694,14.291784580228057,6.150960353697785,True
791,16830,19,257,4574,496,0.0039484621778886,0.0258855585831062,0.0739299610894941,0.0383064516129032,False,16830,5.469628236910433,3.0967208169094675,False
792,7300,23,685,9930,457,0.0021714501510574,0.0205540661304736,0.0335766423357664,0.0503282275711159,True,7300,14.414994697153263,3.034604512125348,True
793,17591,183,782,2875,1297,0.0526770293609671,0.0965189873417721,0.2340153452685422,0.141094834232845,False,17591,6.511915862643232,3.19453584356406,False
794,19730,268,963,3808,1218,0.0595158783033533,0.1400940930475692,0.2782969885773624,0.2200328407224959,True,19730,12.96818212346643,4.356839537626308,True
794,18829,149,963,2061,1757,0.0518260869565217,0.057954103461688,0.1547248182762201,0.0848036425725668,False,19730,12.96818212346643,4.356839537626308,True
794,19735,45,963,1448,945,0.0190194420963651,0.0241545893719806,0.0467289719626168,0.0476190476190476,False,19730,12.96818212346643,4.356839537626308,True
796,20694,103,252,2201,2201,0.0438297872340425,0.0438297872340425,0.4087301587301587,0.0467969104952294,True,20694,14.883149426613771,3.971690003645441,True
797,18231,37,515,233,233,0.0520393811533052,0.0520393811533052,0.0718446601941747,0.1587982832618025,True,19306,9.607994183680422,4.7970419980913475,False
797,15191,14,515,2631,700,0.0044699872286079,0.0116569525395503,0.0271844660194174,0.02,False,19306,9.607994183680422,4.7970419980913475,False
797,16926,1,515,2574,2081,0.0003238341968911,0.0003853564547206,0.0019417475728155,0.0004805382027871,False,19306,9.607994183680422,4.7970419980913475,False
798,17611,557,622,6073,1948,0.0907461713913326,0.2767014406358669,0.8954983922829582,0.2859342915811088,True,17611,21.354380981373716,5.619023008646006,True
799,13022,628,861,8103,2065,0.0753358925143953,0.2732811140121845,0.7293844367015099,0.3041162227602905,True,13022,17.743868399882228,4.198166395032332,True
799,18767,8,861,3456,1297,0.0018565792527268,0.0037209302325581,0.0092915214866434,0.0061680801850424,False,13022,17.743868399882228,4.198166395032332,True
800,19677,377,438,2622,1323,0.140514349608647,0.2723988439306358,0.860730593607306,0.2849584278155707,True,19677,26.12226223107146,3.246166996953048,True
801,20696,0,322,236,0,0.0,0.0,0.0,0.0,False,20696,5.12741752068946,4.571867133388917,False
802,18257,361,657,2860,918,0.1143852978453738,0.2973640856672158,0.5494672754946728,0.3932461873638344,True,18257,15.094170793299712,3.977494555419368,True
802,17623,79,657,1482,293,0.0383495145631068,0.0907003444316877,0.1202435312024353,0.2696245733788396,False,18257,15.094170793299712,3.977494555419368,True
802,17628,124,657,2165,855,0.0459599703484062,0.0893371757925072,0.1887366818873668,0.1450292397660818,False,18257,15.094170793299712,3.977494555419368,True
802,14619,18,657,4623,1157,0.0034207525655644,0.010022271714922,0.0273972602739726,0.0155574762316335,False,18257,15.094170793299712,3.977494555419368,True
802,18268,5,657,1629,904,0.002192021043402,0.0032133676092544,0.0076103500761035,0.0055309734513274,False,18257,15.094170793299712,3.977494555419368,True
803,16205,416,569,6694,1244,0.0607565357090696,0.297780959198282,0.7311072056239016,0.3344051446945337,True,16205,22.56975272273303,3.3395139483723333,True
804,18742,391,400,3885,1318,0.1004108885464817,0.2946495855312736,0.9775,0.2966616084977238,True,18742,23.18141574341605,3.7527944248684193,True
805,19697,401,435,3339,1191,0.1188852653424251,0.3273469387755102,0.92183908045977,0.3366918555835432,True,19697,19.778681502747272,5.884863652379112,True
806,10172,497,543,10272,1189,0.0481682496607869,0.4024291497975708,0.9152854511970534,0.4179983179142136,True,10172,20.476527499457937,2.4802283463348735,True
807,18775,461,493,3184,519,0.1433457711442786,0.8366606170598911,0.9350912778904664,0.8882466281310212,True,18775,25.76598265591692,3.077097618373011,True
808,16894,282,306,4056,740,0.0691176470588235,0.369109947643979,0.9215686274509804,0.3810810810810811,True,16894,30.988951845632567,5.443868358870758,True
808,13028,1,306,8149,943,0.0001182872013248,0.000801282051282,0.0032679738562091,0.0010604453870625,False,16894,30.988951845632567,5.443868358870758,True
809,20694,11,12,2201,1115,0.0049954586739327,0.0098566308243727,0.9166666666666666,0.0098654708520179,False,20694,8.488985909682697,3.0435856459513313,False
810,19703,171,237,1399,581,0.1167235494880546,0.2642967542503864,0.7215189873417721,0.2943201376936317,True,19703,17.225453575525215,3.7242609211577737,True
811,20026,253,262,1875,780,0.1342887473460721,0.320659062103929,0.965648854961832,0.3243589743589744,True,20026,19.325576758535014,6.826612815486163,True
812,19308,498,737,3078,1746,0.1501356647573108,0.2508816120906801,0.6757123473541384,0.2852233676975945,True,19308,19.088274331728115,3.938233651162304,True
812,19304,16,737,4139,2243,0.0032921810699588,0.0053981106612685,0.0217096336499321,0.0071333036112349,False,19308,19.088274331728115,3.938233651162304,True
813,18221,1,246,2607,441,0.0003506311360448,0.0014577259475218,0.0040650406504065,0.0022675736961451,False,18221,4.219593100290503,2.886944310547069,False
814,20320,3,331,1372,281,0.0017647058823529,0.0049261083743842,0.0090634441087613,0.0106761565836298,True,20320,19.930544423167,3.26766898362005,True
815,16823,0,314,2627,0,0.0,0.0,0.0,0.0,False,16823,10.107493026243024,3.5903137733741297,True
816,13028,432,476,8149,943,0.0527279384840717,0.4376899696048632,0.907563025210084,0.4581124072110286,True,13028,32.75373953019222,4.942913659329531,True
816,16894,17,476,4056,740,0.0037652270210409,0.0141784820683903,0.0357142857142857,0.0229729729729729,False,13028,32.75373953019222,4.942913659329531,True
817,19304,567,716,4139,2870,0.1322294776119403,0.1878105332891686,0.7918994413407822,0.1975609756097561,True,19304,16.93679214002044,4.7476785648174,True
817,19308,82,716,3078,2129,0.0220905172413793,0.0296778863554107,0.1145251396648044,0.0385157350868952,False,19304,16.93679214002044,4.7476785648174,True
817,17595,7,716,3346,392,0.0017262638717632,0.0063578564940962,0.0097765363128491,0.0178571428571428,False,19304,16.93679214002044,4.7476785648174,True
818,19248,427,503,2491,921,0.1663420335021425,0.4282848545636911,0.8489065606361829,0.4636264929424538,True,19248,27.05156890851339,3.239911922513072,True
819,20026,298,770,1875,1198,0.1269706007669365,0.1784431137724551,0.387012987012987,0.2487479131886477,False,20026,19.714134913950428,2.357145733116798,True
819,20328,69,770,513,269,0.0568369028006589,0.0711340206185567,0.0896103896103896,0.2565055762081784,True,20026,19.714134913950428,2.357145733116798,True
820,19297,422,629,3505,1747,0.1136853448275862,0.2159672466734902,0.670906200317965,0.2415569547796222,True,19297,16.279429568439856,3.9158495499258024,True
821,16924,349,501,5241,1113,0.0647135175227146,0.2758893280632411,0.6966067864271457,0.3135669362084456,True,16924,23.95738788833804,3.4240273991228256,True
822,13568,39,52,6401,471,0.0060804490177736,0.0805785123966942,0.75,0.0828025477707006,True,13568,6.179008673184853,4.851534460217947,False
823,15142,261,291,3949,729,0.0655943704448353,0.3438735177865613,0.8969072164948454,0.3580246913580246,True,15142,20.192533226069354,4.703745300335434,True
824,18767,270,349,3456,1297,0.0763790664780763,0.1962209302325581,0.7736389684813754,0.2081727062451812,True,18767,15.90512421720407,5.32180635851864,True
824,13022,61,349,8103,2065,0.0072696937194613,0.0259243518912027,0.1747851002865329,0.0295399515738498,False,18767,15.90512421720407,5.32180635851864,True
824,16252,13,349,2587,646,0.0044474854601436,0.0132382892057026,0.0372492836676217,0.0201238390092879,False,18767,15.90512421720407,5.32180635851864,True
825,18733,510,638,3674,1033,0.1341399263545502,0.4392764857881137,0.799373040752351,0.4937076476282672,True,18733,22.91358441906577,3.9197689037057795,True
825,16207,23,638,5289,1196,0.0038956639566395,0.0127001656543346,0.0360501567398119,0.0192307692307692,False,18733,22.91358441906577,3.9197689037057795,True
826,18155,476,693,4301,925,0.1053563523683045,0.4168126094570928,0.6868686868686869,0.5145945945945946,True,18155,24.15896789450035,1.8985950195495722,True
827,17585,465,825,5063,2780,0.0857458971049234,0.1480891719745223,0.5636363636363636,0.1672661870503597,True,17585,10.980222410039705,5.834806548649008,True
827,15174,85,825,3437,1047,0.0203495331577687,0.0475657526580861,0.103030303030303,0.0811843361986628,False,17585,10.980222410039705,5.834806548649008,True
827,16913,39,825,1911,1106,0.014460511679644,0.0206131078224101,0.0472727272727272,0.0352622061482821,False,17585,10.980222410039705,5.834806548649008,True
828,20027,307,315,2542,589,0.1203921568627451,0.5142378559463987,0.9746031746031746,0.5212224108658744,True,20027,30.91068847382326,4.517766537113938,True
829,15176,287,613,5341,1174,0.0506440797600141,0.1913333333333333,0.4681892332789559,0.2444633730834753,True,15176,13.461420577496618,7.115460275785016,True
829,16897,252,613,3305,1566,0.0687397708674304,0.1307732226258433,0.4110929853181077,0.160919540229885,False,15176,13.461420577496618,7.115460275785016,True
829,16891,27,613,2112,809,0.0100074128984432,0.0193548387096774,0.0440456769983686,0.0333745364647713,False,15176,13.461420577496618,7.115460275785016,True
830,16900,492,582,3250,1164,0.1473053892215569,0.3923444976076555,0.845360824742268,0.422680412371134,True,16900,18.358281098186286,4.817519825277279,True
830,12495,8,582,5686,897,0.0012779552715654,0.0054384772263766,0.0137457044673539,0.0089186176142697,False,16900,18.358281098186286,4.817519825277279,True
831,18161,543,779,3469,1200,0.1465587044534413,0.378133704735376,0.6970474967907574,0.4525,True,18161,21.438410593440306,2.9660936529533717,True
832,15665,301,425,4433,1022,0.0660522273425499,0.262652705061082,0.7082352941176471,0.2945205479452055,True,15665,15.333918103103674,3.3279375481792863,True
833,11383,545,730,8258,3385,0.0645505152197086,0.1526610644257703,0.7465753424657534,0.1610044313146233,True,11383,19.423040307116764,5.579001691566535,True
833,18220,150,730,2559,1440,0.0477859190825103,0.0742574257425742,0.2054794520547945,0.1041666666666666,False,11383,19.423040307116764,5.579001691566535,True
834,17532,368,504,2401,878,0.1450532124556562,0.3629191321499014,0.7301587301587301,0.4191343963553531,True,17532,21.594195380094295,4.679960251617433,True
834,15142,86,504,3949,729,0.0196931531944126,0.074978204010462,0.1706349206349206,0.1179698216735253,False,17532,21.594195380094295,4.679960251617433,True
835,16280,403,553,4682,800,0.0834023178807947,0.4242105263157895,0.72875226039783,0.50375,True,16280,24.197672036815288,3.720762084110513,True
835,13023,43,553,8168,1085,0.0049550587693016,0.0269592476489028,0.077757685352622,0.0396313364055299,False,16280,24.197672036815288,3.720762084110513,True
835,13028,1,553,8149,943,0.0001149293184691,0.0006688963210702,0.0018083182640144,0.0010604453870625,False,16280,24.197672036815288,3.720762084110513,True
836,19672,0,63,2430,0,0.0,0.0,0.0,0.0,False,19672,3.7109692789859867,3.091228603103353,False
837,18125,353,436,3467,851,0.0994366197183098,0.3779443254817987,0.8096330275229358,0.4148061104582843,True,18125,22.32699333010451,3.5436084601891165,True
838,18133,399,623,3762,1350,0.1001003512293025,0.2534942820838627,0.6404494382022472,0.2955555555555555,True,18133,16.338151186346515,2.7540698854529118,True
839,18191,0,440,2315,0,0.0,0.0,0.0,0.0,False,18191,14.1545755846405,3.2976016992458095,True
840,12495,287,380,5686,487,0.0496625713791313,0.4948275862068965,0.7552631578947369,0.5893223819301848,True,12495,16.930526666046678,5.898983806645105,True
840,14059,38,380,3311,466,0.0104024089789214,0.047029702970297,0.1,0.0815450643776824,False,12495,16.930526666046678,5.898983806645105,True
840,16900,10,380,3250,580,0.0027624309392265,0.0105263157894736,0.0263157894736842,0.0172413793103448,False,12495,16.930526666046678,5.898983806645105,True
841,19263,340,539,3088,869,0.1034377852144812,0.3183520599250936,0.6307977736549165,0.3912543153049482,True,19263,19.839827927613623,4.906517747888932,True
841,15127,39,539,3206,720,0.0105234754452239,0.031967213114754,0.072356215213358,0.0541666666666666,False,19263,19.839827927613623,4.906517747888932,True
842,20027,149,154,2542,589,0.0585001963093835,0.2508417508417508,0.9675324675324676,0.2529711375212224,False,20547,13.736515272664972,6.195770752328393,True
843,19314,354,496,2711,1105,0.1240799158780231,0.2838813151563753,0.7137096774193549,0.3203619909502262,True,19314,19.579114453811737,5.348077297162683,True
843,18237,1,496,4000,1419,0.000222469410456,0.0005224660397074,0.002016129032258,0.0007047216349541,False,19314,19.579114453811737,5.348077297162683,True
844,19671,547,857,3691,1642,0.1367158210447388,0.2802254098360656,0.6382730455075846,0.3331303288672351,True,19671,30.58632130233212,4.152702482203476,True
844,18125,76,857,3467,1369,0.0178907721280602,0.0353488372093023,0.0886814469078179,0.0555149744338933,False,19671,30.58632130233212,4.152702482203476,True
844,19235,32,857,2315,961,0.0101910828025477,0.0179171332586786,0.0373395565927654,0.0332986472424557,False,19671,30.58632130233212,4.152702482203476,True
845,18138,397,434,3170,915,0.1237917056439039,0.4170168067226891,0.9147465437788018,0.433879781420765,True,18138,22.239434471570238,4.042083918036806,True
845,18127,14,434,3005,989,0.0040875912408759,0.0099361249112846,0.032258064516129,0.0141557128412537,False,18138,22.239434471570238,4.042083918036806,True
846,16252,290,354,2587,646,0.1093926820067899,0.4084507042253521,0.8192090395480226,0.4489164086687306,True,16252,18.722812862535132,3.650222348974919,True
846,18767,20,354,3456,828,0.0052770448548812,0.0172117039586919,0.0564971751412429,0.0241545893719806,False,16252,18.722812862535132,3.650222348974919,True
847,16898,277,527,3149,1185,0.0814945572227125,0.1930313588850174,0.5256166982922201,0.2337552742616033,True,16898,9.271200777361818,5.642215284051485,False
847,19304,74,527,4139,1204,0.0161149825783972,0.0446590223295111,0.1404174573055028,0.0614617940199335,False,16898,9.271200777361818,5.642215284051485,False
847,17595,34,527,3346,1856,0.0088564730398541,0.0144742443593018,0.064516129032258,0.0183189655172413,False,16898,9.271200777361818,5.642215284051485,False
848,19235,257,274,2315,317,0.1102058319039451,0.7694610778443114,0.937956204379562,0.8107255520504731,True,19235,33.436553072872165,4.934603781987948,True
848,16795,4,274,6452,609,0.0005950609937518,0.0045506257110352,0.0145985401459854,0.0065681444991789,False,19235,33.436553072872165,4.934603781987948,True
849,18772,98,539,3304,760,0.0261682242990654,0.0815986677768526,0.1818181818181818,0.1289473684210526,False,14576,10.220254356881444,6.7244134541484835,True
850,17507,261,680,1876,265,0.1137254901960784,0.3815789473684211,0.3838235294117647,0.9849056603773584,True,17507,20.01914138093904,5.068164138938622,True
850,16207,305,680,5289,638,0.0538488700564971,0.3010858835143139,0.4485294117647059,0.4780564263322884,False,17507,20.01914138093904,5.068164138938622,True
851,18772,236,341,3304,760,0.0692285127603402,0.2728323699421965,0.6920821114369502,0.3105263157894737,True,18772,19.762792215799635,3.7810706551792728,True
851,15665,58,341,4433,472,0.0122985581000848,0.0768211920529801,0.1700879765395894,0.1228813559322034,False,18772,19.762792215799635,3.7810706551792728,True
852,14059,364,529,3311,971,0.1047180667433832,0.3204225352112676,0.6880907372400756,0.3748712667353244,True,14059,13.095350384484377,4.5680245780177335,True
852,17585,26,529,5063,810,0.0046712181099532,0.0198019801980198,0.0491493383742911,0.0320987654320987,False,14059,13.095350384484377,4.5680245780177335,True
852,17571,6,529,1953,746,0.0024232633279483,0.0047281323877068,0.0113421550094517,0.0080428954423592,False,14059,13.095350384484377,4.5680245780177335,True
852,12495,1,529,5686,897,0.0001609269391696,0.0007017543859649,0.0018903591682419,0.0011148272017837,False,14059,13.095350384484377,4.5680245780177335,True
853,20537,0,389,193,0,0.0,0.0,0.0,0.0,False,20537,19.0188063638088,4.131948936040814,True
854,13023,540,585,8168,677,0.0657494216486058,0.7479224376731302,0.9230769230769232,0.7976366322008862,True,13023,22.579724560621514,3.6732594364802456,True
855,14606,236,616,5075,990,0.043263061411549,0.1722627737226277,0.3831168831168831,0.2383838383838384,True,14606,9.089967406874297,5.915003198352564,False
855,16937,201,616,3798,834,0.0477094706859719,0.1609287429943955,0.3262987012987013,0.2410071942446043,False,14606,9.089967406874297,5.915003198352564,False
856,15127,234,448,3206,1168,0.0684210526315789,0.1693198263386396,0.5223214285714286,0.2003424657534246,True,15127,14.26007708408955,4.6816982660473805,True
856,15634,9,448,3249,1314,0.0024403470715835,0.0051340559041642,0.0200892857142857,0.0068493150684931,False,15127,14.26007708408955,4.6816982660473805,True
856,19263,3,448,3088,402,0.0008491367110104,0.0035419126328217,0.0066964285714285,0.0074626865671641,False,15127,14.26007708408955,4.6816982660473805,True
857,16239,320,380,5009,867,0.0631288222529098,0.3451995685005394,0.8421052631578947,0.3690888119953864,True,16239,20.04095272962014,4.22561116152119,True
857,15634,1,380,3249,855,0.0002756339581036,0.0008103727714748,0.0026315789473684,0.0011695906432748,False,16239,20.04095272962014,4.22561116152119,True
858,16795,494,505,6452,1801,0.0764350920625096,0.2726269315673289,0.9782178217821782,0.2742920599666851,True,16795,28.18845354411857,5.2165256637594775,True
858,19235,11,505,2315,961,0.0039159843360626,0.0075601374570446,0.0217821782178217,0.0114464099895941,False,16795,28.18845354411857,5.2165256637594775,True
859,12495,120,556,5686,1346,0.0196014374387455,0.0673400673400673,0.2158273381294964,0.0891530460624071,False,18786,13.883343701469396,4.7324016597116385,True
859,14059,74,556,3311,971,0.0195096229897179,0.050929112181693,0.1330935251798561,0.0762100926879505,False,18786,13.883343701469396,4.7324016597116385,True
859,18786,4,556,3248,459,0.0010526315789473,0.0039564787339268,0.0071942446043165,0.008714596949891,True,18786,13.883343701469396,4.7324016597116385,True
859,11967,1,556,3820,373,0.0002285714285714,0.0010775862068965,0.0017985611510791,0.002680965147453,False,18786,13.883343701469396,4.7324016597116385,True
860,19221,78,242,5466,1752,0.0138543516873889,0.0407098121085595,0.3223140495867768,0.0445205479452054,False,20307,10.323498555526651,5.2082312289756985,True
861,16207,267,281,5289,638,0.0503488591363379,0.4095092024539877,0.9501779359430604,0.4184952978056426,True,16207,13.500850591024813,3.61866302864497,True
861,18733,1,281,3674,514,0.0002529084471421,0.0012594458438287,0.0035587188612099,0.0019455252918287,False,16207,13.500850591024813,3.61866302864497,True
862,20016,79,496,1106,241,0.051871306631648,0.1200607902735562,0.1592741935483871,0.3278008298755187,True,20016,18.99274556692602,4.673732239131438,True
863,18759,374,626,2988,1007,0.1154320987654321,0.2970611596505162,0.597444089456869,0.3714001986097319,True,18759,16.36420138162887,5.947954441925117,True
863,17547,74,626,2523,350,0.0240650406504065,0.082039911308204,0.1182108626198083,0.2114285714285714,False,18759,16.36420138162887,5.947954441925117,True
864,19284,490,552,2670,521,0.1793557833089311,0.8404802744425386,0.8876811594202898,0.9404990403071016,True,19284,28.427459630780856,5.9641258211113986,True
864,20027,22,552,2542,589,0.0071614583333333,0.0196604110813226,0.0398550724637681,0.0373514431239388,False,19284,28.427459630780856,5.9641258211113986,True
865,18200,357,555,3744,929,0.0905631659056316,0.3167701863354037,0.6432432432432432,0.3842841765339074,True,18200,15.949546536374164,3.0518532805213936,True
866,18774,525,827,4117,2432,0.118805159538357,0.1920263350402341,0.6348246674727932,0.2158717105263158,True,18774,18.382451359582504,4.328911395406777,True
867,15174,94,459,3437,732,0.0247238295633876,0.0856882406563354,0.2047930283224401,0.1284153005464481,True,15174,6.573063352382685,5.513459383165969,False
867,17585,70,459,5063,929,0.0128393250183418,0.0531107738998482,0.1525054466230936,0.0753498385360602,False,15174,6.573063352382685,5.513459383165969,False
867,18208,24,459,2901,597,0.0071942446043165,0.0232558139534883,0.0522875816993464,0.0402010050251256,False,15174,6.573063352382685,5.513459383165969,False
867,16898,22,459,3149,779,0.0061349693251533,0.0180921052631578,0.0479302832244008,0.0282413350449293,False,15174,6.573063352382685,5.513459383165969,False
867,17571,4,459,1953,828,0.0016611295681063,0.0031176929072486,0.008714596949891,0.0048309178743961,False,15174,6.573063352382685,5.513459383165969,False
868,18125,0,394,3467,0,0.0,0.0,0.0,0.0,False,18125,4.212093391339529,3.490703205525696,False
869,16183,356,698,5637,1466,0.0595417293861849,0.1969026548672566,0.5100286532951289,0.242837653478854,True,16183,21.56698164663091,3.695926010235866,True
869,18705,1,698,3719,1571,0.0002264492753623,0.0004409171075837,0.0014326647564469,0.0006365372374283,False,16183,21.56698164663091,3.695926010235866,True
870,18127,455,536,3005,989,0.1474400518470512,0.4252336448598131,0.8488805970149254,0.4600606673407482,True,18127,20.532957320100824,3.592882015007349,True
871,18158,401,448,3203,938,0.1233846153846153,0.4071065989847716,0.8950892857142857,0.4275053304904051,True,18158,20.635597835689484,5.161136795583002,True
871,16239,25,448,5009,867,0.0046023564064801,0.0193798449612403,0.0558035714285714,0.0288350634371395,False,18158,20.635597835689484,5.161136795583002,True
872,18172,199,274,1671,680,0.1139747995418098,0.2635761589403974,0.7262773722627737,0.2926470588235294,True,18172,12.262827421987751,6.3363118331471,True
872,18163,52,274,1802,731,0.025691699604743,0.0545645330535152,0.1897810218978102,0.0711354309165526,False,18172,12.262827421987751,6.3363118331471,True
873,11341,417,499,9486,1825,0.0435827759197324,0.2186680650235972,0.8356713426853707,0.2284931506849315,True,11341,22.554439120671834,5.497176989906348,True
873,16891,3,499,2112,809,0.0011503067484662,0.0022988505747126,0.0060120240480961,0.003708281829419,False,11341,22.554439120671834,5.497176989906348,True
873,20025,1,499,1409,422,0.0005243838489774,0.0010869565217391,0.002004008016032,0.0023696682464454,False,11341,22.554439120671834,5.497176989906348,True
874,19707,439,502,2617,1061,0.1638059701492537,0.3905693950177936,0.8745019920318725,0.413760603204524,True,19707,25.000050167630363,3.883216372031212,True
875,17571,306,348,1953,828,0.1533834586466165,0.3517241379310344,0.8793103448275862,0.3695652173913043,True,17571,19.125826423820502,4.011729582173435,True
876,19221,662,740,5466,3979,0.1194083694083694,0.1631747596746364,0.8945945945945946,0.1663734606685096,True,19221,22.846262364759184,3.547713724012537,True
877,19254,290,621,3514,1046,0.0754226267880364,0.2106027596223674,0.4669887278582931,0.277246653919694,True,19254,21.612441809060677,3.8642868728253443,True
878,15634,338,363,3249,898,0.1032376298106292,0.3661971830985915,0.931129476584022,0.376391982182628,True,15634,20.236283365395405,3.717654382610506,True
879,17562,396,580,2205,1455,0.1657597321054834,0.2416107382550335,0.6827586206896552,0.2721649484536082,True,17562,21.138643278748273,5.39037052269527,True
879,11341,60,580,9486,1825,0.0059964021587047,0.0255863539445629,0.1034482758620689,0.0328767123287671,False,17562,21.138643278748273,5.39037052269527,True
880,17525,43,653,2297,464,0.0147918816649466,0.0400372439478584,0.0658499234303215,0.0926724137931034,False,17525,4.558913645339847,2.845167614597788,False
881,19707,77,168,2617,565,0.0284342688330871,0.1173780487804878,0.4583333333333333,0.1362831858407079,False,18190,12.324459556436105,4.799485040580445,True
881,19284,4,168,2670,521,0.0014114326040931,0.0058394160583941,0.0238095238095238,0.0076775431861804,False,18190,12.324459556436105,4.799485040580445,True
882,18208,288,435,2901,597,0.0944881889763779,0.3870967741935484,0.6620689655172414,0.4824120603015075,True,18208,14.989735268878682,5.522632675834102,True
882,17571,77,435,1953,828,0.0333189095629597,0.0649241146711635,0.1770114942528735,0.0929951690821256,False,18208,14.989735268878682,5.522632675834102,True
882,16285,3,435,4772,899,0.000576479631053,0.0022539444027047,0.0068965517241379,0.0033370411568409,False,18208,14.989735268878682,5.522632675834102,True
883,19673,413,435,2948,1007,0.139057239057239,0.4013605442176871,0.9494252873563218,0.41012909632572,True,19673,26.121107799724406,2.645469475491909,True
884,15619,428,547,5007,1346,0.0834959032383925,0.2921501706484641,0.7824497257769653,0.3179791976225854,True,15619,26.381341185789115,3.9325122112026665,True
885,6078,432,733,11300,1435,0.0372381691233514,0.2488479262672811,0.5893587994542974,0.3010452961672474,True,6078,11.832990291953582,7.701470595538399,True
885,18163,281,733,1802,1115,0.1246672582076308,0.179323548181238,0.3833560709413369,0.2520179372197309,False,6078,11.832990291953582,7.701470595538399,True
885,18172,5,733,1671,1017,0.0020842017507294,0.0028653295128939,0.0068212824010914,0.0049164208456243,False,6078,11.832990291953582,7.701470595538399,True
886,17519,457,556,3439,939,0.1291690220463538,0.4402697495183044,0.8219424460431655,0.4866879659211927,True,17519,19.98088652474893,3.9867559163368207,True
886,6078,5,556,11300,961,0.0004219053244451,0.0033068783068783,0.0089928057553956,0.0052029136316337,False,17519,19.98088652474893,3.9867559163368207,True
887,18759,89,661,2988,948,0.025,0.0585526315789473,0.1346444780635401,0.0938818565400844,False,18759,4.26622551649886,2.5537274983494673,False
887,20013,7,661,1726,876,0.0029411764705882,0.0045751633986928,0.010590015128593,0.0079908675799086,False,18759,4.26622551649886,2.5537274983494673,False
888,11346,201,602,5880,1318,0.0320012736825346,0.1169284467713787,0.3338870431893688,0.1525037936267071,True,11346,12.640798519989069,4.26433277161085,True
888,17571,1,602,1953,1624,0.0003915426781519,0.0004494382022471,0.0016611295681063,0.000615763546798,False,11346,12.640798519989069,4.26433277161085,True
889,18705,552,668,3719,2327,0.1439374185136897,0.2259516987310683,0.8263473053892215,0.2372152986678126,True,18705,29.016895915579962,4.065288151883361,True
889,16183,18,668,5637,2291,0.0028630507396214,0.0061203672220333,0.0269461077844311,0.0078568310781318,False,18705,29.016895915579962,4.065288151883361,True
890,17506,390,572,2680,723,0.1362683438155136,0.430939226519337,0.6818181818181818,0.5394190871369294,True,17506,26.041453304384433,3.4262581638631824,True
891,9609,354,528,8947,720,0.0388115338230457,0.3959731543624161,0.6704545454545454,0.4916666666666666,True,9609,21.48743460089204,3.812134645971515,True
892,16285,336,356,4772,942,0.0701168614357262,0.3492723492723493,0.9438202247191012,0.3566878980891719,True,16285,18.96135250900702,5.504815828889983,True
892,18208,17,356,2901,712,0.0052469135802469,0.0161750713606089,0.047752808988764,0.023876404494382,False,16285,18.96135250900702,5.504815828889983,True
893,18716,491,799,5328,1300,0.0871185237757274,0.3053482587064676,0.6145181476846058,0.3776923076923077,True,18716,20.030541973475994,4.357718721165081,True
893,19678,202,799,502,256,0.183803457688808,0.2368112543962485,0.2528160200250313,0.7890625,False,18716,20.030541973475994,4.357718721165081,True
894,16199,0,189,2714,0,0.0,0.0,0.0,0.0,False,16199,19.205481129169847,4.022624577964764,True
895,18194,287,537,3020,1062,0.0877675840978593,0.21875,0.5344506517690876,0.2702448210922787,True,18194,21.298889298087907,5.236336625796671,True
895,18774,111,537,4117,1897,0.0244331939247193,0.0477830391734825,0.2067039106145251,0.0585134422772799,False,18194,21.298889298087907,5.236336625796671,True
895,20025,24,537,1409,987,0.0124869927159209,0.016,0.0446927374301676,0.0243161094224924,False,18194,21.298889298087907,5.236336625796671,True
896,14504,353,586,7560,1373,0.0452970614654176,0.2198007471980074,0.6023890784982935,0.257101238164603,True,14504,31.44628118433557,6.446273651408649,True
896,16781,91,586,1849,1070,0.0388225255972696,0.05814696485623,0.1552901023890785,0.0850467289719626,False,14504,31.44628118433557,6.446273651408649,True
897,20013,381,701,1726,444,0.1862170087976539,0.4986910994764398,0.543509272467903,0.8581081081081081,True,20013,17.810945090892883,3.4868634224848103,True
897,17525,150,701,2297,464,0.0526685393258426,0.1477832512315271,0.2139800285306704,0.3232758620689655,False,20013,17.810945090892883,3.4868634224848103,True
898,20322,150,259,410,166,0.2890173410404624,0.5454545454545454,0.5791505791505791,0.9036144578313252,True,20322,18.575692885036162,6.638003136230938,True
898,11953,39,259,8207,430,0.004627981488074,0.06,0.1505791505791505,0.0906976744186046,False,20322,18.575692885036162,6.638003136230938,True
899,18179,376,428,4345,442,0.0855128496702297,0.7611336032388664,0.8785046728971962,0.8506787330316742,True,18179,22.7709982573795,4.269590168731662,True
899,19707,3,428,2617,565,0.0009861932938856,0.003030303030303,0.0070093457943925,0.0053097345132743,False,18179,22.7709982573795,4.269590168731662,True
900,19279,428,604,3010,428,0.1343377275580665,0.7086092715231788,0.7086092715231788,1.0,True,19279,22.95532766644484,4.3229245186349345,True
901,16777,253,388,2726,849,0.0884306186648025,0.2571138211382114,0.6520618556701031,0.2979976442873969,True,16777,13.948888529837259,3.86944970835316,True
901,19221,4,388,5466,2235,0.0006837606837606,0.0015273004963726,0.0103092783505154,0.0017897091722595,False,16777,13.948888529837259,3.86944970835316,True
902,16771,122,171,5131,1233,0.0235521235521235,0.095163806552262,0.7134502923976608,0.0989456609894566,True,16771,14.4766304423945,3.016690722806742,True
903,15116,413,553,4332,833,0.0923524150268336,0.4244604316546763,0.7468354430379747,0.4957983193277311,True,15116,26.611372820437605,4.6722886671058355,True
903,15619,24,553,5007,893,0.0043352601156069,0.0168776371308016,0.0433996383363472,0.0268756998880179,False,15116,26.611372820437605,4.6722886671058355,True
903,15610,17,553,4746,767,0.0032184778492995,0.0130468150422102,0.0307414104882459,0.0221642764015645,False,15116,26.611372820437605,4.6722886671058355,True
904,19693,18,408,899,123,0.0139643134212567,0.0350877192982456,0.0441176470588235,0.1463414634146341,True,10724,14.499883428022196,4.62249056790623,True
904,18163,16,408,1802,731,0.0072926162260711,0.0142475512021371,0.0392156862745098,0.0218878248974008,False,10724,14.499883428022196,4.62249056790623,True
905,11953,374,472,8207,430,0.0450331125827814,0.7083333333333334,0.7923728813559322,0.8697674418604651,True,11953,19.60949445056164,3.988465728106444,True
905,20322,13,472,410,166,0.0149597238204833,0.0208,0.0275423728813559,0.0783132530120482,False,11953,19.60949445056164,3.988465728106444,True
906,18179,43,269,4345,890,0.0094071319186173,0.0385304659498207,0.1598513011152416,0.048314606741573,False,18179,9.09065535577595,5.3938966972621545,False
906,18758,2,269,4049,801,0.000463392029657,0.0018726591760299,0.0074349442379182,0.0024968789013732,False,18179,9.09065535577595,5.3938966972621545,False
907,15152,413,736,4492,432,0.0857736240913811,0.5470198675496689,0.561141304347826,0.9560185185185184,True,15152,18.181259426293757,3.4679906138674874,True
907,19698,7,736,1958,338,0.0026051358392259,0.0065604498594189,0.0095108695652173,0.0207100591715976,False,15152,18.181259426293757,3.4679906138674874,True
907,15648,1,736,5642,473,0.0001568135486906,0.0008278145695364,0.0013586956521739,0.0021141649048625,False,15152,18.181259426293757,3.4679906138674874,True
908,18758,304,678,4049,1323,0.0687316301153063,0.1791396582203889,0.4483775811209439,0.2297808012093726,True,18758,25.372255373733847,4.02737454112825,True
909,16266,340,372,5938,1491,0.0569514237855946,0.2232435981615233,0.913978494623656,0.2280348759221998,True,16266,24.019837774050824,5.093703751152451,True
909,20545,16,372,190,190,0.0293040293040293,0.0293040293040293,0.043010752688172,0.0842105263157894,False,16266,24.019837774050824,5.093703751152451,True
909,17562,2,372,2205,147,0.0007766990291262,0.0038684719535783,0.0053763440860215,0.0136054421768707,False,16266,24.019837774050824,5.093703751152451,True
909,20025,1,372,1409,1409,0.0005617977528089,0.0005617977528089,0.0026881720430107,0.0007097232079489,False,16266,24.019837774050824,5.093703751152451,True
910,16781,324,488,1849,1070,0.1609538002980625,0.2625607779578606,0.6639344262295082,0.302803738317757,True,16781,19.0464975126459,4.992320423449136,True
910,18095,16,488,321,321,0.0201765447667087,0.0201765447667087,0.0327868852459016,0.0498442367601246,False,16781,19.0464975126459,4.992320423449136,True
910,14504,1,488,7560,1373,0.0001242699142537,0.0005376344086021,0.0020491803278688,0.0007283321194464,False,16781,19.0464975126459,4.992320423449136,True
911,16811,415,486,5457,508,0.0750723589001447,0.7167530224525043,0.8539094650205762,0.8169291338582677,True,16811,19.86317298290339,5.345225875800042,True
912,18728,236,360,3631,391,0.062849533954727,0.458252427184466,0.6555555555555556,0.6035805626598465,True,18728,20.027176228649544,4.5990490779790125,True
912,18141,10,360,2767,808,0.0032082130253448,0.0086355785837651,0.0277777777777777,0.0123762376237623,False,18728,20.027176228649544,4.5990490779790125,True
913,17525,86,589,2297,926,0.0307142857142857,0.060181945416375,0.1460101867572156,0.0928725701943844,False,20012,16.77191643872107,4.578582703457974,True
913,18739,1,589,2453,706,0.0003288391976323,0.0007727975270479,0.0016977928692699,0.0014164305949008,False,20012,16.77191643872107,4.578582703457974,True
914,19224,226,256,2432,646,0.0917952883834281,0.3343195266272189,0.8828125,0.3498452012383901,True,19224,24.5247528260525,2.9048496808300497,True
915,18141,353,422,2767,428,0.1244710860366713,0.710261569416499,0.8364928909952607,0.8247663551401869,True,18141,20.12230183234215,4.58642578954405,True
916,19244,294,390,3862,785,0.0742799393633148,0.3337116912599319,0.7538461538461538,0.3745222929936305,True,19244,19.29022595169037,4.1450792127599945,True
917,20705,179,497,251,251,0.3145869947275923,0.3145869947275923,0.3601609657947686,0.7131474103585658,True,19704,18.451480571429443,3.8376851965201917,True
917,19704,213,497,1874,833,0.0987025023169601,0.1906893464637421,0.4285714285714285,0.2557022809123649,False,19704,18.451480571429443,3.8376851965201917,True
917,18171,3,497,4689,981,0.0005788153579008,0.0020338983050847,0.0060362173038229,0.0030581039755351,False,19704,18.451480571429443,3.8376851965201917,True
917,15648,1,497,5642,929,0.0001629195177582,0.0007017543859649,0.0020120724346076,0.0010764262648008,False,19704,18.451480571429443,3.8376851965201917,True
918,16811,230,294,5457,1230,0.0416591197246875,0.1777434312210201,0.782312925170068,0.1869918699186991,False,19675,13.626194699652624,5.685567867457823,True
918,19675,12,294,218,218,0.024,0.024,0.0408163265306122,0.055045871559633,True,19675,13.626194699652624,5.685567867457823,True
919,19266,375,457,3643,1408,0.1006711409395973,0.2516778523489933,0.8205689277899344,0.2663352272727273,True,19266,13.273443852734468,3.901252049775694,True
919,11953,16,457,8207,811,0.001850138760407,0.0127795527156549,0.0350109409190372,0.0197287299630086,False,19266,13.273443852734468,3.901252049775694,True
920,16164,0,394,1376,0,0.0,0.0,0.0,0.0,False,16164,11.449258433752982,3.999340868175854,True
921,15610,377,451,4746,404,0.0782157676348547,0.7887029288702929,0.835920177383592,0.9331683168316832,True,15610,26.810721571314765,5.368830374785595,True
921,19244,36,451,3862,411,0.0084171148000935,0.0435835351089588,0.0798226164079822,0.0875912408759124,False,15610,26.810721571314765,5.368830374785595,True
922,15648,440,559,5642,929,0.0763756292310362,0.4198473282442748,0.7871198568872988,0.4736275565123789,True,15648,28.446329849741904,3.8906266189424143,True
922,19704,10,559,1874,833,0.0041271151465125,0.0072358900144717,0.0178890876565295,0.0120048019207683,False,15648,28.446329849741904,3.8906266189424143,True
922,18171,3,559,4689,981,0.0005719733079122,0.0019518542615484,0.0053667262969588,0.0030581039755351,False,15648,28.446329849741904,3.8906266189424143,True
923,14490,306,419,5881,744,0.051051051051051,0.3570595099183197,0.7303102625298329,0.4112903225806452,True,14490,28.246996671059375,6.048451998339206,True
924,16779,366,591,2712,585,0.1246169560776302,0.4518518518518518,0.6192893401015228,0.6256410256410256,True,16779,20.739601406776213,3.096460115606963,True
925,18739,281,509,2453,706,0.1048116374487131,0.3008565310492505,0.5520628683693517,0.3980169971671388,True,18739,22.5426241067573,4.496025470463213,True
925,16841,153,509,1746,330,0.0727878211227402,0.2230320699708455,0.3005893909626719,0.4636363636363636,False,18739,22.5426241067573,4.496025470463213,True
926,19690,102,461,1708,125,0.0493468795355587,0.2107438016528925,0.2212581344902386,0.816,True,19690,22.279518342330302,5.052261709266736,True
927,18169,362,640,3061,697,0.1084156933213537,0.3712820512820513,0.565625,0.5193687230989957,True,18169,28.05378143210225,4.3604184092327,True
927,19698,28,640,1958,768,0.0108949416342412,0.0202898550724637,0.04375,0.0364583333333333,False,18169,28.05378143210225,4.3604184092327,True
927,18758,18,640,4049,805,0.0038535645472061,0.012613875262789,0.028125,0.0223602484472049,False,18169,28.05378143210225,4.3604184092327,True
928,18762,410,507,2913,874,0.1362126245847176,0.4222451081359423,0.8086785009861933,0.4691075514874142,True,18762,26.243271246334857,5.279170582363656,True
928,20545,24,507,190,190,0.0356612184249628,0.0356612184249628,0.0473372781065088,0.1263157894736842,False,18762,26.243271246334857,5.279170582363656,True
928,19270,44,507,2368,869,0.0155422112327799,0.033033033033033,0.0867850098619329,0.050632911392405,False,18762,26.243271246334857,5.279170582363656,True
929,19266,42,259,3643,637,0.010880829015544,0.0491803278688524,0.1621621621621621,0.0659340659340659,False,19266,6.197118904410029,3.0531404153262045,False
930,16779,73,273,2712,585,0.0250686813186813,0.0929936305732484,0.2673992673992674,0.1247863247863247,False,19993,19.299923104102906,4.2755093000064655,True
931,19666,421,504,3583,2401,0.1148390616475722,0.1694847020933977,0.8353174603174603,0.1753436068304873,True,19666,20.583752554298247,2.079078429522749,True
932,16175,0,399,2505,0,0.0,0.0,0.0,0.0,False,16175,9.75139265751377,4.3737018696260055,False
933,16800,1,170,2128,325,0.0004353504571179,0.0020242914979757,0.0058823529411764,0.003076923076923,False,18713,5.3331761756458,5.175833862937129,False
934,18713,362,573,2963,388,0.1140516698172652,0.6043405676126878,0.631762652705061,0.9329896907216496,True,18713,23.74014516231575,3.3475212087648902,True
935,20008,188,551,299,299,0.283987915407855,0.283987915407855,0.3411978221415608,0.6287625418060201,True,20008,21.505197128243914,16.647601046988342,True
935,19688,253,551,2409,1084,0.0934613963797561,0.183068017366136,0.4591651542649728,0.2333948339483395,False,20008,21.505197128243914,16.647601046988342,True
936,16264,389,624,6664,1780,0.0563849833309175,0.1930521091811414,0.6233974358974359,0.2185393258426966,True,16264,10.003333558964602,5.994776131740071,True
937,13998,10,245,3296,197,0.0028320589068252,0.0231481481481481,0.0408163265306122,0.0507614213197969,False,19684,20.21078956525217,4.721940915862644,True
938,17512,254,373,3201,749,0.0765060240963855,0.2926267281105991,0.6809651474530831,0.3391188251001335,True,17512,25.41999136527197,5.270639616516466,True
938,19690,22,373,1708,513,0.0106847984458474,0.0254629629629629,0.0589812332439678,0.0428849902534113,False,17512,25.41999136527197,5.270639616516466,True
939,19266,198,356,3643,1296,0.0520915548539857,0.1361760660247593,0.5561797752808989,0.1527777777777778,False,19266,8.208492930918412,4.762426220626037,False
939,18160,4,356,4048,907,0.0009090909090909,0.0031771247021445,0.0112359550561797,0.0044101433296582,False,19266,8.208492930918412,4.762426220626037,False
940,18171,448,537,4689,981,0.0937630807869401,0.4186915887850467,0.8342644320297952,0.4566768603465851,True,18171,34.969814435636536,4.413573273313605,True
940,20705,22,537,251,251,0.0287206266318537,0.0287206266318537,0.0409683426443202,0.0876494023904382,False,18171,34.969814435636536,4.413573273313605,True
940,19704,4,537,1874,833,0.0016618196925633,0.0029282576866764,0.0074487895716946,0.0048019207683073,False,18171,34.969814435636536,4.413573273313605,True
941,17447,432,573,4607,1313,0.0909856781802864,0.297111416781293,0.7539267015706806,0.329017517136329,True,17447,23.734509932765608,3.9386885412321018,True
941,18678,1,573,3404,1389,0.0002515090543259,0.0005099439061703,0.0017452006980802,0.0007199424046076,False,17447,23.734509932765608,3.9386885412321018,True
942,14480,560,771,8511,2285,0.0642054574638844,0.2243589743589743,0.7263294422827496,0.2450765864332603,True,14480,29.070248314998036,3.9731471325471603,True
942,18679,42,771,1769,1511,0.0168134507606084,0.01875,0.0544747081712062,0.0277961614824619,False,14480,29.070248314998036,3.9731471325471603,True
942,18678,12,771,3404,1804,0.0028825366322363,0.0046820132657042,0.0155642023346303,0.0066518847006651,False,14480,29.070248314998036,3.9731471325471603,True
943,17493,412,472,2881,851,0.1400884053043182,0.4522502744237102,0.8728813559322034,0.4841363102232667,True,17493,25.8920289121094,3.6296214716675825,True
944,14475,488,520,7743,1753,0.0627652733118971,0.2733893557422969,0.9384615384615383,0.2783799201369081,True,14475,27.910669232982393,5.042787102862833,True
944,17442,8,520,3016,1138,0.0022675736961451,0.0048484848484848,0.0153846153846153,0.0070298769771528,False,14475,27.910669232982393,5.042787102862833,True
944,15570,6,520,6192,1327,0.000894721145243,0.0032590983161325,0.0115384615384615,0.0045214770158251,False,14475,27.910669232982393,5.042787102862833,True
945,16800,306,481,2128,325,0.1328701693443335,0.612,0.6361746361746362,0.9415384615384615,True,16800,17.923035586510494,3.3075362799780024,True
946,17492,417,526,2335,870,0.1706219312602291,0.4259448416751787,0.7927756653992395,0.4793103448275862,True,17492,20.005419408349013,5.087651227523764,True
946,17490,39,526,1650,693,0.0182498830135704,0.0330508474576271,0.0741444866920152,0.0562770562770562,False,17492,20.005419408349013,5.087651227523764,True
946,11916,15,526,5253,763,0.0026023594725884,0.0117739403453689,0.0285171102661596,0.019659239842726,False,17492,20.005419408349013,5.087651227523764,True
947,18723,472,562,3014,503,0.152061855670103,0.7959527824620574,0.8398576512455516,0.9383697813121272,True,18723,22.751730577017337,5.887479449734902,True
947,13998,48,562,3296,197,0.0125984251968503,0.0675105485232067,0.0854092526690391,0.2436548223350254,False,18723,22.751730577017337,5.887479449734902,True
947,16816,15,562,3752,475,0.0034891835310537,0.0146771037181996,0.0266903914590747,0.031578947368421,False,18723,22.751730577017337,5.887479449734902,True
948,19685,192,299,1854,292,0.0979092299847016,0.4812030075187969,0.6421404682274248,0.6575342465753424,True,19685,21.4178566248738,5.153158768513051,True
948,18739,41,299,2453,706,0.0151235706381409,0.0425311203319502,0.1371237458193979,0.0580736543909348,False,19685,21.4178566248738,5.153158768513051,True
949,18735,362,608,2749,783,0.1208681135225375,0.3517978620019436,0.5953947368421053,0.4623243933588761,True,18735,24.16857487799888,5.5663106942089495,True
949,17512,116,608,3201,749,0.0314107771459518,0.0934730056406124,0.1907894736842105,0.1548731642189586,False,18735,24.16857487799888,5.5663106942089495,True
949,20008,48,608,299,299,0.0558789289871944,0.0558789289871944,0.0789473684210526,0.1605351170568562,False,18735,24.16857487799888,5.5663106942089495,True
949,12430,4,608,6509,426,0.000562350625615,0.003883495145631,0.006578947368421,0.0093896713615023,False,18735,24.16857487799888,5.5663106942089495,True
950,18160,278,460,4048,1240,0.0657210401891253,0.1954992967651195,0.6043478260869565,0.2241935483870967,True,18160,22.656745514738596,5.102017874143847,True
950,19265,135,460,2005,1140,0.0579399141630901,0.0921501706484641,0.2934782608695652,0.1184210526315789,False,18160,22.656745514738596,5.102017874143847,True
950,14545,23,460,4772,674,0.0044154348243424,0.0207020702070207,0.05,0.0341246290801186,False,18160,22.656745514738596,5.102017874143847,True
951,19270,356,476,2368,454,0.1430868167202572,0.6202090592334495,0.7478991596638656,0.7841409691629956,True,19270,25.295684844117954,4.021195406968838,True
951,20704,25,476,285,285,0.0339673913043478,0.0339673913043478,0.0525210084033613,0.087719298245614,False,19270,25.295684844117954,4.021195406968838,True
952,15570,325,389,6192,2573,0.0519501278772378,0.1232461130072051,0.8354755784061697,0.1263116984065293,True,15570,25.529232381439822,4.980468128941425,True
952,14475,29,389,7743,1835,0.0035789213871405,0.0132118451025056,0.0745501285347043,0.0158038147138964,False,15570,25.529232381439822,4.980468128941425,True
953,17442,381,406,3016,1138,0.1252877342979283,0.3276010318142734,0.9384236453201972,0.3347978910369069,True,17442,24.529624606174426,4.0186385101645214,True
953,14475,13,406,7743,1161,0.0015978367748279,0.0083655083655083,0.0320197044334975,0.0111972437553832,False,17442,24.529624606174426,4.0186385101645214,True
954,16149,194,413,4191,1373,0.0439909297052154,0.121859296482412,0.4697336561743341,0.1412964311726147,False,16149,9.00621738504304,3.9518453122773978,False
954,16779,3,413,2712,1137,0.0009609224855861,0.0019392372333548,0.0072639225181598,0.0026385224274406,False,16149,9.00621738504304,3.9518453122773978,False
955,19202,0,9,3526,0,0.0,0.0,0.0,0.0,False,19202,8.50943075698503,3.177287322676739,False
956,14513,308,369,3916,681,0.0774453105355795,0.4150943396226415,0.8346883468834688,0.4522760646108664,True,14513,23.04433012153144,5.223782110686472,True
956,16188,1,369,2850,769,0.0003107520198881,0.0008795074758135,0.002710027100271,0.0013003901170351,False,14513,23.04433012153144,5.223782110686472,True
957,15655,224,412,1446,336,0.1370869033047735,0.4274809160305343,0.5436893203883495,0.6666666666666666,True,15655,19.707802643016144,6.611059341011471,True
957,16873,73,412,1563,840,0.0383806519453207,0.0619168787107718,0.1771844660194174,0.0869047619047619,False,15655,19.707802643016144,6.611059341011471,True
957,16883,55,412,4542,630,0.0112267809757093,0.055724417426545,0.1334951456310679,0.0873015873015873,False,15655,19.707802643016144,6.611059341011471,True
957,17539,19,412,5680,1226,0.0031286020088918,0.0117356392835083,0.0461165048543689,0.0154975530179445,False,15655,19.707802643016144,6.611059341011471,True
958,16188,359,498,2850,769,0.1201070592171294,0.395374449339207,0.7208835341365462,0.4668400520156047,True,16188,25.668916696284253,5.300157670061415,True
958,14513,18,498,3916,681,0.0040946314831665,0.0155038759689922,0.036144578313253,0.026431718061674,False,16188,25.668916696284253,5.300157670061415,True
959,17490,348,465,1650,823,0.1969439728353141,0.3702127659574468,0.7483870967741936,0.4228432563791008,True,17490,23.59432083460608,6.446148997027907,True
959,11916,46,465,5253,627,0.0081100141043723,0.0439770554493307,0.0989247311827957,0.0733652312599681,False,17490,23.59432083460608,6.446148997027907,True
959,19241,10,465,3002,927,0.0028926815157651,0.0072358900144717,0.021505376344086,0.0107874865156418,False,17490,23.59432083460608,6.446148997027907,True
960,19696,671,797,3525,1372,0.1837852643111476,0.4479305740987984,0.8419071518193224,0.489067055393586,True,19696,26.333868701657035,3.7837032942666484,True
961,18112,475,662,4413,1025,0.1032608695652173,0.3919141914191419,0.7175226586102719,0.4634146341463415,True,18112,22.500133523937784,4.3244441915011,True
961,18103,5,662,2951,1025,0.0013858093126385,0.0029726516052318,0.0075528700906344,0.0048780487804878,False,18112,22.500133523937784,4.3244441915011,True
961,18713,3,662,2963,770,0.0008282716731087,0.0020993701889433,0.0045317220543806,0.0038961038961038,False,18112,22.500133523937784,4.3244441915011,True
962,19247,222,347,1975,491,0.1057142857142857,0.3603896103896103,0.6397694524495677,0.4521384928716904,True,19247,23.548676938162597,5.466237677872601,True
963,18678,463,590,3404,960,0.1311243273860096,0.4259429622815087,0.7847457627118644,0.4822916666666667,True,18678,27.191801564607974,4.213617947094524,True
963,18679,33,590,1769,846,0.0141874462596732,0.0235210263720598,0.0559322033898305,0.0390070921985815,False,18678,27.191801564607974,4.213617947094524,True
964,18700,386,498,2987,847,0.1245563084866085,0.4025026068821689,0.7751004016064257,0.4557260920897285,True,18700,22.100646324728707,2.489628650786335,True
965,19241,333,396,3002,927,0.1086460032626427,0.3363636363636363,0.8409090909090909,0.3592233009708738,True,19241,16.49173371489482,5.323197167187052,True
965,11916,40,396,5253,627,0.0071313959707612,0.0406917599186164,0.101010101010101,0.0637958532695374,False,19241,16.49173371489482,5.323197167187052,True
965,18723,5,396,3014,1021,0.0014684287812041,0.0035410764872521,0.0126262626262626,0.0048971596474045,False,19241,16.49173371489482,5.323197167187052,True
966,18741,158,317,1920,263,0.075998075998076,0.3744075829383886,0.4984227129337539,0.6007604562737643,True,18741,17.140294355563153,3.8472780096863826,True
967,19669,469,580,3211,515,0.1411800120409392,0.7492012779552716,0.8086206896551724,0.9106796116504854,True,19669,24.254980290228996,3.4982803061579566,True
968,18683,320,345,3955,855,0.0804020100502512,0.3636363636363636,0.927536231884058,0.3742690058479532,True,18683,22.137613244390945,3.969193099634131,True
968,16149,1,345,4191,930,0.0002205071664829,0.0007849293563579,0.0028985507246376,0.0010752688172043,False,18683,22.137613244390945,3.969193099634131,True
969,16149,254,493,4191,930,0.0573363431151241,0.2172797262617622,0.5152129817444219,0.2731182795698925,True,15577,14.742603090510796,7.599912606743782,True
969,18683,107,493,3955,855,0.0246486984565768,0.0862207896857373,0.2170385395537525,0.1251461988304093,False,15577,14.742603090510796,7.599912606743782,True
970,18091,490,635,3972,1537,0.1190187029390332,0.291319857312723,0.7716535433070866,0.3188028627195836,True,18091,24.153454787370563,4.063170458365878,True
970,19215,5,635,3315,1648,0.0012674271229404,0.0021949078138718,0.0078740157480314,0.0030339805825242,False,18091,24.153454787370563,4.063170458365878,True
971,17442,77,365,3016,571,0.0233050847457627,0.089639115250291,0.210958904109589,0.1348511383537653,False,16754,10.247040883571472,4.908089567863557,True
971,18061,25,365,4317,1051,0.0053682628301481,0.0179726815240833,0.0684931506849315,0.0237868696479543,False,16754,10.247040883571472,4.908089567863557,True
972,16816,341,377,3752,877,0.0900211193241816,0.3734939759036144,0.9045092838196288,0.3888255416191562,True,16816,25.729144121037635,5.100432635203445,True
972,18723,14,377,3014,1021,0.0041456914421083,0.0101156069364161,0.0371352785145888,0.0137120470127326,False,16816,25.729144121037635,5.100432635203445,True
973,14545,301,422,4772,674,0.0615164520743919,0.3786163522012579,0.7132701421800948,0.4465875370919881,True,14545,23.077983653734794,4.186175162037576,True
974,17549,291,759,2471,861,0.0990132698196665,0.218961625282167,0.383399209486166,0.337979094076655,True,17549,6.375570793272302,4.8114141371732595,False
974,16272,179,759,5228,872,0.0308195592286501,0.1232782369146005,0.2358366271409749,0.2052752293577981,False,17549,6.375570793272302,4.8114141371732595,False
974,12474,4,759,6714,838,0.0005355469272995,0.002510985561833,0.0052700922266139,0.0047732696897374,False,17549,6.375570793272302,4.8114141371732595,False
974,17539,1,759,5680,1226,0.0001553277415346,0.0005040322580645,0.0013175230566534,0.0008156606851549,False,17549,6.375570793272302,4.8114141371732595,False
975,15067,0,143,4817,0,0.0,0.0,0.0,0.0,False,15067,4.069264606650268,3.403292784295677,False
976,16801,333,541,3941,874,0.0802603036876355,0.3077634011090573,0.6155268022181146,0.3810068649885583,True,16801,24.06987284990012,3.6487132856090176,True
977,17498,340,446,1922,348,0.1676528599605522,0.748898678414097,0.7623318385650224,0.9770114942528736,True,17498,21.490931462212973,5.209261173473575,True
977,19247,20,446,1975,302,0.0083298625572678,0.0274725274725274,0.0448430493273542,0.0662251655629139,False,17498,21.490931462212973,5.209261173473575,True
978,16866,235,464,2555,1336,0.0844109195402298,0.1501597444089457,0.5064655172413793,0.1758982035928143,True,15150,10.822370953066546,7.380318141902932,True
978,17542,102,464,1748,989,0.0483412322274881,0.0754996299037749,0.2198275862068965,0.1031344792719919,False,15150,10.822370953066546,7.380318141902932,True
979,18061,489,604,4317,1051,0.1103339350180505,0.4193825042881646,0.8096026490066225,0.4652711703139867,True,18061,23.225467246299623,2.8803605354039683,True
980,16202,463,582,4702,979,0.0960381663555278,0.4216757741347905,0.7955326460481099,0.4729315628192033,True,16202,26.870979410981082,5.015248747677077,True
980,19683,33,582,821,131,0.0240875912408759,0.0485294117647058,0.056701030927835,0.2519083969465648,False,16202,26.870979410981082,5.015248747677077,True
980,12430,8,582,6509,886,0.001129464915996,0.0054794520547945,0.0137457044673539,0.0090293453724604,False,16202,26.870979410981082,5.015248747677077,True
981,12430,274,281,6509,886,0.0420503376304481,0.3068309070548712,0.9750889679715302,0.309255079006772,True,12430,15.570862057668695,3.9162141358298435,True
981,18735,2,281,2749,610,0.0006605019815059,0.0022497187851518,0.0071174377224199,0.0032786885245901,False,12430,15.570862057668695,3.9162141358298435,True
982,20700,173,495,173,173,0.3494949494949494,0.3494949494949494,0.3494949494949494,1.0,True,20700,21.16133222575908,4.059121820279802,True
982,15636,8,495,6239,1042,0.0011894142134998,0.0052321778940483,0.0161616161616161,0.0076775431861804,False,20700,21.16133222575908,4.059121820279802,True
983,18177,129,257,1250,788,0.0936139332365747,0.1408296943231441,0.5019455252918288,0.1637055837563451,True,18177,12.997952583947507,7.293562601419439,True
983,16866,110,257,2555,1157,0.0407105847520355,0.0843558282208589,0.4280155642023346,0.0950734658599827,False,18177,12.997952583947507,7.293562601419439,True
983,16857,7,257,4782,1414,0.0013910969793322,0.0042067307692307,0.0272373540856031,0.0049504950495049,False,18177,12.997952583947507,7.293562601419439,True
984,19199,634,687,4797,1861,0.130721649484536,0.3312434691745036,0.9228529839883552,0.3406770553465879,True,19199,24.28973575917754,3.2386745910655783,True
985,18103,495,644,2951,1025,0.1596774193548387,0.4216354344122657,0.7686335403726708,0.4829268292682926,True,18103,22.690501278476265,4.378098244417404,True
985,18112,21,644,4413,1025,0.0041699761715647,0.0127427184466019,0.0326086956521739,0.0204878048780487,False,18103,22.690501278476265,4.378098244417404,True
986,18730,321,480,3310,736,0.0925338714326895,0.358659217877095,0.66875,0.4361413043478261,True,18730,23.160944625481648,4.4905611255790525,True
986,19251,7,480,1919,379,0.0029264214046822,0.0082159624413145,0.0145833333333333,0.0184696569920844,False,18730,23.160944625481648,4.4905611255790525,True
987,11324,179,626,7638,1150,0.0221397649969078,0.1120851596743894,0.2859424920127795,0.1556521739130434,True,11324,14.214716991346261,3.4993022974256633,True
987,17539,206,626,5680,1888,0.0337704918032786,0.0892547660311958,0.329073482428115,0.1091101694915254,False,11324,14.214716991346261,3.4993022974256633,True
987,18182,90,626,2167,577,0.0332963374028856,0.0808625336927223,0.1437699680511182,0.1559792027729636,False,11324,14.214716991346261,3.4993022974256633,True
987,17549,1,626,2471,1255,0.0003229974160206,0.000531914893617,0.0015974440894568,0.0007968127490039,False,11324,14.214716991346261,3.4993022974256633,True
988,19215,475,496,3315,1064,0.1423860911270983,0.4377880184331797,0.9576612903225806,0.4464285714285714,True,19215,27.017773791058268,4.166013166490629,True
989,15636,445,693,6239,1857,0.0685987359334052,0.2114014251781472,0.6421356421356421,0.2396338179859989,True,15636,23.882508179254238,2.6628329095548677,True
990,16831,291,306,3931,1064,0.0737455651292448,0.2696941612604263,0.9509803921568628,0.2734962406015037,True,16831,21.28942446081492,3.4092574533998605,True
991,9611,18,329,6391,260,0.0026857654431512,0.031523642732049,0.0547112462006079,0.0692307692307692,True,9611,16.28395696734875,8.063817426448352,True
991,16834,4,329,2540,1091,0.0013961605584642,0.0028248587570621,0.0121580547112462,0.0036663611365719,False,9611,16.28395696734875,8.063817426448352,True
991,16833,4,329,4184,1187,0.0008871146595697,0.0026455026455026,0.0121580547112462,0.0033698399326032,False,9611,16.28395696734875,8.063817426448352,True
992,16851,434,454,4746,1534,0.0910616869492236,0.2792792792792792,0.9559471365638766,0.2829204693611473,True,16851,23.877976096262163,3.3589818448157587,True
993,16816,26,468,3752,402,0.0061993323795898,0.0308056872037914,0.0555555555555555,0.0646766169154228,False,19996,11.39389993942409,4.119290914031783,True
994,19251,338,390,1919,712,0.1714865550481988,0.4424083769633508,0.8666666666666667,0.4747191011235955,True,19251,22.86908469941803,5.013450209284673,True
994,18730,1,390,3310,1151,0.0002703433360367,0.0006493506493506,0.0025641025641025,0.0008688097306689,False,19251,22.86908469941803,5.013450209284673,True
995,19208,386,580,2283,778,0.1558336697618086,0.397119341563786,0.6655172413793103,0.4961439588688946,True,19208,27.904659290654777,3.9343839910722522,True
995,18679,6,580,1769,806,0.0025608194622279,0.0043478260869565,0.0103448275862068,0.0074441687344913,False,19208,27.904659290654777,3.9343839910722522,True
996,16132,27,619,2230,792,0.0095676824946846,0.0195086705202312,0.0436187399030694,0.034090909090909,False,16132,7.294926057440438,3.9685213081607373,False
997,15589,211,644,4722,211,0.0409311348205625,0.327639751552795,0.327639751552795,1.0,True,15589,22.954488389410923,3.4535111688530873,True
998,18126,447,567,3216,905,0.1339928057553956,0.4360975609756097,0.7883597883597884,0.4939226519337016,True,18126,25.241247458009575,3.673372974951557,True
999,17517,498,656,4683,1570,0.1028713075810782,0.2881944444444444,0.7591463414634146,0.3171974522292993,True,17517,21.697074131283678,4.83727240645914,True
999,16832,11,656,1724,334,0.0046433094132545,0.0112359550561797,0.0167682926829268,0.0329341317365269,False,17517,21.697074131283678,4.83727240645914,True
999,17516,1,656,2168,432,0.0003542330853701,0.0009199632014719,0.0015243902439024,0.0023148148148148,False,17517,21.697074131283678,4.83727240645914,True
1000,18075,393,484,2131,887,0.1768676867686768,0.401840490797546,0.8119834710743802,0.4430665163472378,True,18075,24.994494381171606,5.046016937912083,True
1000,18064,19,484,3554,900,0.0047275441652152,0.0139194139194139,0.0392561983471074,0.0211111111111111,False,18075,24.994494381171606,5.046016937912083,True
1000,15085,5,484,5385,647,0.0008526603001364,0.0044404973357015,0.0103305785123966,0.0077279752704791,False,18075,24.994494381171606,5.046016937912083,True
1001,12430,15,373,6509,886,0.0021843599825251,0.0120578778135048,0.0402144772117962,0.0169300225733634,False,19679,24.401677002266972,7.6458598552569885,True
1001,16202,14,373,4702,979,0.0027662517289073,0.0104633781763826,0.0375335120643431,0.0143003064351378,False,19679,24.401677002266972,7.6458598552569885,True
1002,17485,275,388,2007,735,0.1297169811320754,0.3242924528301887,0.7087628865979382,0.3741496598639456,True,17485,16.906143316941105,5.92792171567931,True
1003,16833,292,357,4184,1187,0.0687220522475876,0.2332268370607028,0.8179271708683473,0.2459983150800337,True,16833,20.607481794679032,5.754316060745036,True
1003,9611,1,357,6391,260,0.0001482140210463,0.0016233766233766,0.0028011204481792,0.0038461538461538,False,16833,20.607481794679032,5.754316060745036,True
1004,16851,53,436,4746,1480,0.0103333983232598,0.0284487385936661,0.1215596330275229,0.0358108108108108,False,16851,6.580876423862478,4.449332359831437,False
1004,19259,2,436,2302,1187,0.0007309941520467,0.001233806292412,0.0045871559633027,0.0016849199663016,False,16851,6.580876423862478,4.449332359831437,False
1005,16857,481,521,4782,1597,0.0997511406055578,0.2938301771533292,0.9232245681381958,0.3011897307451471,True,16857,20.735427338833485,4.672467136254476,True
1005,16866,21,521,2555,1336,0.006873977086743,0.011437908496732,0.0403071017274472,0.0157185628742514,False,16857,20.735427338833485,4.672467136254476,True
1005,16238,11,521,4445,1231,0.0022199798183652,0.006318207926479,0.0211132437619961,0.0089358245329,False,16857,20.735427338833485,4.672467136254476,True
1006,16242,87,705,1450,366,0.0420696324951644,0.0884146341463414,0.1234042553191489,0.2377049180327868,True,16242,14.227420791328834,4.890872268888503,True
1006,16857,70,705,4782,1667,0.0129222817057411,0.0304083405734144,0.0992907801418439,0.041991601679664,False,16242,14.227420791328834,4.890872268888503,True
1006,16848,53,705,1873,1120,0.0209900990099009,0.0299097065462753,0.075177304964539,0.0473214285714285,False,16242,14.227420791328834,4.890872268888503,True
1006,16866,53,705,2555,1182,0.0165263486124103,0.0288985823336968,0.075177304964539,0.0448392554991539,False,16242,14.227420791328834,4.890872268888503,True
1006,18170,16,705,3880,1327,0.003501860363318,0.0079365079365079,0.0226950354609929,0.0120572720422004,False,16242,14.227420791328834,4.890872268888503,True
1006,16238,2,705,4445,1048,0.0003885003885003,0.0011422044545973,0.0028368794326241,0.0019083969465648,False,16242,14.227420791328834,4.890872268888503,True
1007,18170,284,420,3880,819,0.0707171314741035,0.2973821989528796,0.6761904761904762,0.3467643467643467,True,18170,17.185480773640684,3.6256849454847133,True
1007,16848,14,420,1873,752,0.006143045195261,0.0120898100172711,0.0333333333333333,0.0186170212765957,False,18170,17.185480773640684,3.6256849454847133,True
1008,18103,6,423,2951,486,0.0017814726840855,0.0066445182724252,0.0141843971631205,0.0123456790123456,False,17456,16.547338748942146,3.993714009850713,True
1008,16148,2,423,3886,528,0.0004643603436266,0.0021074815595363,0.0047281323877068,0.0037878787878787,False,17456,16.547338748942146,3.993714009850713,True
1009,17461,477,554,4251,512,0.1102125693160813,0.8098471986417657,0.8610108303249098,0.931640625,True,17461,28.43843470220918,3.525697919874773,True
1010,16834,375,472,2540,805,0.1422070534698521,0.4157427937915743,0.7944915254237288,0.4658385093167702,True,16834,17.238384738492943,7.307422471626315,True
1010,9611,6,472,6391,260,0.0008750182295464,0.0082644628099173,0.0127118644067796,0.023076923076923,False,16834,17.238384738492943,7.307422471626315,True
1011,15067,0,76,4817,0,0.0,0.0,0.0,0.0,False,15067,5.232657801488848,3.1870987497608096,False
1012,20313,0,166,202,0,0.0,0.0,0.0,0.0,False,20313,18.001408300653143,4.924858368660923,True
1013,16132,71,616,2230,392,0.0255855855855855,0.0757737459978655,0.1152597402597402,0.1811224489795918,True,16132,15.924373373468505,3.5238886090739516,True
1014,18064,319,365,3554,866,0.0886111111111111,0.3497807017543859,0.873972602739726,0.3683602771362587,True,18064,28.298583270858018,4.602739542999355,True
1014,18075,23,365,2131,883,0.0093004448038819,0.0187755102040816,0.0630136986301369,0.0260475651189127,False,18064,28.298583270858018,4.602739542999355,True
1015,18170,101,534,3880,1839,0.0234175747739392,0.0444542253521126,0.1891385767790262,0.054921152800435,False,18170,6.302348260312667,3.522607351825053,False
1015,16848,18,534,1873,1120,0.0075345332775219,0.011002444987775,0.0337078651685393,0.0160714285714285,False,18170,6.302348260312667,3.522607351825053,False
1016,18043,557,663,5544,1766,0.0985840707964601,0.297542735042735,0.8401206636500754,0.3154020385050962,True,18043,24.82900812777835,3.6424355154942725,True
1016,19199,83,663,4797,1860,0.0154361167937511,0.0340163934426229,0.1251885369532428,0.0446236559139784,False,18043,24.82900812777835,3.6424355154942725,True
1017,17479,344,433,3318,422,0.1009685940710302,0.6731898238747553,0.7944572748267898,0.8151658767772512,True,17479,19.24637567912539,2.7152188238133625,True
1018,19240,375,601,4332,959,0.0822729267222466,0.3164556962025316,0.6239600665557404,0.3910323253388947,True,19240,18.785126028567845,5.503211716509958,True
1018,19679,2,601,2245,446,0.00070323488045,0.0019138755980861,0.0033277870216306,0.0044843049327354,False,19240,18.785126028567845,5.503211716509958,True
1019,16842,394,758,5443,1435,0.0678491475805062,0.2190105614230127,0.5197889182058048,0.2745644599303136,True,16842,19.385549710811123,2.1564281267720204,True
1019,20540,2,758,249,249,0.0019900497512437,0.0019900497512437,0.0026385224274406,0.0080321285140562,False,16842,19.385549710811123,2.1564281267720204,True
1020,20311,126,665,255,255,0.1586901763224181,0.1586901763224181,0.1894736842105263,0.4941176470588235,True,20311,13.488351142153107,6.455505805892522,True
1020,16815,236,665,6727,1733,0.0329793180547792,0.1091581868640148,0.3548872180451128,0.1361800346220427,False,20311,13.488351142153107,6.455505805892522,True
1021,19246,359,410,2868,1347,0.1229873244261733,0.2567954220314735,0.875609756097561,0.2665181885671863,True,19246,18.628439421163534,4.365124763351274,True
1022,17516,125,485,2168,432,0.0494462025316455,0.1578282828282828,0.2577319587628865,0.2893518518518518,True,17516,7.758972369304431,2.8494469006040144,False
1023,11327,272,1101,3949,1195,0.0569275847634993,0.1343873517786561,0.2470481380563124,0.2276150627615062,True,15647,17.00594929312402,9.168776940295517,True
1023,17531,315,1101,2254,2254,0.1036184210526315,0.1036184210526315,0.2861035422343324,0.139751552795031,False,15647,17.00594929312402,9.168776940295517,True
1023,15647,221,1101,4293,3143,0.0427218248598492,0.0549341287596321,0.2007266121707538,0.0703149856824689,False,15647,17.00594929312402,9.168776940295517,True
1023,16253,52,1101,937,937,0.026183282980866,0.026183282980866,0.0472297910990009,0.055496264674493,False,15647,17.00594929312402,9.168776940295517,True
1023,14015,35,1101,1790,680,0.0122549019607843,0.0200458190148911,0.0317892824704813,0.0514705882352941,False,15647,17.00594929312402,9.168776940295517,True
1023,16241,49,1101,4563,2471,0.0087266251113089,0.0139086006244677,0.0445049954586739,0.0198300283286118,False,15647,17.00594929312402,9.168776940295517,True
1023,14567,29,1101,2608,1677,0.0078804347826086,0.0105492906511458,0.0263396911898274,0.0172927847346452,False,15647,17.00594929312402,9.168776940295517,True
1024,18049,53,426,2093,397,0.0214922952149229,0.0688311688311688,0.1244131455399061,0.1335012594458438,True,18049,19.258639358848562,3.0514191254137373,True
1025,15085,314,403,5385,647,0.0573620752648885,0.4266304347826087,0.7791563275434243,0.4853168469860896,True,15085,25.84003516876273,5.033583786031544,True
1025,18064,37,403,3554,900,0.009438775510204,0.0292259083728278,0.0918114143920595,0.0411111111111111,False,15085,25.84003516876273,5.033583786031544,True
1025,18075,8,403,2131,887,0.0031670625494853,0.0062402496099844,0.0198511166253101,0.0090191657271702,False,15085,25.84003516876273,5.033583786031544,True
1026,18088,297,783,2031,637,0.1179976162097735,0.2644701691896705,0.3793103448275862,0.4662480376766091,True,18088,23.45536436387027,6.063145226784735,True
1026,16148,208,783,3886,1008,0.0466263169692894,0.131396083385976,0.2656449553001277,0.2063492063492063,False,18088,23.45536436387027,6.063145226784735,True
1027,19259,320,347,2302,800,0.137398024903392,0.3869407496977025,0.9221902017291066,0.4,True,19259,22.67301406768744,3.168777261769729,True
1028,17463,186,231,2134,448,0.0853602569986232,0.3772819472616633,0.8051948051948052,0.4151785714285714,True,17463,14.824868828745503,3.695472265355904,True
1029,19653,429,433,3081,774,0.1390599675850891,0.5514138817480719,0.9907621247113164,0.5542635658914729,True,19653,23.494474787895225,6.523416969104266,True
1030,18110,442,563,3396,907,0.1256752914415695,0.4299610894941634,0.7850799289520426,0.4873208379272326,True,18110,25.712170884703433,4.032163072995653,True
1031,16238,214,730,4445,1048,0.0431364644224954,0.1368286445012787,0.2931506849315068,0.2041984732824427,True,16238,11.07462536258812,6.66121324808311,True
1031,9610,202,730,6778,1180,0.0276485080755543,0.1182669789227166,0.2767123287671232,0.1711864406779661,False,16238,11.07462536258812,6.66121324808311,True
1031,16242,43,730,1450,366,0.0201216658867571,0.0408357075023741,0.0589041095890411,0.1174863387978142,False,16238,11.07462536258812,6.66121324808311,True
1031,14536,31,730,5276,1113,0.0051882845188284,0.0171081677704194,0.0424657534246575,0.0278526504941599,False,16238,11.07462536258812,6.66121324808311,True
1031,16848,8,730,1873,1120,0.0030828516377649,0.004343105320304,0.010958904109589,0.0071428571428571,False,16238,11.07462536258812,6.66121324808311,True
1031,16857,5,730,4782,1667,0.0009079353550027,0.0020903010033444,0.0068493150684931,0.002999400119976,False,16238,11.07462536258812,6.66121324808311,True
1032,18043,16,248,5544,1185,0.002770083102493,0.0112914608327452,0.064516129032258,0.0135021097046413,False,18043,5.087249835002653,3.8808887225400452,False
1033,16756,106,315,2132,279,0.045279794959419,0.2172131147540983,0.3365079365079365,0.3799283154121863,True,16756,22.49884678458769,4.548990483426426,True
1033,18667,19,315,4483,1174,0.0039757271395689,0.0129251700680272,0.0603174603174603,0.0161839863713798,False,16756,22.49884678458769,4.548990483426426,True
1034,19230,196,446,2611,287,0.0685075148549458,0.3649906890130354,0.4394618834080717,0.6829268292682927,True,19230,20.618943972623644,3.9154681089818055,True
1034,18110,10,446,3396,920,0.0026096033402922,0.0073746312684365,0.0224215246636771,0.0108695652173913,False,19230,20.618943972623644,3.9154681089818055,True
1035,18736,0,412,3467,0,0.0,0.0,0.0,0.0,False,18736,4.618111814794365,2.467222407384836,False
1036,18736,473,594,3467,1460,0.1318283166109253,0.2991777356103732,0.7962962962962963,0.323972602739726,True,18736,24.3453336891442,2.8049157227700103,True
1037,14015,146,556,1790,680,0.0663636363636363,0.1339449541284403,0.2625899280575539,0.2147058823529411,True,14015,7.686150015124375,4.355622092870503,False
1037,15647,9,556,4293,1221,0.0018595041322314,0.0050904977375565,0.0161870503597122,0.0073710073710073,False,14015,7.686150015124375,4.355622092870503,False
1038,18667,512,722,4483,535,0.1090986575751118,0.687248322147651,0.7091412742382271,0.9570093457943926,True,18667,25.893413040563342,4.3118449837268775,True
1038,18064,125,722,3554,488,0.03011322572874,0.1152073732718894,0.1731301939058172,0.2561475409836065,False,18667,25.893413040563342,4.3118449837268775,True
1038,16756,1,722,2132,279,0.0003505082369435,0.001,0.0013850415512465,0.003584229390681,False,18667,25.893413040563342,4.3118449837268775,True
1039,17452,296,615,2795,529,0.0950545921644187,0.3490566037735849,0.4813008130081301,0.5595463137996219,True,17452,15.716529463405871,7.8403611310267864,True
1039,16148,227,615,3886,979,0.0531118390266729,0.1660570592538405,0.3691056910569105,0.2318692543411644,False,17452,15.716529463405871,7.8403611310267864,True
1040,16241,206,419,4563,1731,0.0431323283082077,0.1059670781893004,0.4916467780429594,0.1190063547082611,True,16241,15.999965057768188,5.113772339433161,True
1040,17531,75,419,2254,1489,0.0288683602771362,0.0409165302782324,0.1789976133651551,0.0503693754197447,False,16241,15.999965057768188,5.113772339433161,True
1040,19262,4,419,2424,1300,0.0014089468122578,0.0023323615160349,0.0095465393794749,0.003076923076923,False,16241,15.999965057768188,5.113772339433161,True
1041,19663,322,504,3660,618,0.0838105153565851,0.4025,0.6388888888888888,0.5210355987055016,True,19663,21.282199496881884,3.565511237560676,True
1041,17463,137,504,2134,448,0.0547780887644942,0.1680981595092024,0.2718253968253968,0.3058035714285714,False,19663,21.282199496881884,3.565511237560676,True
1042,16825,171,178,2207,608,0.0772357723577235,0.2780487804878049,0.9606741573033708,0.28125,True,7878,14.271050496024543,7.822464126326753,True
1043,17455,454,529,3212,906,0.1381198661393367,0.4627930682976554,0.8582230623818525,0.5011037527593819,True,17455,24.88406214702044,4.36118955127507,True
1043,17461,25,529,4251,1027,0.0052576235541535,0.0163291966035271,0.0472589792060491,0.0243427458617332,False,17455,24.88406214702044,4.36118955127507,True
1044,18117,333,657,2199,1040,0.1319857312722948,0.2441348973607038,0.5068493150684932,0.3201923076923076,True,18117,11.994313124667498,5.075292637479384,True
1044,16815,251,657,6727,1764,0.035188560213094,0.1156682027649769,0.3820395738203957,0.1422902494331065,False,18117,11.994313124667498,5.075292637479384,True
1045,18021,0,283,4212,0,0.0,0.0,0.0,0.0,False,18021,23.0788984269962,2.2829944114066887,True
1046,18044,413,636,5064,930,0.0781161339133724,0.3581960104076322,0.64937106918239,0.4440860215053763,True,18044,17.2410971640993,4.331037052529926,True
1046,17427,18,636,2930,910,0.0050732807215332,0.0117801047120418,0.0283018867924528,0.0197802197802197,False,18044,17.2410971640993,4.331037052529926,True
1047,17427,446,671,2930,932,0.1413629160063391,0.3854796888504753,0.6646795827123696,0.4785407725321888,True,17427,20.869314506931815,4.486989587954393,True
1047,17419,5,671,2160,327,0.0017692852087756,0.0050352467270896,0.007451564828614,0.0152905198776758,False,17427,20.869314506931815,4.486989587954393,True
1048,16162,374,462,4148,374,0.0882908404154863,0.8095238095238095,0.8095238095238095,1.0,True,16162,23.869785047131803,3.532064845843141,True
1049,17441,536,714,4826,1076,0.1071143085531574,0.4274322169059011,0.7507002801120448,0.4981412639405204,True,17441,24.156713082116077,3.316717839387805,True
1049,19204,5,714,2954,956,0.0013650013650013,0.003003003003003,0.0070028011204481,0.0052301255230125,False,17441,24.156713082116077,3.316717839387805,True
1050,19234,186,543,1478,524,0.1013623978201634,0.2111237230419977,0.3425414364640884,0.3549618320610687,True,18708,14.90687617381856,11.07425598819836,True
1050,18708,229,543,930,930,0.1840836012861736,0.1840836012861736,0.4217311233885819,0.2462365591397849,False,18708,14.90687617381856,11.07425598819836,True
1050,16792,40,543,3205,1767,0.0107874865156418,0.0176211453744493,0.0736648250460405,0.0226372382569326,False,18708,14.90687617381856,11.07425598819836,True
1051,18134,229,246,1435,317,0.1577134986225895,0.6856287425149701,0.9308943089430894,0.722397476340694,True,18134,18.539848131949768,4.0007123425834985,True
1051,16813,4,246,1978,377,0.0018018018018018,0.0064620355411954,0.016260162601626,0.0106100795755968,False,18134,18.539848131949768,4.0007123425834985,True
1052,16208,75,238,1800,244,0.0382068262862964,0.1842751842751842,0.315126050420168,0.3073770491803279,True,16208,8.801379904438555,4.0370872650543355,False
1052,12417,2,238,8334,1061,0.0002333722287047,0.0015420200462606,0.0084033613445378,0.001885014137606,False,16208,8.801379904438555,4.0370872650543355,False
1053,16127,331,499,2445,650,0.1266743207041714,0.4046454767726161,0.6633266533066132,0.5092307692307693,True,16127,23.578236902071776,3.285928301110103,True
1054,19206,379,548,2128,789,0.1649978232477144,0.395615866388309,0.6916058394160584,0.4803548795944233,True,19206,22.895907646164527,4.391346345077497,True
1054,18662,1,548,3162,972,0.0002696144513345,0.0006583278472679,0.0018248175182481,0.0010288065843621,False,19206,22.895907646164527,4.391346345077497,True
1055,20315,216,761,660,660,0.179253112033195,0.179253112033195,0.2838370565045992,0.3272727272727272,True,20315,26.53680268777681,3.660782675776263,True
1055,16204,33,761,4842,1592,0.0059245960502693,0.0142241379310344,0.0433639947437582,0.0207286432160804,False,20315,26.53680268777681,3.660782675776263,True
1056,18021,0,9,4212,0,0.0,0.0,0.0,0.0,False,18021,7.676291375711482,2.011395169033217,False
1057,16825,178,255,2207,608,0.0779334500875656,0.2598540145985401,0.6980392156862745,0.2927631578947368,False,16825,17.201200000140645,4.5990897241142745,True
1058,14555,141,833,1523,674,0.0636568848758465,0.103221083455344,0.1692677070828331,0.2091988130563798,True,14555,11.340993011770383,9.009292342585184,True
1058,15639,201,833,1484,1484,0.0949905482041588,0.0949905482041588,0.2412965186074429,0.1354447439353099,False,14555,11.340993011770383,9.009292342585184,True
1058,14015,56,833,1790,680,0.0218153486560187,0.0384351407000686,0.0672268907563025,0.0823529411764705,False,14555,11.340993011770383,9.009292342585184,True
1058,15647,22,833,4293,2572,0.0043103448275862,0.0065031037540644,0.0264105642256902,0.0085536547433903,False,14555,11.340993011770383,9.009292342585184,True
1058,17527,7,833,1760,1169,0.002706883217324,0.0035087719298245,0.0084033613445378,0.0059880239520958,False,14555,11.340993011770383,9.009292342585184,True
1059,15112,382,583,6625,1171,0.0559624963375329,0.2784256559766764,0.6552315608919382,0.3262169086251067,True,15112,17.92338436411557,3.3733874239072255,True
1059,13988,39,583,3401,371,0.0098859315589353,0.0426229508196721,0.0668953687821612,0.105121293800539,False,15112,17.92338436411557,3.3733874239072255,True
1060,9610,72,262,6778,589,0.010332950631458,0.0924261874197689,0.2748091603053435,0.1222410865874363,False,16837,11.519563845658844,10.647985584485133,True
1060,14536,3,262,5276,828,0.0005420054200542,0.0027598896044158,0.0114503816793893,0.0036231884057971,False,16837,11.519563845658844,10.647985584485133,True
1061,17468,250,397,5455,1090,0.0446269189575151,0.2021018593371059,0.6297229219143576,0.2293577981651376,True,17468,8.442636515663219,3.569691756130383,False
1061,19230,2,397,2611,287,0.0006653359946773,0.002932551319648,0.0050377833753148,0.0069686411149825,False,17468,8.442636515663219,3.569691756130383,False
1062,18060,500,593,3458,1190,0.140805406927626,0.3897116134060795,0.8431703204047217,0.4201680672268907,True,18060,25.019826355999918,3.7177711229714805,True
1062,18664,6,593,3716,1180,0.0013943760167325,0.0033955857385398,0.0101180438448566,0.0050847457627118,False,18060,25.019826355999918,3.7177711229714805,True
1063,19663,116,289,3660,618,0.0302635011740151,0.1466498103666245,0.4013840830449827,0.1877022653721682,False,19655,13.05062086652616,7.076420221984504,True
1063,19655,105,289,2503,546,0.0390770375883885,0.1438356164383561,0.3633217993079585,0.1923076923076923,True,19655,13.05062086652616,7.076420221984504,True
1064,19243,170,605,205,205,0.265625,0.265625,0.2809917355371901,0.8292682926829268,True,12417,14.873339448744641,4.597308986540642,True
1064,12417,187,605,8334,1061,0.0213665447897623,0.1264367816091954,0.3090909090909091,0.176248821866164,False,12417,14.873339448744641,4.597308986540642,True
1064,15112,138,605,6625,1122,0.0194585448392555,0.0868470736312146,0.228099173553719,0.1229946524064171,False,12417,14.873339448744641,4.597308986540642,True
1064,16208,29,605,1800,244,0.0122053872053872,0.0353658536585365,0.0479338842975206,0.1188524590163934,False,12417,14.873339448744641,4.597308986540642,True
1065,14536,274,343,5276,1279,0.0512628624883068,0.2032640949554896,0.7988338192419825,0.2142298670836591,True,14536,21.625464940395638,6.9578763665709,True
1065,9610,66,343,6778,589,0.009355067328136,0.0762124711316397,0.1924198250728863,0.1120543293718166,False,14536,21.625464940395638,6.9578763665709,True
1066,18021,0,2,4212,0,0.0,0.0,0.0,0.0,False,18021,4.149321193100071,2.8291366784281013,False
1067,12917,0,331,5134,0,0.0,0.0,0.0,0.0,False,12917,12.639787440781589,5.281958310956526,True
1068,18147,502,802,3604,1825,0.1285860655737705,0.236235294117647,0.6259351620947631,0.2750684931506849,True,18147,22.02337275350103,7.440936052173208,True
1068,20007,57,802,584,405,0.0428893905191873,0.0495652173913043,0.071072319201995,0.1407407407407407,False,18147,22.02337275350103,7.440936052173208,True
1068,14536,77,802,5276,1736,0.0128311948008665,0.0312880942706217,0.0960099750623441,0.0443548387096774,False,18147,22.02337275350103,7.440936052173208,True
1068,19249,24,802,1541,1541,0.0103492884864165,0.0103492884864165,0.0299251870324189,0.0155743024010382,False,18147,22.02337275350103,7.440936052173208,True
1069,17509,0,482,1929,0,0.0,0.0,0.0,0.0,False,17509,7.632452243981664,3.831548817237024,False
1070,18662,477,558,3162,967,0.1470860314523589,0.4551526717557252,0.8548387096774194,0.4932781799379524,True,18662,27.14929409030511,4.9182617258569135,True
1070,19206,9,558,2128,596,0.0033619723571161,0.0078602620087336,0.0161290322580645,0.0151006711409395,False,18662,27.14929409030511,4.9182617258569135,True
1071,18711,322,400,2176,603,0.1428571428571428,0.4728340675477239,0.805,0.5339966832504146,True,18711,18.76747533468898,5.34544476754674,True
1071,16803,6,400,2908,174,0.001817080557238,0.0105633802816901,0.015,0.0344827586206896,False,18711,18.76747533468898,5.34544476754674,True
1072,18130,307,804,2724,663,0.0953120149022042,0.2646551724137931,0.3818407960199005,0.4630467571644042,True,18130,11.861336646023892,5.346766103965842,True
1072,12417,283,804,8334,1109,0.0319593450028232,0.1736196319018405,0.3519900497512437,0.2551848512173129,False,18130,11.861336646023892,5.346766103965842,True
1072,19243,12,804,205,205,0.0120361083249749,0.0120361083249749,0.0149253731343283,0.0585365853658536,False,18130,11.861336646023892,5.346766103965842,True
1072,15109,1,804,3721,775,0.0002210433244916,0.0006337135614702,0.0012437810945273,0.0012903225806451,False,18130,11.861336646023892,5.346766103965842,True
1073,17527,192,488,1760,930,0.0933852140077821,0.1566068515497553,0.3934426229508196,0.2064516129032258,True,17527,7.836637136914363,3.441678100545877,False
1074,18175,130,200,2783,1043,0.0455660708026638,0.1168014375561545,0.65,0.12464046021093,True,18175,8.82012640918644,5.799909939072207,False
1075,18031,473,563,5351,1415,0.0869325491637566,0.3142857142857143,0.8401420959147424,0.3342756183745583,True,18031,16.654735135965016,3.8596181577404924,True
1075,18044,1,563,5064,930,0.0001777461784571,0.0006702412868632,0.0017761989342806,0.0010752688172043,False,18031,16.654735135965016,3.8596181577404924,True
1076,16792,381,564,3205,1332,0.1124557260920897,0.2514851485148515,0.675531914893617,0.286036036036036,True,16792,16.854875036495095,8.679615539770168,True
1076,18100,112,564,236,236,0.1627906976744186,0.1627906976744186,0.1985815602836879,0.4745762711864407,False,16792,16.854875036495095,8.679615539770168,True
1077,18097,322,446,1273,636,0.2304939155332856,0.4236842105263158,0.7219730941704036,0.5062893081761006,True,18097,27.37452050505658,4.395323854548328,True
1078,19226,239,273,2741,797,0.0861261261261261,0.2876052948255114,0.8754578754578755,0.2998745294855709,True,19226,17.724648627257537,4.357080954785154,True
1079,19231,265,566,2414,1181,0.0976058931860036,0.1788124156545209,0.4681978798586572,0.2243861134631668,True,19231,13.553412709841655,11.946567210382904,True
1079,16803,198,566,2908,752,0.0604395604395604,0.1767857142857143,0.3498233215547703,0.2632978723404255,False,19231,13.553412709841655,11.946567210382904,True
1079,20000,1,566,987,403,0.0006443298969072,0.0010330578512396,0.0017667844522968,0.0024813895781637,False,19231,13.553412709841655,11.946567210382904,True
1080,16813,257,300,1978,377,0.1271647699158832,0.611904761904762,0.8566666666666667,0.6816976127320955,True,16813,16.55403524879473,3.6619915955058815,True
1081,19204,439,481,2954,956,0.1465287049399199,0.439879759519038,0.9126819126819128,0.4592050209205021,True,19204,26.056082071518468,4.370171178749057,True
1082,19219,377,413,2692,842,0.1381964809384164,0.4293849658314351,0.9128329297820824,0.4477434679334917,True,19219,23.144668331604933,4.502847907618836,True
1082,19214,3,413,2671,878,0.0009737098344693,0.0023291925465838,0.0072639225181598,0.0034168564920273,False,19219,23.144668331604933,4.502847907618836,True
1083,15134,214,391,1633,626,0.118232044198895,0.2665006226650062,0.5473145780051151,0.3418530351437699,True,15134,13.276968348110122,4.733615176510416,True
1083,16850,52,391,2804,809,0.0165447025135221,0.0452961672473867,0.1329923273657289,0.0642768850432632,False,15134,13.276968348110122,4.733615176510416,True
1084,18649,280,341,2187,295,0.1245551601423487,0.7865168539325843,0.8211143695014663,0.9491525423728814,True,18649,24.404996966916496,3.426815056783534,True
1085,11229,381,491,6639,832,0.0564528078233812,0.4044585987261146,0.7759674134419552,0.4579326923076923,True,11229,20.425601971548424,4.279000596870832,True
1086,19662,0,240,2534,0,0.0,0.0,0.0,0.0,False,19662,21.453556556899247,4.865902194270651,True
1087,16792,10,193,3205,890,0.0029515938606847,0.0093196644920782,0.0518134715025906,0.0112359550561797,False,18701,8.951406663095375,5.198545352406199,False
1088,19226,135,311,2741,1137,0.0462804250942749,0.1028179741051028,0.4340836012861736,0.1187335092348284,False,18701,11.776587780211582,6.795487470535106,True
1088,18701,48,311,924,329,0.0404380791912384,0.081081081081081,0.1543408360128617,0.1458966565349544,True,18701,11.776587780211582,6.795487470535106,True
1089,13988,304,389,3401,797,0.087205966724039,0.3446712018140589,0.781491002570694,0.3814303638644918,True,13988,15.323896910007418,4.456430524188905,True
1089,15112,8,389,6625,1122,0.0011418783899514,0.0053226879574184,0.0205655526992287,0.0071301247771836,False,13988,15.323896910007418,4.456430524188905,True
1090,16204,472,575,4842,1067,0.0954499494438827,0.4034188034188034,0.8208695652173913,0.4423617619493908,True,16204,20.45915652882379,4.631343082518699,True
1090,18131,16,575,3324,1002,0.0041205253669842,0.0102498398462524,0.0278260869565217,0.0159680638722554,False,16204,20.45915652882379,4.631343082518699,True
1091,17514,299,915,3442,1605,0.0736816165598817,0.134624043223773,0.326775956284153,0.1862928348909657,True,17514,8.757600099444836,3.990338515598172,False
1091,17511,25,915,3046,1484,0.0063516260162601,0.010530749789385,0.0273224043715847,0.0168463611859838,False,17514,8.757600099444836,3.990338515598172,False
1091,11294,31,915,6228,2479,0.0043588301462317,0.0092179601546238,0.033879781420765,0.0125050423557886,False,17514,8.757600099444836,3.990338515598172,False
1091,16850,5,915,2804,2222,0.0013462574044157,0.0015964240102171,0.0054644808743169,0.0022502250225022,False,17514,8.757600099444836,3.990338515598172,False
1092,18664,238,487,3716,907,0.0600252206809583,0.2058823529411764,0.4887063655030801,0.2624035281146637,True,18664,22.259025559879888,3.7785996909785093,True
1092,18060,6,487,3458,1104,0.0015232292460015,0.0037854889589905,0.0123203285420944,0.0054347826086956,False,18664,22.259025559879888,3.7785996909785093,True
1093,18640,373,379,4402,1205,0.0846188747731397,0.3080099091659785,0.9841688654353562,0.3095435684647303,True,18640,21.321483241795875,1.7079547553703693,True
1094,18023,110,521,2717,498,0.0351662404092071,0.121012101210121,0.2111324376199616,0.2208835341365461,True,18023,18.21479831381617,4.821682815623896,True
1094,18649,5,521,2187,653,0.0018497965223825,0.0042771599657827,0.0095969289827255,0.007656967840735,False,18023,18.21479831381617,4.821682815623896,True
1094,18031,7,521,5351,1415,0.0011935208866155,0.0036288232244686,0.0134357005758157,0.004946996466431,False,18023,18.21479831381617,4.821682815623896,True
1095,18046,196,419,2362,1238,0.0758220502901353,0.1341546885694729,0.4677804295942721,0.1583198707592892,True,18046,9.399487557230257,3.940439938629543,False
1096,19214,405,445,2671,878,0.1493913684987089,0.4411764705882353,0.9101123595505618,0.4612756264236902,True,19214,22.143566785116715,5.782436930449528,True
1096,19219,7,445,2692,842,0.0022364217252396,0.00546875,0.0157303370786516,0.008313539192399,False,19214,22.143566785116715,5.782436930449528,True
1097,16799,299,671,1549,688,0.1556480999479438,0.2820754716981132,0.4456035767511177,0.4345930232558139,True,14509,15.617823501636707,15.013336438641597,True
1097,14509,226,671,3085,494,0.0640226628895184,0.2406815761448349,0.3368107302533532,0.4574898785425101,False,14509,15.617823501636707,15.013336438641597,True
1097,16185,47,671,1589,334,0.0212381382738364,0.0490605427974947,0.0700447093889716,0.1407185628742515,False,14509,15.617823501636707,15.013336438641597,True
1097,13988,5,671,3401,797,0.0012294074256208,0.0034176349965823,0.007451564828614,0.0062735257214554,False,14509,15.617823501636707,15.013336438641597,True
1098,15612,312,874,3550,1052,0.0758754863813229,0.1933085501858736,0.3569794050343249,0.2965779467680608,True,18721,7.881908988124842,7.5296872669629105,False
1098,17484,81,874,3114,1224,0.0207320194522651,0.0401586514625681,0.0926773455377574,0.0661764705882353,False,18721,7.881908988124842,7.5296872669629105,False
1098,19999,2,874,487,343,0.0014716703458425,0.0016460905349794,0.0022883295194508,0.0058309037900874,False,18721,7.881908988124842,7.5296872669629105,False
1099,18690,143,431,1318,225,0.0890410958904109,0.2787524366471735,0.3317865429234338,0.6355555555555555,True,18690,10.596744184645665,3.6912988667653823,True
1099,17468,50,431,5455,546,0.0085675119945167,0.0539374325782092,0.1160092807424593,0.0915750915750915,False,18690,10.596744184645665,3.6912988667653823,True
1099,16161,7,431,1163,199,0.0044108380592312,0.0112359550561797,0.0162412993039443,0.0351758793969849,False,18690,10.596744184645665,3.6912988667653823,True
1100,16161,170,249,1163,199,0.1368760064412238,0.6115107913669064,0.6827309236947792,0.8542713567839196,True,16161,22.352971966540384,5.085753620346157,True
1100,17468,42,249,5455,546,0.0074178735429176,0.0557768924302788,0.1686746987951807,0.0769230769230769,False,16161,22.352971966540384,5.085753620346157,True
1101,15109,199,287,3721,775,0.052244683644001,0.2305909617612977,0.6933797909407665,0.2567741935483871,True,15109,11.339185362137144,3.6012775936755683,True
1102,11294,211,659,6228,769,0.0316057519472738,0.1733771569433032,0.3201820940819423,0.2743823146944083,True,17511,16.088981289425885,10.244755249735983,True
1102,17511,344,659,3046,1905,0.1023504909253198,0.1549549549549549,0.5220030349013657,0.1805774278215223,False,17511,16.088981289425885,10.244755249735983,True
1102,12435,83,659,6676,1712,0.0114451185879757,0.0362762237762237,0.125948406676783,0.0484813084112149,False,17511,16.088981289425885,10.244755249735983,True
1102,17514,14,659,3442,2702,0.0034254954734524,0.0041828503137137,0.0212443095599393,0.005181347150259,False,17511,16.088981289425885,10.244755249735983,True
1103,18645,273,372,1990,585,0.1306845380564863,0.3991228070175439,0.7338709677419355,0.4666666666666667,True,18645,20.909754912035016,4.377061762066631,True
1103,18031,39,372,5351,1415,0.0068613652357494,0.0223112128146453,0.1048387096774193,0.0275618374558303,False,18645,20.909754912035016,4.377061762066631,True
1103,18023,16,372,2717,498,0.0052066384640416,0.018735362997658,0.043010752688172,0.0321285140562249,False,18645,20.909754912035016,4.377061762066631,True
1103,18646,12,372,3791,1187,0.002890869669959,0.0077569489334195,0.032258064516129,0.0101095197978096,False,18645,20.909754912035016,4.377061762066631,True
1104,16726,393,487,3052,878,0.1249205340114431,0.404320987654321,0.8069815195071869,0.4476082004555808,True,16726,24.10385698933841,2.560565036013224,True
1105,19647,361,413,1987,793,0.177047572339382,0.4272189349112426,0.87409200968523,0.4552332912988651,True,19647,22.815591351731154,4.608499474748263,True
1105,19204,1,413,2954,994,0.0002970885323826,0.0007112375533428,0.0024213075060532,0.0010060362173038,False,19647,22.815591351731154,4.608499474748263,True
1106,19207,452,734,2843,1496,0.14464,0.2542182227221597,0.6158038147138964,0.302139037433155,True,19207,17.99004345269651,2.7360896140969375,True
1107,15585,677,753,6042,730,0.1106570774762994,0.8399503722084367,0.899070385126162,0.9273972602739726,True,15585,23.76012020663775,4.396120943857508,True
1107,12374,17,753,5321,346,0.0028066699686313,0.0157116451016635,0.0225763612217795,0.0491329479768786,False,15585,23.76012020663775,4.396120943857508,True
1108,17489,372,529,3348,761,0.1061340941512125,0.4052287581699346,0.7032136105860114,0.4888304862023653,True,17489,22.976485914205288,4.450028211055733,True
1109,18646,502,536,3791,1662,0.1312418300653594,0.2959905660377358,0.9365671641791044,0.3020457280385078,True,18646,26.919248804747202,4.779284898354589,True
1109,18645,9,536,1990,946,0.0035756853396901,0.0061099796334012,0.0167910447761194,0.0095137420718816,False,18646,26.919248804747202,4.779284898354589,True
1110,18098,328,452,2995,1052,0.1051619108688682,0.2789115646258503,0.7256637168141593,0.311787072243346,True,18098,16.567608640651308,3.764302576008385,True
1111,17524,258,634,1556,322,0.1335403726708074,0.3696275071633237,0.4069400630914827,0.8012422360248447,True,17524,11.628058962570288,5.243798352967869,True
1111,15124,132,634,1942,349,0.0540098199672667,0.1551116333725029,0.2082018927444795,0.3782234957020057,False,17524,11.628058962570288,5.243798352967869,True
1111,15123,53,634,3531,433,0.0128891050583657,0.0522682445759368,0.083596214511041,0.1224018475750577,False,17524,11.628058962570288,5.243798352967869,True
1112,17415,1,512,3298,1194,0.0002625360987135,0.0005865102639296,0.001953125,0.0008375209380234,False,16116,15.224876518722047,4.089811980891722,True
1113,18093,411,518,3765,955,0.106146694214876,0.3870056497175141,0.7934362934362934,0.4303664921465968,True,18093,18.725895417510245,4.376791812903239,True
1114,18725,365,470,2200,771,0.158351409978308,0.4166666666666667,0.776595744680851,0.4734111543450064,True,18725,23.165047925586087,3.7142027443556778,True
1114,18724,44,470,1857,432,0.0192728865527814,0.0512820512820512,0.0936170212765957,0.1018518518518518,False,18725,23.165047925586087,3.7142027443556778,True
1115,16750,335,418,2196,739,0.1469942957437472,0.4075425790754258,0.8014354066985646,0.4533152909336941,True,16750,23.754057683875754,5.992700951012541,True
1115,16753,28,418,1710,539,0.0133333333333333,0.0301399354144241,0.0669856459330143,0.0519480519480519,False,16750,23.754057683875754,5.992700951012541,True
1116,16753,206,211,1710,600,0.1201166180758017,0.340495867768595,0.976303317535545,0.3433333333333333,True,16753,19.92667821030316,9.543610990050487,True
1117,18076,309,565,3734,782,0.0774436090225564,0.2976878612716763,0.5469026548672566,0.3951406649616368,True,18076,22.067434057639822,7.525994701592569,True
1117,16759,132,565,2089,735,0.0523394131641554,0.1130136986301369,0.2336283185840708,0.1795918367346938,False,18076,22.067434057639822,7.525994701592569,True
1117,16136,63,565,4047,753,0.0138491976258518,0.050199203187251,0.111504424778761,0.0836653386454183,False,18076,22.067434057639822,7.525994701592569,True
1118,18131,347,373,3324,527,0.1035820895522388,0.6274864376130199,0.9302949061662198,0.6584440227703985,True,18131,25.285820926309597,4.459572291487286,True
1118,15611,3,373,4618,498,0.0006014434643143,0.0034562211981566,0.0080428954423592,0.0060240963855421,False,18131,25.285820926309597,4.459572291487286,True
1118,16204,1,373,4842,531,0.0001917913310318,0.0011074197120708,0.002680965147453,0.0018832391713747,False,18131,25.285820926309597,4.459572291487286,True
1119,18640,0,1,4402,0,0.0,0.0,0.0,0.0,False,18640,3.611544309433605,2.072144255060131,False
1120,18069,231,334,1831,303,0.1194415718717683,0.5689655172413793,0.6916167664670658,0.7623762376237624,True,18069,18.70046685646191,5.136356615036956,True
1120,16136,66,334,4047,404,0.0152954808806489,0.0982142857142857,0.1976047904191616,0.1633663366336633,False,18069,18.70046685646191,5.136356615036956,True
1120,16753,8,334,1710,310,0.0039292730844793,0.0125786163522012,0.0239520958083832,0.0258064516129032,False,18069,18.70046685646191,5.136356615036956,True
1121,15122,293,806,2704,862,0.091078644700031,0.213090909090909,0.3635235732009925,0.339907192575406,True,15628,11.983652434715479,6.712639395271871,True
1121,16836,238,806,1798,720,0.1005917159763313,0.1847826086956521,0.2952853598014888,0.3305555555555555,False,15628,11.983652434715479,6.712639395271871,True
1121,15628,220,806,3460,736,0.0543746910528917,0.1664145234493192,0.2729528535980149,0.2989130434782608,False,15628,11.983652434715479,6.712639395271871,True
1121,15124,5,806,1942,349,0.0018228217280349,0.0043478260869565,0.0062034739454094,0.0143266475644699,False,15628,11.983652434715479,6.712639395271871,True
1122,18027,419,556,3321,851,0.1211683053788316,0.4240890688259109,0.7535971223021583,0.4923619271445358,True,18027,33.51369552845517,4.459876931352454,True
1122,12901,2,556,6361,777,0.000289226319595,0.0015026296018031,0.0035971223021582,0.0025740025740025,False,18027,33.51369552845517,4.459876931352454,True
1123,18108,351,499,2023,758,0.1616766467065868,0.3874172185430463,0.7034068136272545,0.4630606860158311,True,18108,19.740863472800104,4.41846468010377,True
1123,14509,35,499,3085,494,0.009861932938856,0.0365344467640918,0.0701402805611222,0.0708502024291498,False,18108,19.740863472800104,4.41846468010377,True
1124,17484,305,389,3114,811,0.0953721075672295,0.3407821229050279,0.7840616966580977,0.376078914919852,True,17484,21.381241636978697,5.084011855907197,True
1125,15614,192,500,4176,278,0.0428189116859946,0.3276450511945392,0.384,0.6906474820143885,True,15614,21.916589979100326,4.239777180799777,True
1126,12374,327,442,5321,346,0.0601545253863134,0.7093275488069414,0.7398190045248869,0.9450867052023122,True,12374,23.662185427650815,5.1421722796826215,True
1126,15585,34,442,6042,730,0.0052713178294573,0.0298769771528998,0.0769230769230769,0.0465753424657534,False,12374,23.662185427650815,5.1421722796826215,True
1127,19225,174,447,1412,231,0.1032640949554896,0.3452380952380952,0.3892617449664429,0.7532467532467533,True,19225,19.507710332374014,4.494296618704591,True
1127,17470,76,447,1748,880,0.0358659745162812,0.0607513988808952,0.1700223713646532,0.0863636363636363,False,19225,19.507710332374014,4.494296618704591,True
1128,16203,401,524,5085,1439,0.0769969278033794,0.2567221510883483,0.7652671755725191,0.2786657400972898,True,16203,18.965949326913915,4.657574449152971,True
1129,15588,334,506,2410,685,0.1293570875290472,0.3897316219369895,0.6600790513833992,0.4875912408759124,True,15588,15.742367925324029,4.931014038184028,True
1129,18093,38,506,3765,955,0.0089770848098275,0.0267041461700632,0.075098814229249,0.0397905759162303,False,15588,15.742367925324029,4.931014038184028,True
1129,15579,12,506,3630,710,0.002909796314258,0.0099667774086378,0.0237154150197628,0.0169014084507042,False,15588,15.742367925324029,4.931014038184028,True
1130,13412,59,157,5030,297,0.0115054602184087,0.1493670886075949,0.375796178343949,0.1986531986531986,True,13412,15.706401800222102,5.1603933893420795,True
1130,18046,16,157,2362,1176,0.006392329204954,0.0121488230827638,0.1019108280254777,0.0136054421768707,False,13412,15.706401800222102,5.1603933893420795,True
1130,17415,13,157,3298,1194,0.0037768739105171,0.0097159940209267,0.0828025477707006,0.0108877721943048,False,13412,15.706401800222102,5.1603933893420795,True
1131,15558,247,601,2638,729,0.0825534759358288,0.2280701754385964,0.410981697171381,0.3388203017832647,True,15558,24.219303154048497,8.750137525718047,True
1131,19642,20,601,981,166,0.0128040973111395,0.0267737617135207,0.0332778702163061,0.1204819277108433,False,15558,24.219303154048497,8.750137525718047,True
1132,18041,168,310,4184,1159,0.0388349514563106,0.1291314373558801,0.5419354838709678,0.1449525452976704,False,18041,5.2773961771842,4.629455402911846,False
1132,19647,2,310,1987,793,0.0008714596949891,0.0018165304268846,0.0064516129032258,0.0025220680958385,False,18041,5.2773961771842,4.629455402911846,False
1133,16759,222,364,2089,735,0.0995069475571492,0.2531356898517674,0.6098901098901099,0.3020408163265306,True,16759,14.716272820556588,4.462744003454458,True
1134,15579,373,558,3630,764,0.0977719528178243,0.39304531085353,0.6684587813620072,0.4882198952879581,True,15579,17.149324798002766,5.742324142317869,True
1134,18690,92,558,1318,565,0.0515695067264574,0.0892337536372454,0.1648745519713261,0.1628318584070796,False,15579,17.149324798002766,5.742324142317869,True
1134,15588,6,558,2410,699,0.0020256583389601,0.0047961630695443,0.010752688172043,0.0085836909871244,False,15579,17.149324798002766,5.742324142317869,True
1135,17470,318,342,1748,880,0.1794582392776523,0.3517699115044247,0.9298245614035088,0.3613636363636364,True,17470,19.548261808472674,4.915742218400309,True
1136,19999,177,298,487,343,0.2911184210526316,0.3814655172413793,0.5939597315436241,0.5160349854227405,True,19999,24.117111275803452,5.977008302926746,True
1136,15612,32,298,3550,643,0.0083857442348008,0.0352035203520352,0.1073825503355704,0.0497667185069984,False,19999,24.117111275803452,5.977008302926746,True
1137,16223,220,431,1419,687,0.1349693251533742,0.2449888641425389,0.5104408352668214,0.3202328966521106,True,16223,13.134948237229617,5.751299301858898,True
1137,15622,83,431,1897,612,0.0369710467706013,0.0864583333333333,0.1925754060324826,0.1356209150326797,False,16223,13.134948237229617,5.751299301858898,True
1137,12446,19,431,4501,568,0.003867290860981,0.0193877551020408,0.0440835266821345,0.0334507042253521,False,16223,13.134948237229617,5.751299301858898,True
1137,15621,13,431,4079,905,0.0028908160996219,0.0098261526832955,0.0301624129930394,0.0143646408839779,False,16223,13.134948237229617,5.751299301858898,True
1138,18636,471,646,2973,1992,0.1496188055908513,0.2173511767420397,0.7291021671826625,0.2364457831325301,True,18636,22.709138906487986,4.974766177576342,True
1138,18004,84,646,4487,2321,0.0166369578134284,0.0291363163371488,0.1300309597523219,0.0361912968548039,False,18636,22.709138906487986,4.974766177576342,True
1138,19179,33,646,2730,842,0.009871373018247,0.022680412371134,0.0510835913312693,0.0391923990498812,False,18636,22.709138906487986,4.974766177576342,True
1138,18626,3,646,2241,1569,0.0010402219140083,0.0013562386980108,0.0046439628482972,0.0019120458891013,False,18636,22.709138906487986,4.974766177576342,True
1139,16785,251,399,3169,859,0.0756707868555924,0.2492552135054617,0.6290726817042607,0.2922002328288707,True,16785,23.530385664306888,3.3585107903786966,True
1140,17460,378,615,1623,776,0.2032258064516129,0.3731490621915103,0.6146341463414634,0.4871134020618556,True,17460,17.801823768013996,3.8994954570809575,True
1140,14509,19,615,3085,494,0.0051616408584623,0.0174311926605504,0.0308943089430894,0.0384615384615384,False,17460,17.801823768013996,3.8994954570809575,True
1140,18108,9,615,2023,758,0.00342335488779,0.0065982404692082,0.0146341463414634,0.0118733509234828,False,17460,17.801823768013996,3.8994954570809575,True
1141,17502,492,714,3087,2116,0.1486854034451496,0.2104362703165098,0.6890756302521008,0.2325141776937618,True,17502,15.530338528332827,4.1557159816751446,True
1141,11294,22,714,6228,1190,0.003179190751445,0.0116896918172157,0.0308123249299719,0.0184873949579831,False,17502,15.530338528332827,4.1557159816751446,True
1141,17511,3,714,3046,1495,0.0007985094490284,0.0013599274705349,0.0042016806722689,0.0020066889632107,False,17502,15.530338528332827,4.1557159816751446,True
1141,13994,2,714,4604,1859,0.0003762227238525,0.0007779074290159,0.0028011204481792,0.0010758472296933,False,17502,15.530338528332827,4.1557159816751446,True
1142,16764,309,774,4444,775,0.0629456101038908,0.2491935483870967,0.3992248062015504,0.3987096774193548,True,16764,10.083647994526835,5.9688630610527085,True
1142,18691,258,774,2692,565,0.0804239401496259,0.2386679000925069,0.3333333333333333,0.4566371681415929,False,16764,10.083647994526835,5.9688630610527085,True
1142,18093,25,774,3765,832,0.0055383252104563,0.0158127767235926,0.0322997416020671,0.0300480769230769,False,16764,10.083647994526835,5.9688630610527085,True
1142,16152,22,774,3229,659,0.0055262496860085,0.0155917788802267,0.0284237726098191,0.0333839150227617,False,16764,10.083647994526835,5.9688630610527085,True
1143,19227,195,559,1850,339,0.0880758807588075,0.2773826458036984,0.3488372093023256,0.5752212389380531,True,19227,16.0447225126814,6.715726785747676,True
1143,16176,148,559,2970,560,0.0437740313516711,0.1524201853759011,0.2647584973166368,0.2642857142857143,False,19227,16.0447225126814,6.715726785747676,True
1144,18120,306,411,2472,571,0.1187427240977881,0.4526627218934911,0.7445255474452555,0.5359019264448336,True,18120,24.838676037273434,5.898290101131213,True
1144,18131,26,411,3324,1002,0.0070099757346993,0.0187454938716654,0.0632603406326034,0.0259481037924151,False,18120,24.838676037273434,5.898290101131213,True
1145,15611,458,585,4618,958,0.096522655426765,0.4221198156682028,0.7829059829059829,0.4780793319415449,True,15611,26.091892301655736,4.350114601869481,True
1145,18131,2,585,3324,1002,0.0005119017148707,0.0012618296529968,0.0034188034188034,0.0019960079840319,False,15611,26.091892301655736,4.350114601869481,True
1146,16203,120,395,5085,1054,0.0223880597014925,0.0902934537246049,0.3037974683544304,0.1138519924098671,False,18722,17.56397274366814,4.612448315772078,True
1146,18722,3,395,2026,342,0.0012406947890818,0.0040871934604904,0.0075949367088607,0.0087719298245614,True,18722,17.56397274366814,4.612448315772078,True
1147,10681,312,559,6503,876,0.0462222222222222,0.2778272484416741,0.5581395348837209,0.3561643835616438,True,10681,18.122353424045226,5.1676472966989,True
1147,19227,54,559,1850,339,0.0229299363057324,0.0639810426540284,0.0966010733452593,0.1592920353982301,False,10681,18.122353424045226,5.1676472966989,True
1148,11906,56,308,6358,392,0.0084720121028744,0.0869565217391304,0.1818181818181818,0.1428571428571428,True,11906,25.763555659225624,5.773918683747059,True
1149,19179,142,162,2730,842,0.0516363636363636,0.1647331786542923,0.8765432098765432,0.168646080760095,True,19179,19.736380892250352,6.279785845323552,True
1149,18626,19,162,2241,1181,0.0079697986577181,0.0143504531722054,0.1172839506172839,0.0160880609652836,False,19179,19.736380892250352,6.279785845323552,True
1150,12901,305,394,6361,777,0.0472868217054263,0.3521939953810623,0.7741116751269036,0.3925353925353925,True,12901,24.723658203447094,5.254481935915945,True
1150,18027,5,394,3321,851,0.0013477088948787,0.0040322580645161,0.0126903553299492,0.0058754406580493,False,12901,24.723658203447094,5.254481935915945,True
1151,17415,396,552,3298,916,0.1146496815286624,0.3694029850746269,0.717391304347826,0.4323144104803493,True,17415,17.39738300427764,7.213149585850317,True
1151,13412,87,552,5030,585,0.0158325750682438,0.0828571428571428,0.1576086956521739,0.1487179487179487,False,17415,17.39738300427764,7.213149585850317,True
1152,16152,185,418,3229,425,0.0534373194685153,0.2811550151975684,0.4425837320574162,0.4352941176470588,True,16152,14.151101227655678,6.079440331012938,True
1152,18691,95,418,2692,681,0.0315091210613598,0.0946215139442231,0.2272727272727272,0.1395007342143906,False,16152,14.151101227655678,6.079440331012938,True
1153,17484,11,461,3114,1217,0.0030864197530864,0.0065986802639472,0.0238611713665943,0.0090386195562859,False,16802,22.119771343885386,5.115738698155491,True
1154,18041,474,502,4184,2777,0.1125356125356125,0.1689839572192513,0.9442231075697212,0.1706877925819229,True,18041,21.47922598792623,5.685955513045191,True
1154,19640,6,502,1398,1398,0.0031678986272439,0.0031678986272439,0.0119521912350597,0.0042918454935622,False,18041,21.47922598792623,5.685955513045191,True
1155,15596,409,568,4827,945,0.0820296831127156,0.3704710144927536,0.7200704225352113,0.4328042328042328,True,15596,17.682422671245618,4.671441840700225,True
1155,10681,105,568,6503,669,0.0150732127476313,0.092756183745583,0.1848591549295774,0.1569506726457399,False,15596,17.682422671245618,4.671441840700225,True
1156,18695,184,487,1850,219,0.0854621458430097,0.3524904214559387,0.37782340862423,0.8401826484018264,True,18695,19.4085082573848,6.681576387532995,True
1156,14500,210,487,3014,777,0.0638103919781221,0.1992409867172675,0.4312114989733059,0.2702702702702703,False,18695,19.4085082573848,6.681576387532995,True
1156,17470,28,487,1748,770,0.012686905301314,0.0227827502034174,0.0574948665297741,0.0363636363636363,False,18695,19.4085082573848,6.681576387532995,True
1157,18720,152,493,2021,770,0.0643522438611346,0.1368136813681368,0.3083164300202839,0.1974025974025974,True,18720,19.555871642340616,4.702624584775289,True
1157,16203,109,493,5085,1439,0.0199305174620588,0.0597915523861766,0.2210953346855984,0.0757470465601111,False,18720,19.555871642340616,4.702624584775289,True
1158,14538,265,443,4893,1051,0.0522579372904752,0.2156224572823433,0.5981941309255079,0.2521408182683159,True,14538,13.13426142833683,3.792590757588481,True
1159,15609,481,722,5094,2893,0.0901593252108716,0.1534779834077855,0.6662049861495845,0.1662633944002765,True,15609,12.874791793042169,3.5672081184524,True
1159,13981,3,722,4545,450,0.0005699088145896,0.0025662959794696,0.0041551246537396,0.0066666666666666,False,15609,12.874791793042169,3.5672081184524,True
1160,16209,216,499,1311,283,0.1355081555834379,0.381625441696113,0.4328657314629258,0.7632508833922261,True,16209,15.713751339586032,4.72623084389344,True
1160,13994,79,499,4604,382,0.0157245222929936,0.098503740648379,0.158316633266533,0.206806282722513,False,16209,15.713751339586032,4.72623084389344,True
1160,16836,27,499,1798,419,0.0118942731277533,0.0303030303030303,0.0541082164328657,0.0644391408114558,False,16209,15.713751339586032,4.72623084389344,True
1161,18626,298,402,2241,1165,0.1270788912579957,0.2348305752561071,0.7412935323383084,0.255793991416309,True,18626,16.334699132087884,4.939429299399919,True
1161,18004,100,402,4487,1793,0.0208811860513677,0.0477326968973747,0.2487562189054726,0.0557724484104852,False,18626,16.334699132087884,4.939429299399919,True
1162,18004,359,415,4487,1233,0.0790226722430112,0.2785104732350659,0.8650602409638555,0.2911597729115977,True,18004,15.174203132397505,4.220043845827472,True
1163,18658,337,591,2563,747,0.1196308129215477,0.3366633366633366,0.5702199661590525,0.4511378848728246,True,18658,18.899233132590005,4.51336962500387,True
1163,16744,131,591,2489,504,0.0444218379111563,0.1358921161825726,0.22165820642978,0.2599206349206349,False,18658,18.899233132590005,4.51336962500387,True
1164,13942,245,276,3672,305,0.0661625708884688,0.7291666666666666,0.8876811594202898,0.8032786885245902,True,13942,23.197317367353243,4.966965391459365,True
1164,16744,2,276,2489,503,0.0007238508867173,0.0025740025740025,0.0072463768115942,0.003976143141153,False,13942,23.197317367353243,4.966965391459365,True
1165,17466,322,393,2185,377,0.1427304964539007,0.71875,0.8193384223918575,0.8541114058355438,True,17466,17.9822242624665,3.1271464875540773,True
1166,10703,30,149,5043,882,0.0058117008911274,0.0299700299700299,0.2013422818791946,0.0340136054421768,True,10703,8.45890713800649,5.441555356627299,False
1167,15541,198,437,2087,528,0.0851246775580395,0.258148631029987,0.4530892448512585,0.375,True,15541,22.397912985197323,4.687325318521098,True
1167,17415,85,437,3298,916,0.0232876712328767,0.0670347003154574,0.1945080091533181,0.0927947598253275,False,15541,22.397912985197323,4.687325318521098,True
1167,13412,16,437,5030,585,0.0029352412401394,0.0159045725646123,0.0366132723112128,0.0273504273504273,False,15541,22.397912985197323,4.687325318521098,True
1168,16743,349,634,3161,925,0.1012768427161926,0.2884297520661157,0.5504731861198738,0.3772972972972973,True,16743,23.41128159613952,4.973941255697178,True
1168,19645,229,634,2037,727,0.0937755937755937,0.2022968197879858,0.361198738170347,0.3149931224209078,False,16743,23.41128159613952,4.973941255697178,True
1168,19198,3,634,2192,962,0.0010626992561105,0.0018832391713747,0.0047318611987381,0.0031185031185031,False,16743,23.41128159613952,4.973941255697178,True
1169,15582,389,450,5119,798,0.075096525096525,0.4528521536670547,0.8644444444444445,0.487468671679198,True,15582,21.747399538244988,3.5224688763808345,True
1170,16808,502,644,4175,1102,0.1162844567987028,0.4035369774919614,0.7795031055900621,0.455535390199637,True,16808,16.940684987259072,3.7702010043136434,True
1170,11906,7,644,6358,392,0.001000714796283,0.0068027210884353,0.0108695652173913,0.0178571428571428,False,16808,16.940684987259072,3.7702010043136434,True
1171,15613,340,799,3109,1190,0.0952914798206278,0.2061855670103092,0.425531914893617,0.2857142857142857,True,15613,12.63539084953488,4.896053424322399,True
1171,15621,187,799,4079,1364,0.0398635685354935,0.0946356275303643,0.2340425531914893,0.1370967741935483,False,15613,12.63539084953488,4.896053424322399,True
1171,17499,1,799,3165,1509,0.0002523340903356,0.000433463372345,0.0012515644555694,0.0006626905235255,False,15613,12.63539084953488,4.896053424322399,True
1172,19185,171,340,1809,369,0.0864509605662285,0.3178438661710037,0.5029411764705882,0.4634146341463415,True,19185,24.532395543385686,6.400043716243021,True
1172,12901,66,340,6361,777,0.0099472494348153,0.0627973358705994,0.1941176470588235,0.0849420849420849,False,19185,24.532395543385686,6.400043716243021,True
1172,17406,16,340,3066,776,0.0047197640117994,0.0145454545454545,0.0470588235294117,0.0206185567010309,False,19185,24.532395543385686,6.400043716243021,True
1173,19186,509,598,2909,992,0.1697798532354903,0.4708603145235893,0.8511705685618729,0.5131048387096774,True,19186,23.04784992796524,4.36791047548001,True
1174,15089,233,299,3379,556,0.0676342525399129,0.3745980707395498,0.7792642140468228,0.4190647482014388,True,15089,26.250005757528918,5.532064388352998,True
1174,19645,46,299,2037,354,0.0200873362445414,0.0757825370675453,0.1538461538461538,0.1299435028248587,False,15089,26.250005757528918,5.532064388352998,True
1174,16743,11,299,3161,925,0.0031893302406494,0.009068425391591,0.0367892976588628,0.0118918918918918,False,15089,26.250005757528918,5.532064388352998,True
1175,18698,311,567,2680,321,0.1059264305177111,0.5389948006932409,0.5485008818342152,0.968847352024922,True,18698,22.410058662062177,4.557658343477642,True
1175,17466,20,567,2185,377,0.007320644216691,0.0216450216450216,0.0352733686067019,0.053050397877984,False,18698,22.410058662062177,4.557658343477642,True
1176,17999,302,316,2814,423,0.1067892503536067,0.6910755148741419,0.9556962025316456,0.7139479905437353,True,17999,25.386838566891342,3.860657333414314,True
1177,17999,0,322,2814,0,0.0,0.0,0.0,0.0,False,17999,3.5705557170219975,2.6913385619484873,False
1178,17406,364,483,3066,776,0.1142857142857142,0.4067039106145251,0.7536231884057971,0.4690721649484536,True,17406,27.30583896686947,4.815733137000653,True
1178,12901,17,483,6361,777,0.0024901127874615,0.0136765888978278,0.0351966873706004,0.0218790218790218,False,17406,27.30583896686947,4.815733137000653,True
1178,19186,10,483,2909,992,0.002956830277942,0.0068259385665529,0.020703933747412,0.0100806451612903,False,17406,27.30583896686947,4.815733137000653,True
1179,17410,315,467,1813,617,0.1603053435114503,0.4096228868660598,0.6745182012847966,0.5105348460291734,True,17410,20.01764807760493,5.939084035551174,True
1179,16113,73,467,2494,782,0.0252770083102493,0.0620748299319727,0.1563169164882226,0.0933503836317135,False,17410,20.01764807760493,5.939084035551174,True
1179,16101,9,467,2788,930,0.0027726432532347,0.0064841498559077,0.019271948608137,0.0096774193548387,False,17410,20.01764807760493,5.939084035551174,True
1180,16113,210,225,2494,782,0.0836986847349541,0.2634880803011292,0.9333333333333332,0.268542199488491,True,16113,16.21917450491447,5.074702366426584,True
1181,15609,66,217,5094,2269,0.0125834127740705,0.0272727272727272,0.304147465437788,0.0290877038342882,False,18121,6.320130519636024,5.656379892228825,False
1182,18651,144,446,2282,883,0.0557275541795665,0.1215189873417721,0.3228699551569506,0.1630804077010192,True,18651,21.54695513888584,4.800885978534053,True
1183,8399,289,673,6594,314,0.0414158784752077,0.4140401146131805,0.4294205052005943,0.9203821656050956,True,8399,14.197500373871648,3.954705674634159,True
1183,18671,213,673,1546,214,0.1061814556331007,0.3160237388724035,0.3164933135215453,0.9953271028037384,False,8399,14.197500373871648,3.954705674634159,True
1183,15567,18,673,5692,447,0.0028359855049629,0.0163339382940108,0.0267459138187221,0.0402684563758389,False,8399,14.197500373871648,3.954705674634159,True
1184,18084,440,676,2635,1363,0.1532567049808429,0.2751719824890556,0.650887573964497,0.3228173147468818,True,18084,16.582316922034185,8.570289602699587,True
1184,18685,170,676,2442,736,0.0576662143826322,0.1368760064412238,0.2514792899408284,0.2309782608695652,False,18084,16.582316922034185,8.570289602699587,True
1184,19659,27,676,950,142,0.0168855534709193,0.034134007585335,0.0399408284023668,0.1901408450704225,False,18084,16.582316922034185,8.570289602699587,True
1184,17443,1,676,1596,952,0.0004403346543372,0.0006146281499692,0.0014792899408284,0.0010504201680672,False,18084,16.582316922034185,8.570289602699587,True
1185,16784,6,462,1764,688,0.0027027027027027,0.0052447552447552,0.0129870129870129,0.0087209302325581,False,16783,4.322753950612137,3.8159223180067143,False
1185,15596,1,462,4827,833,0.0001891074130105,0.0007727975270479,0.0021645021645021,0.0012004801920768,False,16783,4.322753950612137,3.8159223180067143,False
1186,19998,413,560,1173,1173,0.3128787878787878,0.3128787878787878,0.7375,0.3520886615515771,True,19998,18.64525622952779,8.326287636558257,True
1186,18121,19,560,1584,246,0.0089411764705882,0.0241423125794155,0.0339285714285714,0.0772357723577235,False,19998,18.64525622952779,8.326287636558257,True
1186,13980,1,560,5005,981,0.0001797268152408,0.0006493506493506,0.0017857142857142,0.001019367991845,False,19998,18.64525622952779,8.326287636558257,True
1187,18135,170,722,2432,674,0.056970509383378,0.1386623164763458,0.2354570637119113,0.2522255192878338,True,15114,15.685352016996118,5.661685511963575,True
1187,15114,106,722,1995,318,0.0405974722328609,0.1134903640256959,0.1468144044321329,0.3333333333333333,False,15114,15.685352016996118,5.661685511963575,True
1187,18136,54,722,2434,728,0.0174081237911025,0.0386819484240687,0.074792243767313,0.0741758241758241,False,15114,15.685352016996118,5.661685511963575,True
1187,17497,59,722,1377,957,0.0289215686274509,0.0364197530864197,0.0817174515235457,0.0616509926854754,False,15114,15.685352016996118,5.661685511963575,True
1187,16829,29,722,1496,1176,0.0132480584741891,0.0155163188871054,0.0401662049861495,0.0246598639455782,False,15114,15.685352016996118,5.661685511963575,True
1188,18007,429,561,2044,1776,0.1971507352941176,0.2248427672955975,0.7647058823529411,0.241554054054054,True,18007,33.46016717667505,4.053719243620507,True
1189,13926,17,231,6432,1107,0.0025579295817032,0.0128690386071158,0.0735930735930736,0.015356820234869,True,19641,21.31064017435691,5.281802775490377,True
1189,18658,3,231,2563,692,0.0010748835542816,0.0032608695652173,0.0129870129870129,0.0043352601156069,False,19641,21.31064017435691,5.281802775490377,True
1190,18657,0,428,2686,0,0.0,0.0,0.0,0.0,False,18657,3.994077513805615,3.4810186516349293,False
1191,16156,139,686,1758,976,0.0603036876355748,0.0912672357189757,0.2026239067055393,0.1424180327868852,False,13443,16.375004457033327,5.311696748948439,True
1191,13443,58,686,3553,476,0.013872279359005,0.0525362318840579,0.0845481049562682,0.1218487394957983,True,13443,16.375004457033327,5.311696748948439,True
1191,16772,27,686,1556,953,0.0121896162528216,0.0167493796526054,0.0393586005830903,0.0283315844700944,False,13443,16.375004457033327,5.311696748948439,True
1191,14500,19,686,3014,1188,0.0051616408584623,0.0102425876010781,0.0276967930029154,0.0159932659932659,False,13443,16.375004457033327,5.311696748948439,True
1191,18685,4,686,2442,170,0.0012804097311139,0.0046948356807511,0.0058309037900874,0.0235294117647058,False,13443,16.375004457033327,5.311696748948439,True
1192,19198,332,493,2192,962,0.1410964725881853,0.2956366874443455,0.6734279918864098,0.3451143451143451,True,19198,25.68794525328928,3.808969930525315,True
1192,16743,21,493,3161,925,0.0057803468208092,0.0150322118826055,0.0425963488843813,0.0227027027027027,False,19198,25.68794525328928,3.808969930525315,True
1192,19192,7,493,3388,1503,0.0018069179143004,0.0035193564605329,0.0141987829614604,0.0046573519627411,False,19198,25.68794525328928,3.808969930525315,True
1193,12970,484,1152,4903,1429,0.086878477831628,0.2308059132093466,0.4201388888888889,0.3386983904828551,True,12970,10.995235967856312,4.822496876564933,True
1193,13994,102,1152,4604,1097,0.0180403254333215,0.047508150908244,0.0885416666666666,0.0929808568824065,False,12970,10.995235967856312,4.822496876564933,True
1194,18630,531,909,3681,1545,0.130820399113082,0.2761310452418096,0.5841584158415841,0.3436893203883495,True,18630,18.11896030984688,3.437026483053951,True
1195,16772,145,818,1556,635,0.0650515926424405,0.1108562691131498,0.1772616136919315,0.2283464566929134,False,18085,11.649971723849593,6.3659846231527215,True
1195,16156,125,818,1758,667,0.0509995920032639,0.0919117647058823,0.1528117359413203,0.1874062968515742,True,18085,11.649971723849593,6.3659846231527215,True
1196,19668,12,439,703,143,0.0106194690265486,0.0210526315789473,0.0273348519362186,0.0839160839160839,True,19668,15.8024940065115,3.6768838133104156,True
1197,18136,189,250,2434,728,0.075751503006012,0.2395437262357414,0.756,0.2596153846153846,True,18136,14.485782157236166,7.539306162659847,True
1197,18135,13,250,2432,674,0.0048707381041588,0.0142700329308452,0.052,0.0192878338278931,False,18136,14.485782157236166,7.539306162659847,True
1198,18657,382,536,2686,1160,0.1345070422535211,0.2907153729071537,0.7126865671641791,0.3293103448275862,True,18657,21.72196247284655,5.961112327862022,True
1198,19645,71,536,2037,1111,0.0283772981614708,0.0450507614213198,0.1324626865671641,0.0639063906390639,False,18657,21.72196247284655,5.961112327862022,True
1198,15089,4,536,3379,515,0.0010227563283047,0.0038204393505253,0.0074626865671641,0.0077669902912621,False,18657,21.72196247284655,5.961112327862022,True
1199,16144,324,448,4093,900,0.07683187099834,0.31640625,0.7232142857142857,0.36,True,16144,17.00947342843015,4.7768326299419455,True
1199,18674,53,448,1889,697,0.0232049036777583,0.0485347985347985,0.1183035714285714,0.0760401721664275,False,16144,17.00947342843015,4.7768326299419455,True
1200,19628,0,210,562,0,0.0,0.0,0.0,0.0,False,19628,11.975876227327285,5.065544813918575,True
1201,18615,116,283,2944,805,0.0372870459659273,0.1193415637860082,0.4098939929328622,0.1440993788819875,True,18615,7.72859423907947,3.824223016579666,False
1202,15567,501,577,5692,950,0.0868585298196948,0.4883040935672514,0.8682842287694974,0.5273684210526316,True,15567,22.430874853346115,4.934962403002315,True
1203,18087,227,512,2098,482,0.0952580780528745,0.2959582790091264,0.443359375,0.470954356846473,True,18087,16.148183373848862,8.261633520892124,True
1203,13949,108,512,3277,679,0.0293398533007334,0.0997229916897507,0.2109375,0.1590574374079528,False,18087,16.148183373848862,8.261633520892124,True
1204,16784,308,498,1764,688,0.157625383828045,0.3507972665148063,0.6184738955823293,0.4476744186046512,True,16784,14.363719863259355,5.2419173161984896,True
1204,13949,17,498,3277,588,0.0045236828100053,0.0159027128157156,0.0341365461847389,0.0289115646258503,False,16784,14.363719863259355,5.2419173161984896,True
1204,18698,7,498,2680,691,0.0022075055187637,0.0059221658206429,0.0140562248995983,0.0101302460202604,False,16784,14.363719863259355,5.2419173161984896,True
1204,11883,5,498,6056,950,0.0007634753397465,0.0034650034650034,0.0100401606425702,0.0052631578947368,False,16784,14.363719863259355,5.2419173161984896,True
1205,19975,30,505,1785,409,0.0132743362831858,0.0339366515837104,0.0594059405940594,0.0733496332518337,True,19975,14.029299104676255,3.8462207784154354,True
1205,18001,18,505,3790,1763,0.0042085574000467,0.008,0.0356435643564356,0.0102098695405558,False,19975,14.029299104676255,3.8462207784154354,True
1205,19186,3,505,2909,1463,0.0008795074758135,0.0015267175572519,0.0059405940594059,0.0020505809979494,False,19975,14.029299104676255,3.8462207784154354,True
1206,16094,380,584,2562,1169,0.1373825018076645,0.2767662053896577,0.6506849315068494,0.3250641573994867,True,16094,18.144298258654725,5.5689408893811,True
1206,16088,78,584,1566,926,0.0376447876447876,0.0544692737430167,0.1335616438356164,0.0842332613390928,False,16094,18.144298258654725,5.5689408893811,True
1207,16101,357,442,2788,466,0.1242603550295858,0.647912885662432,0.8076923076923077,0.7660944206008584,True,16101,14.941165868483516,4.61173601220596,True
1207,16094,1,442,2562,384,0.0003330003330003,0.0012121212121212,0.002262443438914,0.0026041666666666,False,16101,14.941165868483516,4.61173601220596,True
1208,18058,372,803,1597,1114,0.1834319526627219,0.2407766990291262,0.4632627646326276,0.3339317773788151,True,18058,14.569130237534965,6.909637258351239,True
1208,13940,289,803,5382,1019,0.0490162822252374,0.1885192433137638,0.3599003735990037,0.2836113837095191,False,18058,14.569130237534965,6.909637258351239,True
1208,16740,1,803,2392,1074,0.0003130870381966,0.0005330490405117,0.0012453300124533,0.0009310986964618,False,18058,14.569130237534965,6.909637258351239,True
1209,16783,368,678,2203,752,0.1464385196975726,0.3465160075329567,0.5427728613569321,0.4893617021276595,True,16783,15.414756868607915,6.279880293400337,True
1209,16776,118,678,1229,530,0.0659586361095584,0.1082568807339449,0.1740412979351032,0.2226415094339622,False,16783,15.414756868607915,6.279880293400337,True
1209,18086,28,678,426,426,0.0260223048327137,0.0260223048327137,0.0412979351032448,0.0657276995305164,False,16783,15.414756868607915,6.279880293400337,True
1210,18648,348,470,2803,763,0.1189743589743589,0.3932203389830508,0.7404255319148936,0.456094364351245,True,18648,21.422379021186234,3.612125070160734,True
1211,11883,416,592,6056,950,0.0667522464698331,0.369449378330373,0.7027027027027027,0.4378947368421053,True,11883,13.601828216663803,4.869553228957511,True
1211,16784,33,592,1764,688,0.0142057684029272,0.0264635124298315,0.0557432432432432,0.0479651162790697,False,11883,13.601828216663803,4.869553228957511,True
1212,13981,173,494,4545,1551,0.0355528154541718,0.0924145299145299,0.3502024291497975,0.1115409413281753,True,12403,13.806101639166176,6.045203879140134,True
1212,17474,25,494,1768,1165,0.0111756817165847,0.0152998776009791,0.0506072874493927,0.0214592274678111,False,12403,13.806101639166176,6.045203879140134,True
1213,17443,319,409,1596,704,0.1892052194543297,0.4017632241813602,0.7799511002444988,0.453125,True,17443,21.982171076922306,5.203849212840026,True
1213,18685,17,409,2442,170,0.0059985885673959,0.0302491103202846,0.0415647921760391,0.1,False,17443,21.982171076922306,5.203849212840026,True
1214,19626,506,543,3295,2761,0.1518607442977191,0.18084345961401,0.9318600368324124,0.1832669322709163,True,19626,21.68057737372751,3.3610058562327194,True
1215,17396,453,586,4142,1910,0.1059649122807017,0.2217327459618208,0.773037542662116,0.2371727748691099,True,17396,24.545260492397922,4.465527545479844,True
1215,18007,2,586,2044,1776,0.0007610350076103,0.0008474576271186,0.0034129692832764,0.0011261261261261,False,17396,24.545260492397922,4.465527545479844,True
1216,19192,587,708,3388,1814,0.1672841265317754,0.303359173126615,0.8290960451977402,0.3235942668136714,True,19192,30.045609707176776,4.097557957412457,True
1216,19198,2,708,2192,1149,0.0006901311249137,0.0010781671159029,0.0028248587570621,0.0017406440382941,False,19192,30.045609707176776,4.097557957412457,True
1216,18026,1,708,2828,1242,0.0002828854314002,0.0005130836326321,0.001412429378531,0.000805152979066,False,19192,30.045609707176776,4.097557957412457,True
1217,16740,369,446,2392,793,0.1494532199270959,0.4241379310344828,0.827354260089686,0.4653215636822194,True,16740,21.408223406350587,4.500438860097316,True
1217,18058,7,446,1597,667,0.0034381139489194,0.0063291139240506,0.0156950672645739,0.0104947526236881,False,16740,21.408223406350587,4.500438860097316,True
1217,19194,3,446,1808,198,0.0013327410039982,0.0046801872074883,0.0067264573991031,0.0151515151515151,False,16740,21.408223406350587,4.500438860097316,True
1217,15567,1,446,5692,950,0.0001629460648525,0.0007168458781362,0.0022421524663677,0.0010526315789473,False,16740,21.408223406350587,4.500438860097316,True
1218,8959,392,740,6696,753,0.0556501987507098,0.3560399636693914,0.5297297297297298,0.5205843293492696,True,8959,22.273053516000395,4.585408495299827,True
1218,16772,139,740,1556,635,0.0644413537320352,0.1124595469255663,0.1878378378378378,0.2188976377952756,False,8959,22.273053516000395,4.585408495299827,True
1218,17443,20,740,1596,644,0.0086355785837651,0.0146627565982404,0.027027027027027,0.031055900621118,False,8959,22.273053516000395,4.585408495299827,True
1218,13443,6,740,3553,476,0.0013995801259622,0.0049586776859504,0.0081081081081081,0.0126050420168067,False,8959,22.273053516000395,4.585408495299827,True
1219,16088,203,250,1566,622,0.1258524488530688,0.3034379671150972,0.812,0.3263665594855305,True,16088,19.282118329295013,5.203688246013753,True
1219,16094,6,250,2562,778,0.0021382751247327,0.0058708414872798,0.024,0.0077120822622107,False,16088,19.282118329295013,5.203688246013753,True
1220,18074,227,241,2061,709,0.1093975903614457,0.313969571230982,0.941908713692946,0.3201692524682651,True,18074,25.432282523457328,5.345457104873851,True
1220,16144,3,241,4093,933,0.0006926806742091,0.0025619128949615,0.0124481327800829,0.0032154340836012,False,18074,25.432282523457328,5.345457104873851,True
1221,18696,452,515,2701,1444,0.1635311143270622,0.2999336429993364,0.8776699029126214,0.3130193905817174,True,18696,21.20869017592441,3.988505198900081,True
1222,17497,80,285,1377,1377,0.0505689001264222,0.0505689001264222,0.2807017543859649,0.0580973129992737,True,17497,7.522804888158383,5.624125772141375,False
1222,12976,25,285,4227,1607,0.005571651437486,0.0133904659882163,0.087719298245614,0.0155569383945239,False,17497,7.522804888158383,5.624125772141375,False
1223,13403,0,150,2030,0,0.0,0.0,0.0,0.0,False,13403,8.510702862689053,2.9256345084513495,False
1224,14510,162,607,3502,750,0.0410438307575373,0.1355648535564853,0.2668863261943986,0.216,True,18116,9.59919366652226,7.574586685318412,False
1224,18116,106,607,2035,586,0.0417981072555205,0.0975160993560257,0.1746293245469522,0.1808873720136518,False,18116,9.59919366652226,7.574586685318412,False
1224,18135,44,607,2432,674,0.0146911519198664,0.0355699272433306,0.072487644151565,0.0652818991097922,False,18116,9.59919366652226,7.574586685318412,False
1225,18116,241,824,2035,1144,0.0920550038197097,0.1395483497394325,0.2924757281553398,0.2106643356643356,True,18116,5.747487847258204,4.639557573083851,False
1225,18135,143,824,2432,1380,0.0459363957597173,0.0693837942746239,0.1735436893203883,0.1036231884057971,False,18116,5.747487847258204,4.639557573083851,False
1226,18674,158,160,1889,697,0.0835536753040719,0.2260371959942775,0.9875,0.2266857962697274,True,18674,18.44436054042878,4.887879036652562,True
1227,18096,113,650,3173,1620,0.0304582210242587,0.0523875753361149,0.1738461538461538,0.069753086419753,False,18096,4.445680217907451,2.40785394417349,False
1228,17472,112,638,1215,688,0.064330844342332,0.0922570016474464,0.1755485893416928,0.1627906976744186,True,17472,13.381393930885654,3.4894935923572783,True
1229,16776,167,415,1229,918,0.1130670277589708,0.1432246998284734,0.4024096385542168,0.181917211328976,True,16776,10.616566671755765,5.589191082312405,True
1229,18086,47,415,426,426,0.0591939546599496,0.0591939546599496,0.1132530120481927,0.1103286384976525,False,16776,10.616566671755765,5.589191082312405,True
1229,16770,18,415,3143,1296,0.0050847457627118,0.0106320141760189,0.0433734939759036,0.0138888888888888,False,16776,10.616566671755765,5.589191082312405,True
1230,16194,133,281,3537,1797,0.0360922659430122,0.0683804627249357,0.4733096085409252,0.0740122426265998,True,16194,9.970473520610296,5.078119444402035,True
1230,12976,49,281,4227,764,0.0109890109890109,0.0491967871485943,0.1743772241992882,0.0641361256544502,False,16194,9.970473520610296,5.078119444402035,True
1230,17483,41,281,1572,1016,0.0226269315673289,0.0326433121019108,0.1459074733096085,0.0403543307086614,False,16194,9.970473520610296,5.078119444402035,True
1231,17438,524,805,3727,1137,0.1307385229540918,0.3695345557122708,0.6509316770186335,0.4608619173262973,True,17438,21.265607161428807,4.307115026463012,True
1231,15088,13,805,1621,395,0.0053874844591794,0.0109519797809604,0.0161490683229813,0.0329113924050632,False,17438,21.265607161428807,4.307115026463012,True
1232,19628,0,6,562,0,0.0,0.0,0.0,0.0,False,19628,4.311611858024651,2.836231834360916,False
1233,19628,0,315,562,0,0.0,0.0,0.0,0.0,False,19628,3.098883464626575,2.9847644090927035,False
1234,18001,384,440,3790,1763,0.0998439937597504,0.211105002748763,0.8727272727272727,0.2178105501985252,True,18625,15.962909812060001,9.602946816027945,True
1234,18625,46,440,556,314,0.0484210526315789,0.0649717514124293,0.1045454545454545,0.1464968152866242,False,18625,15.962909812060001,9.602946816027945,True
1235,16739,126,244,2424,442,0.049567269866247,0.225,0.5163934426229508,0.2850678733031674,True,16739,20.962855646082474,9.399961734522886,True
1235,19985,90,244,590,265,0.1209677419354838,0.2147971360381861,0.3688524590163934,0.3396226415094339,False,16739,20.962855646082474,9.399961734522886,True
1236,16770,172,249,3143,1296,0.0534161490683229,0.1252731245447924,0.6907630522088354,0.132716049382716,False,16770,14.662142307021805,4.952285196369809,True
1236,18086,58,249,426,426,0.0940032414910859,0.0940032414910859,0.2329317269076305,0.136150234741784,True,16770,14.662142307021805,4.952285196369809,True
1237,11238,268,582,6194,527,0.0411800860479409,0.3186682520808561,0.4604810996563573,0.50853889943074,True,11238,20.869764774939142,16.391886666717134,True
1238,18094,48,368,1829,147,0.0223359702187063,0.1027837259100642,0.1304347826086956,0.3265306122448979,True,18094,11.728368737812739,4.354486308845677,True
1238,11238,4,368,6194,527,0.0006099420555047,0.0044893378226711,0.0108695652173913,0.0075901328273244,False,18094,11.728368737812739,4.354486308845677,True
1239,18616,345,425,2109,1085,0.1576062128825948,0.296137339055794,0.8117647058823529,0.3179723502304147,True,18616,28.948161892559234,5.174959506560703,True
1239,17396,21,425,4142,1436,0.00461944566652,0.0114130434782608,0.0494117647058823,0.0146239554317548,False,18616,28.948161892559234,5.174959506560703,True
1239,17989,9,425,3403,1164,0.002356637863315,0.0056962025316455,0.0211764705882352,0.0077319587628865,False,18616,28.948161892559234,5.174959506560703,True
1240,16701,257,442,4901,1253,0.0505308690523004,0.1787204450625869,0.581447963800905,0.2051077414205905,False,15537,17.200396880602398,6.649236215456806,True
1240,15537,110,442,1731,434,0.0533204071740184,0.1436031331592689,0.248868778280543,0.2534562211981567,True,15537,17.200396880602398,6.649236215456806,True
1241,17412,215,461,2150,702,0.0897328881469115,0.2267932489451476,0.4663774403470715,0.3062678062678062,True,11190,12.609598217440098,8.842461572110697,True
1242,14462,199,445,3675,666,0.0507523590920683,0.2182017543859649,0.447191011235955,0.2987987987987988,True,14462,19.386739540744095,3.824010416462127,True
1243,13943,528,821,5588,1038,0.0897806495493963,0.396694214876033,0.6431181485992692,0.5086705202312138,True,13943,22.14773237492345,5.735033720808024,True
1243,19203,117,821,1720,212,0.0482673267326732,0.1277292576419214,0.1425091352009744,0.5518867924528302,False,13943,22.14773237492345,5.735033720808024,True
1244,17446,257,389,2358,1012,0.1032128514056224,0.2246503496503496,0.6606683804627249,0.2539525691699604,True,17446,14.116963080323913,5.2366487575133505,True
1244,11883,34,389,6056,1442,0.0053033848073623,0.0189204229271007,0.0874035989717223,0.0235783633841886,False,17446,14.116963080323913,5.2366487575133505,True
1244,16770,3,389,3143,1026,0.0008500991782374,0.0021246458923512,0.0077120822622107,0.0029239766081871,False,17446,14.116963080323913,5.2366487575133505,True
1245,16819,35,650,2218,716,0.0123543946346629,0.0262960180315552,0.0538461538461538,0.0488826815642458,True,16819,4.659435874786042,4.599895141571963,False
1245,17478,7,650,2876,1166,0.0019892014776925,0.003869541182974,0.0107692307692307,0.0060034305317324,False,16819,4.659435874786042,4.599895141571963,False
1246,17408,430,467,2649,466,0.1600893521965748,0.8548707753479126,0.9207708779443254,0.9227467811158798,True,17408,33.669551890238935,4.034356125382943,True
1246,17412,6,467,2150,330,0.0022979701263883,0.0075853350189633,0.012847965738758,0.0181818181818181,False,17408,33.669551890238935,4.034356125382943,True
1247,18045,358,543,1803,798,0.1800804828973843,0.3641912512716175,0.6593001841620626,0.4486215538847117,True,18045,23.067376595724962,4.633570645820627,True
1247,19194,20,543,1808,460,0.0085800085800085,0.0203458799593082,0.0368324125230202,0.0434782608695652,False,18045,23.067376595724962,4.633570645820627,True
1247,16740,19,543,2392,660,0.0065157750342935,0.0160472972972972,0.0349907918968692,0.0287878787878787,False,18045,23.067376595724962,4.633570645820627,True
1248,18096,261,486,3173,1642,0.0768098881695114,0.1397964649169791,0.5370370370370371,0.158952496954933,True,18096,6.640987819817117,3.5809240770692394,False
1249,18026,390,473,2828,1633,0.1339745791824115,0.2272727272727272,0.8245243128964059,0.2388242498469075,True,18026,31.215489077753716,3.404767494971113,True
1249,19192,5,473,3388,1503,0.0012966804979253,0.0025367833587011,0.0105708245243128,0.0033266799733865,False,18026,31.215489077753716,3.404767494971113,True
1250,18034,278,427,2346,789,0.1114228456913827,0.2963752665245202,0.6510538641686182,0.3523447401774398,True,18034,25.94781576254847,3.355341822574374,True
1251,17432,392,505,2828,726,0.1332879972798367,0.467222884386174,0.7762376237623763,0.5399449035812672,True,17432,21.70701836633127,4.806576903796865,True
1251,19203,38,505,1720,637,0.0173754000914494,0.0344202898550724,0.0752475247524752,0.0596546310832025,False,17432,21.70701836633127,4.806576903796865,True
1251,17428,15,505,2595,893,0.0048622366288492,0.0108459869848156,0.0297029702970297,0.0167973124300112,False,17432,21.70701836633127,4.806576903796865,True
1252,18680,215,290,2850,912,0.0735042735042735,0.2178318135764944,0.7413793103448276,0.2357456140350877,True,18680,18.69687891361852,4.073260191035975,True
1253,16770,197,437,3143,1043,0.0582323381613952,0.1535463756819953,0.4508009153318077,0.1888782358581016,True,16770,10.052599733926575,5.338052135319042,True
1253,17446,61,437,2358,1091,0.0223116313094367,0.0415814587593728,0.1395881006864988,0.0559120073327222,False,16770,10.052599733926575,5.338052135319042,True
1254,19212,552,721,3084,1619,0.1696895173685828,0.3087248322147651,0.7656033287101248,0.3409512044471896,True,19212,20.752011652957865,6.287877288683522,True
1254,18680,111,721,2850,1659,0.0320809248554913,0.0489202291758483,0.1539528432732316,0.0669077757685352,False,19212,20.752011652957865,6.287877288683522,True
1255,16189,23,23,4519,381,0.0050896215976986,0.0603674540682414,1.0,0.0603674540682414,True,16189,20.331535471368955,4.009237388319518,True
1256,17991,363,395,3546,973,0.1014533258803801,0.3611940298507463,0.918987341772152,0.3730729701952723,True,17991,23.33747084053033,4.262502000294928,True
1257,16180,292,438,3182,1261,0.0877403846153846,0.2075337597725657,0.6666666666666666,0.2315622521808089,True,16180,14.514425314316075,5.446285758354664,True
1257,17483,16,438,1572,237,0.0080240722166499,0.0242792109256449,0.0365296803652968,0.0675105485232067,False,16180,14.514425314316075,5.446285758354664,True
1257,19228,21,438,1110,672,0.0137524557956778,0.0192837465564738,0.047945205479452,0.03125,False,16180,14.514425314316075,5.446285758354664,True
1258,17989,355,467,3403,757,0.1009957325746799,0.4085155350978136,0.7601713062098501,0.4689564068692206,True,17989,26.422832031283292,4.7493046196150335,True
1258,17991,54,467,3546,973,0.0136398080323313,0.0389610389610389,0.1156316916488222,0.0554984583761562,False,17989,26.422832031283292,4.7493046196150335,True
1258,18611,33,467,3306,950,0.0088235294117647,0.0238439306358381,0.0706638115631691,0.0347368421052631,False,17989,26.422832031283292,4.7493046196150335,True
1258,18616,4,467,2109,719,0.0015552099533437,0.0033840947546531,0.0085653104925053,0.0055632823365785,False,17989,26.422832031283292,4.7493046196150335,True
1259,17421,42,281,1920,225,0.0194534506716072,0.0905172413793103,0.1494661921708185,0.1866666666666666,True,17421,21.17687098676424,10.415597625356972,True
1259,19985,29,281,590,265,0.0344418052256532,0.0560928433268858,0.1032028469750889,0.1094339622641509,False,17421,21.17687098676424,10.415597625356972,True
1259,18040,17,281,2955,842,0.0052811432121776,0.0153707052441229,0.0604982206405693,0.0201900237529691,False,17421,21.17687098676424,10.415597625356972,True
1260,16701,323,404,4901,784,0.0648334002408671,0.3734104046242774,0.7995049504950495,0.4119897959183674,True,16701,15.855932452766467,4.24097553117406,True
1261,15088,250,339,1621,273,0.1461988304093567,0.6906077348066298,0.7374631268436578,0.9157509157509156,True,15088,25.60375824784681,4.2500212610380075,True
1262,17382,339,369,3828,880,0.0878693623639191,0.3725274725274725,0.91869918699187,0.3852272727272727,True,17382,21.335173851143338,3.7919603479648463,True
1263,17985,206,359,1897,479,0.1004878048780487,0.3259493670886076,0.5738161559888579,0.430062630480167,True,17985,22.154956704623995,4.9367273763427075,True
1263,17382,63,359,3828,880,0.0152764306498545,0.0535714285714285,0.1754874651810584,0.0715909090909091,False,17985,22.154956704623995,4.9367273763427075,True
1264,14421,83,353,3285,784,0.0233473980309423,0.0787476280834914,0.235127478753541,0.1058673469387755,False,19177,13.552415084747379,6.055106674479142,True
1264,16701,47,353,4901,1528,0.0090263107355483,0.0256270447110141,0.1331444759206798,0.0307591623036649,False,19177,13.552415084747379,6.055106674479142,True
1265,16091,337,384,2551,802,0.1297151655119322,0.3969375736160188,0.8776041666666666,0.4201995012468827,True,16091,24.96568640004451,5.0742322142814436,True
1265,17401,8,384,3441,927,0.0020958868221116,0.0061396776669224,0.0208333333333333,0.0086299892125134,False,16091,24.96568640004451,5.0742322142814436,True
1266,18081,254,377,2248,1139,0.107127794179671,0.2012678288431061,0.6737400530503979,0.2230026338893766,True,18081,16.00688621980868,3.4783421124274208,True
1267,18040,354,420,2955,415,0.1171797418073485,0.735966735966736,0.8428571428571429,0.8530120481927711,True,18040,16.230960949696538,5.544064919570224,True
1268,17428,433,609,2595,893,0.1562612775171418,0.4050514499532273,0.7110016420361248,0.4848824188129899,True,17428,19.931842678578956,4.87913313432779,True
1268,19203,30,609,1720,637,0.0130491518051326,0.0246710526315789,0.0492610837438423,0.0470957613814756,False,17428,19.931842678578956,4.87913313432779,True
1268,17432,2,609,2828,726,0.0005822416302765,0.0015003750937734,0.0032840722495894,0.0027548209366391,False,17428,19.931842678578956,4.87913313432779,True
1269,18650,365,605,3247,1115,0.1046745053054201,0.2693726937269373,0.6033057851239669,0.3273542600896861,True,18650,11.08909049467555,8.386782829504275,True
1269,19980,107,605,769,177,0.0844514601420678,0.1585185185185185,0.1768595041322314,0.6045197740112994,False,18650,11.08909049467555,8.386782829504275,True
1270,15080,12,223,3380,977,0.0033416875522138,0.0101010101010101,0.0538116591928251,0.0122824974411463,False,19649,18.20003492381245,6.04079542630194,True
1271,15099,294,623,1526,1033,0.1584905660377358,0.2158590308370044,0.4719101123595505,0.2846079380445305,True,15099,11.620855340054309,4.982207032474718,True
1271,16787,72,623,1393,1393,0.037037037037037,0.037037037037037,0.1155698234349919,0.0516870064608758,False,15099,11.620855340054309,4.982207032474718,True
1271,15097,48,623,3696,1611,0.0112385858112854,0.0219579139981701,0.0770465489566613,0.0297951582867784,False,15099,11.620855340054309,4.982207032474718,True
1271,17451,24,623,2051,1118,0.0090566037735849,0.0139778683750728,0.0385232744783306,0.0214669051878354,False,15099,11.620855340054309,4.982207032474718,True
1272,17397,275,297,2183,355,0.1247165532879818,0.7294429708222812,0.925925925925926,0.7746478873239436,True,17397,18.90871234618228,6.299170516344222,True
1272,16691,21,297,3432,296,0.0056634304207119,0.0367132867132867,0.0707070707070707,0.0709459459459459,False,17397,18.90871234618228,6.299170516344222,True
1273,18016,142,358,3018,143,0.043908472479901,0.3955431754874652,0.3966480446927374,0.993006993006993,True,18016,30.67201364993923,3.9892529656552314,True
1274,15555,244,558,3265,542,0.0681754680078234,0.2850467289719626,0.4372759856630824,0.4501845018450184,True,16732,14.435710924807642,9.3818129341571,True
1274,16732,238,558,2350,729,0.0891385767790262,0.2268827454718779,0.4265232974910394,0.326474622770919,False,16732,14.435710924807642,9.3818129341571,True
1275,13944,416,514,5047,1366,0.0808551992225461,0.2841530054644808,0.8093385214007782,0.3045387994143484,True,13944,18.08515690959473,4.142365415313306,True
1276,13444,249,572,3339,1145,0.0679956308028399,0.1696185286103542,0.4353146853146853,0.2174672489082969,True,13444,13.796000308851749,5.2370404426660935,True
1276,15099,31,572,1526,1033,0.0149975810353168,0.019695044472681,0.0541958041958041,0.0300096805421103,False,13444,13.796000308851749,5.2370404426660935,True
1276,13950,14,572,1679,653,0.0062583817612874,0.0115606936416184,0.0244755244755244,0.0214395099540581,False,13444,13.796000308851749,5.2370404426660935,True
1277,18101,59,553,1571,167,0.0285714285714285,0.0892586989409984,0.1066907775768535,0.3532934131736527,True,18101,7.244925428803429,5.384693907449776,False
1277,18709,106,553,2349,1518,0.0379113018597997,0.0539440203562341,0.1916817359855334,0.069828722002635,False,18101,7.244925428803429,5.384693907449776,False
1277,19228,8,553,1110,709,0.004833836858006,0.0063795853269537,0.0144665461121157,0.0112834978843441,False,18101,7.244925428803429,5.384693907449776,False
1278,18611,372,422,3306,950,0.1108462455303933,0.372,0.8815165876777251,0.391578947368421,True,18611,26.12832512560207,5.41046682224437,True
1278,17991,48,422,3546,973,0.0122448979591836,0.0356347438752783,0.1137440758293838,0.0493319630010277,False,18611,26.12832512560207,5.41046682224437,True
1279,15080,422,604,3380,1413,0.1184727681078046,0.264576802507837,0.6986754966887417,0.2986553432413305,True,15080,19.70666675722968,4.974003594588305,True
1279,16733,20,604,1844,1099,0.0082372322899505,0.011883541295306,0.0331125827814569,0.0181983621474067,False,15080,19.70666675722968,4.974003594588305,True
1280,18081,0,172,2248,0,0.0,0.0,0.0,0.0,False,18081,5.059758487812192,4.301852979395798,False
1281,17401,341,356,3441,927,0.0986689814814814,0.3619957537154989,0.9578651685393258,0.3678532901833872,True,17401,29.274389377558826,5.1619646623240465,True
1281,16091,8,356,2551,802,0.0027595722662987,0.0069565217391304,0.0224719101123595,0.0099750623441396,False,17401,29.274389377558826,5.1619646623240465,True
1282,17390,455,469,4734,1520,0.0958298230834035,0.2966101694915254,0.9701492537313432,0.2993421052631579,True,17390,22.877431503262674,3.2577151009849343,True
1283,17390,28,122,4734,529,0.0057995028997514,0.0449438202247191,0.2295081967213114,0.052930056710775,False,17397,7.139597752629877,5.47196815929324,False
1283,17397,16,122,2183,355,0.0069899519440803,0.0347071583514099,0.1311475409836065,0.0450704225352112,False,17397,7.139597752629877,5.47196815929324,False
1284,16691,264,429,3432,296,0.073394495412844,0.5726681127982647,0.6153846153846154,0.8918918918918919,True,16691,17.001938854311284,4.397513804235639,True
1284,12321,115,429,3920,381,0.0271610769957487,0.1654676258992805,0.2680652680652681,0.3018372703412073,False,16691,17.001938854311284,4.397513804235639,True
1285,14421,195,424,3285,749,0.0554923164484917,0.1993865030674846,0.4599056603773584,0.260347129506008,True,14421,8.676583666139438,3.956929677087586,False
1286,19623,87,168,1258,261,0.0649738610903659,0.2543859649122807,0.5178571428571429,0.3333333333333333,True,19623,24.359091405294397,3.2116696636742375,True
1287,16730,326,653,2930,829,0.1000921093030396,0.2820069204152249,0.4992343032159265,0.3932448733413751,True,16730,14.169863244728035,3.848738856265352,True
1288,19205,163,202,1220,214,0.1294678316123907,0.6442687747035574,0.806930693069307,0.7616822429906542,True,19205,23.423550672747776,4.945728476676163,True
1288,19201,4,202,2907,600,0.0012882447665056,0.0050125313283208,0.0198019801980198,0.0066666666666666,False,19205,23.423550672747776,4.945728476676163,True
1289,18073,376,390,3166,1111,0.1182389937106918,0.3342222222222222,0.964102564102564,0.3384338433843384,True,18073,16.25306313044215,4.07161621705358,True
1290,17462,281,426,2753,326,0.0969634230503795,0.5966029723991507,0.6596244131455399,0.8619631901840491,True,17462,16.349771441526695,4.131972002866038,True
1291,17368,378,502,4274,1664,0.0859481582537517,0.2114093959731543,0.7529880478087649,0.2271634615384615,True,17368,22.90265127783053,4.709281351167208,True
1292,14445,293,330,4633,323,0.0627408993576017,0.8138888888888889,0.8878787878787879,0.9071207430340558,True,14445,27.073566269510817,2.852530757979042,True
1293,15086,84,226,2904,556,0.0275771503611293,0.1203438395415472,0.3716814159292035,0.1510791366906475,True,15086,12.634761221756417,6.039696773788744,True
1293,18673,48,226,1323,437,0.0319786808794137,0.0780487804878048,0.2123893805309734,0.1098398169336384,False,15086,12.634761221756417,6.039696773788744,True
1294,16768,104,137,1978,360,0.0517155643958229,0.2646310432569974,0.7591240875912408,0.2888888888888888,True,16768,17.313006234618914,4.27790313024106,True
1295,19174,155,409,2789,301,0.0509365757476174,0.2792792792792792,0.3789731051344743,0.5149501661129569,True,19174,14.656210132780107,6.4115618149579525,True
1295,14421,106,409,3285,749,0.0295429208472686,0.1007604562737642,0.2591687041564792,0.1415220293724966,False,19174,14.656210132780107,6.4115618149579525,True
1296,18633,0,290,1762,0,0.0,0.0,0.0,0.0,False,18633,22.39546012784417,4.840822207140561,True
1297,18051,284,797,3121,851,0.0781507980187121,0.2082111436950146,0.35633626097867,0.3337250293772033,True,18051,17.843042719783014,8.056245624203354,True
1297,16738,207,797,1552,877,0.0966386554621848,0.1411042944785276,0.2597239648682559,0.2360319270239452,False,18051,17.843042719783014,8.056245624203354,True
1298,19623,2,8,1258,261,0.0015822784810126,0.0074906367041198,0.25,0.0076628352490421,False,19623,11.894470260579862,3.376981266990694,True
1299,17377,3,424,3818,973,0.0007077140835102,0.0021520803443328,0.0070754716981132,0.0030832476875642,False,17377,4.277024409515226,3.2785203613974763,False
1300,17377,448,524,3818,958,0.1150487930148947,0.4332688588007737,0.8549618320610687,0.4676409185803757,True,17377,29.282835306924042,3.812230299278857,True
1301,18638,223,241,2621,779,0.0845017051913603,0.2797992471769134,0.925311203319502,0.2862644415917843,True,18638,24.39286275653528,3.2438923537699735,True
1302,11197,296,836,6112,576,0.0444978953698135,0.2652329749103942,0.354066985645933,0.5138888888888888,True,11197,15.631060069775488,5.272645362217804,True
1302,16730,96,836,2930,829,0.0261580381471389,0.0611854684512428,0.1148325358851674,0.1158021712907117,False,11197,15.631060069775488,5.272645362217804,True
1302,18652,34,836,333,333,0.0299559471365638,0.0299559471365638,0.0406698564593301,0.1021021021021021,False,11197,15.631060069775488,5.272645362217804,True
1303,16733,223,350,1844,1099,0.113140537798072,0.1818923327895595,0.6371428571428571,0.202911737943585,True,16733,14.807807010185247,4.1285644682904925,True
1304,18673,225,273,1323,308,0.1641137855579868,0.6320224719101124,0.8241758241758241,0.7305194805194806,True,18673,16.57518318923338,7.477839370015067,True
1304,15086,26,273,2904,187,0.0082513487781656,0.0599078341013824,0.0952380952380952,0.1390374331550802,False,18673,16.57518318923338,7.477839370015067,True
1304,16749,2,273,2206,302,0.0008074283407347,0.0034904013961605,0.0073260073260073,0.0066225165562913,False,18673,16.57518318923338,7.477839370015067,True
1305,13950,39,351,1679,321,0.0195881466599698,0.0616113744075829,0.1111111111111111,0.1214953271028037,True,18684,12.490559796443035,10.708684404667423,True
1305,13435,64,351,3350,1170,0.0175969205389056,0.0439258750857927,0.1823361823361823,0.0547008547008547,False,18684,12.490559796443035,10.708684404667423,True
1306,17379,369,402,3730,925,0.0980600584639914,0.3851774530271398,0.917910447761194,0.3989189189189189,True,17379,25.269747914712088,5.59145026156472,True
1306,18611,31,402,3306,910,0.0084307859668207,0.024199843871975,0.0771144278606965,0.034065934065934,False,17379,25.269747914712088,5.59145026156472,True
1307,17365,121,311,2149,649,0.0517315091919623,0.1442193087008343,0.3890675241157556,0.1864406779661017,True,17365,10.131143236626103,3.821171402154698,True
1308,18655,299,421,2059,945,0.1370930765703805,0.2802249297094658,0.7102137767220903,0.3164021164021164,True,18655,20.620364201173892,6.3037497172089925,True
1308,17409,19,421,1516,345,0.0099061522419186,0.0254350736278447,0.0451306413301662,0.0550724637681159,False,18655,20.620364201173892,6.3037497172089925,True
1308,15555,4,421,3265,835,0.0010863661053775,0.0031948881789137,0.009501187648456,0.0047904191616766,False,18655,20.620364201173892,6.3037497172089925,True
1309,16081,398,439,3475,1109,0.1131968145620022,0.3460869565217391,0.9066059225512528,0.3588818755635707,True,16081,24.966190101149394,3.4426450784172573,True
1310,12321,155,204,3920,381,0.0390526581002771,0.3604651162790697,0.7598039215686274,0.4068241469816273,True,12321,17.75810225991281,5.371548653101197,True
1310,17386,6,204,4084,466,0.001401214385801,0.0090361445783132,0.0294117647058823,0.0128755364806866,False,12321,17.75810225991281,5.371548653101197,True
1311,18019,344,407,3724,1296,0.0908370742012146,0.2531272994849153,0.8452088452088452,0.2654320987654321,True,18019,29.14963768894203,5.395331179711852,True
1311,16089,39,407,3911,1221,0.0091142790371582,0.0245437382001258,0.0958230958230958,0.0319410319410319,False,18019,29.14963768894203,5.395331179711852,True
1312,18620,255,365,2484,799,0.0983037779491133,0.2805280528052805,0.6986301369863014,0.3191489361702128,True,18620,18.09822217032055,6.189038209951485,True
1312,19174,17,365,2789,796,0.0054191903092126,0.0148601398601398,0.0465753424657534,0.0213567839195979,False,18620,18.09822217032055,6.189038209951485,True
1313,15047,359,381,6322,959,0.0565889029003783,0.3659531090723751,0.9422572178477692,0.3743482794577685,True,15047,22.463478432177144,5.77748133527506,True
1314,17362,342,389,4687,1461,0.0722433460076045,0.2267904509283819,0.8791773778920309,0.2340862422997946,True,17362,21.748773766925837,3.4096279410252555,True
1315,15090,14,359,3853,951,0.0033349213911386,0.0108024691358024,0.0389972144846796,0.0147213459516298,False,15090,5.152793071638327,4.199431324461186,False
1316,12942,38,445,5152,401,0.0068357618276668,0.047029702970297,0.0853932584269663,0.0947630922693266,True,12942,15.633970735748862,3.2783893982235757,True
1317,17386,232,460,4084,380,0.0538033395176252,0.3815789473684211,0.5043478260869565,0.6105263157894737,True,17386,11.836298379679185,2.931554317524882,True
1318,18033,189,400,1815,495,0.0932872655478775,0.2677053824362606,0.4725,0.3818181818181818,True,18033,19.841936942882135,6.532381556779279,True
1318,16717,153,400,1958,681,0.0693877551020408,0.1648706896551724,0.3825,0.224669603524229,False,18033,19.841936942882135,6.532381556779279,True
1318,18655,20,400,2059,514,0.00820008200082,0.0223713646532438,0.05,0.0389105058365758,False,18033,19.841936942882135,6.532381556779279,True
1318,17409,15,400,1516,778,0.0078905839032088,0.0128976784178847,0.0375,0.0192802056555269,False,18033,19.841936942882135,6.532381556779279,True
1319,14467,277,447,5510,1220,0.0487676056338028,0.1992805755395683,0.6196868008948546,0.2270491803278688,True,14467,10.776465023171772,10.116489139019938,True
1319,18676,47,447,275,275,0.0696296296296296,0.0696296296296296,0.105145413870246,0.1709090909090909,False,14467,10.776465023171772,10.116489139019938,True
1319,18682,12,447,556,368,0.012108980827447,0.0149439601494396,0.0268456375838926,0.0326086956521739,False,14467,10.776465023171772,10.116489139019938,True
1320,14498,32,510,5078,537,0.005759539236861,0.0315270935960591,0.0627450980392156,0.0595903165735568,False,18694,15.96898443641494,4.763536090270891,True
1320,18694,17,510,1693,230,0.0077767612076852,0.0235131396957123,0.0333333333333333,0.0739130434782608,True,18694,15.96898443641494,4.763536090270891,True
1321,13391,298,321,3618,1031,0.0818456468003295,0.2827324478178368,0.9283489096573208,0.2890397672162949,True,13391,36.11770587406991,3.606653509842923,True
1322,18670,225,287,2311,1348,0.0948166877370417,0.1595744680851064,0.7839721254355401,0.166913946587537,True,18670,13.399730550167181,4.945566188199207,True
1322,18669,3,287,1683,1055,0.0015251652262328,0.0022404779686333,0.0104529616724738,0.0028436018957345,False,18670,13.399730550167181,4.945566188199207,True
1322,15562,1,287,2790,426,0.0003250975292587,0.0014044943820224,0.0034843205574912,0.0023474178403755,False,18670,13.399730550167181,4.945566188199207,True
1323,11869,26,357,4761,542,0.0051060487038491,0.0297823596792668,0.072829131652661,0.047970479704797,True,18067,8.858467765284178,5.171339315978278,False
1324,14455,180,244,4083,420,0.0434048709910778,0.371900826446281,0.7377049180327869,0.4285714285714285,True,19648,11.784062983317087,8.100241503181598,True
1324,19195,7,244,1457,298,0.0041322314049586,0.0130841121495327,0.0286885245901639,0.023489932885906,False,19648,11.784062983317087,8.100241503181598,True
1325,16746,303,313,3625,1142,0.0833562585969738,0.2630208333333333,0.9680511182108626,0.265323992994746,True,16746,19.51332323750131,6.774551941744016,True
1325,16752,2,313,1897,937,0.0009057971014492,0.0016025641025641,0.0063897763578274,0.0021344717182497,False,16746,19.51332323750131,6.774551941744016,True
1326,14498,415,621,5078,1239,0.0785389856169568,0.28719723183391,0.6682769726247987,0.3349475383373688,True,14498,11.717587418518034,3.804338992810122,True
1327,17372,292,306,2722,375,0.1067251461988304,0.7506426735218509,0.954248366013072,0.7786666666666666,True,17372,26.00110839519763,4.031083401586455,True
1328,16089,271,432,3911,817,0.0665520628683693,0.2770961145194274,0.6273148148148148,0.3317013463892289,True,16089,29.629242538018847,5.562594781590281,True
1328,17403,25,432,3043,852,0.0072463768115942,0.0198570293884034,0.0578703703703703,0.0293427230046948,False,16089,29.629242538018847,5.562594781590281,True
1328,18019,17,432,3724,1284,0.0041072722879922,0.0100058858151854,0.0393518518518518,0.0132398753894081,False,16089,29.629242538018847,5.562594781590281,True
1329,18652,0,659,333,0,0.0,0.0,0.0,0.0,False,18652,4.255459148962908,3.6366468664420153,False
1330,18038,238,376,1992,587,0.1117370892018779,0.3282758620689655,0.6329787234042553,0.4054514480408858,True,18038,20.579870326501226,3.8162043292983756,True
1331,18647,264,411,2038,274,0.1208237986270023,0.6270783847980997,0.6423357664233577,0.9635036496350364,True,18647,22.75151801815204,5.733672375613804,True
1331,18020,59,411,2568,380,0.0202054794520547,0.0806010928961748,0.1435523114355231,0.1552631578947368,False,18647,22.75151801815204,5.733672375613804,True
1331,16717,46,411,1958,431,0.0198019801980198,0.057788944723618,0.1119221411192214,0.1067285382830626,False,18647,22.75151801815204,5.733672375613804,True
1331,18652,19,411,333,191,0.0262068965517241,0.0325900514579759,0.0462287104622871,0.0994764397905759,False,18647,22.75151801815204,5.733672375613804,True
1331,18033,5,411,1815,193,0.0022512381809995,0.008347245409015,0.0121654501216545,0.0259067357512953,False,18647,22.75151801815204,5.733672375613804,True
1332,19195,268,522,1457,298,0.1566335476329631,0.4855072463768116,0.5134099616858238,0.8993288590604027,True,19195,23.38406674431564,6.607364439849675,True
1332,17422,185,522,1721,335,0.0898931000971817,0.275297619047619,0.3544061302681992,0.5522388059701493,False,19195,23.38406674431564,6.607364439849675,True
1332,14455,45,522,4083,420,0.0098684210526315,0.0501672240802675,0.0862068965517241,0.1071428571428571,False,19195,23.38406674431564,6.607364439849675,True
1333,16677,94,307,2566,382,0.0338251169485426,0.1579831932773109,0.3061889250814332,0.2460732984293193,True,16686,7.286976738465023,5.352862420350877,False
1334,16719,379,641,3691,936,0.0958765494561092,0.3163606010016694,0.5912636505460218,0.4049145299145299,True,16719,16.675044677036226,7.184257458287642,True
1334,13931,123,641,3692,857,0.0292161520190023,0.0894545454545454,0.1918876755070203,0.1435239206534422,False,16719,16.675044677036226,7.184257458287642,True
1335,17414,37,361,2545,635,0.01289647960962,0.0385818561001042,0.1024930747922437,0.058267716535433,False,16722,15.080975313300788,5.905206576250436,True
1335,16722,1,361,1790,290,0.0004651162790697,0.0015384615384615,0.002770083102493,0.0034482758620689,True,16722,15.080975313300788,5.905206576250436,True
1336,16717,138,201,1958,681,0.0682830282038594,0.1854838709677419,0.6865671641791045,0.2026431718061674,True,16717,13.239167361453754,7.293310246666664,True
1337,17414,330,776,2545,635,0.1103309929789368,0.30527289546716,0.4252577319587629,0.5196850393700787,True,17414,16.436733127723397,6.291420521646365,True
1337,19190,30,776,305,305,0.0285442435775451,0.0285442435775451,0.0386597938144329,0.0983606557377049,False,17414,16.436733127723397,6.291420521646365,True
1337,13931,22,776,3692,418,0.0049482681061628,0.0187713310580204,0.0283505154639175,0.0526315789473684,False,17414,16.436733127723397,6.291420521646365,True
1337,16719,6,776,3691,780,0.0013449899125756,0.0038709677419354,0.0077319587628865,0.0076923076923076,False,17414,16.436733127723397,6.291420521646365,True
1337,16722,1,776,1790,290,0.0003898635477582,0.0009389671361502,0.0012886597938144,0.0034482758620689,False,17414,16.436733127723397,6.291420521646365,True
1338,11864,174,509,4533,953,0.0357436318816762,0.1350931677018633,0.3418467583497053,0.1825813221406086,True,11864,8.58832053037513,6.499630365178299,False
1338,15090,80,509,3853,952,0.018682858477347,0.057929036929761,0.1571709233791748,0.0840336134453781,False,11864,8.58832053037513,6.499630365178299,False
1338,18054,71,509,3269,949,0.0191529538710547,0.0511896178803172,0.1394891944990176,0.0748155953635405,False,11864,8.58832053037513,6.499630365178299,False
1338,15079,9,509,1624,298,0.0042372881355932,0.0112781954887218,0.0176817288801571,0.0302013422818791,False,11864,8.58832053037513,6.499630365178299,False
1339,18042,149,156,1723,285,0.0861271676300578,0.5102739726027398,0.9551282051282052,0.5228070175438596,True,18042,23.528249163331633,5.578294320335164,True
1340,18070,138,368,1191,432,0.0971147079521463,0.2084592145015106,0.375,0.3194444444444444,True,18070,13.734980536336087,3.4960285706907404,True
1341,20279,0,7,174,0,0.0,0.0,0.0,0.0,False,20279,12.418509376761047,4.808107233322565,True
1342,17355,23,234,3511,1128,0.006179473401397,0.017176997759522,0.0982905982905982,0.0203900709219858,False,20279,6.027748739676264,5.327054468504013,False
1342,17362,2,234,4687,1560,0.0004065867046147,0.0011160714285714,0.0085470085470085,0.0012820512820512,False,20279,6.027748739676264,5.327054468504013,False
1343,16035,159,398,5374,1116,0.0283270978086584,0.1173431734317343,0.3994974874371859,0.1424731182795699,False,16035,6.765133318505633,5.641252271175387,False
1343,17372,7,398,2722,751,0.0022486347574686,0.0061295971978984,0.0175879396984924,0.0093209054593874,False,16035,6.765133318505633,5.641252271175387,False
1343,19165,1,398,728,418,0.0008888888888888,0.0012269938650306,0.0025125628140703,0.0023923444976076,False,16035,6.765133318505633,5.641252271175387,False
1344,15025,112,337,4755,1800,0.0224899598393574,0.0553086419753086,0.3323442136498516,0.0622222222222222,True,17381,8.606428575591039,5.945545806119688,False
1344,16677,56,337,2566,1191,0.0196698278890059,0.0380434782608695,0.1661721068249258,0.0470193115029387,False,17381,8.606428575591039,5.945545806119688,False
1344,17381,4,337,1509,935,0.002171552660152,0.0031545741324921,0.0118694362017804,0.0042780748663101,False,17381,8.606428575591039,5.945545806119688,False
1345,19966,0,235,841,0,0.0,0.0,0.0,0.0,False,19966,16.05851273683422,3.8142004406477312,True
1346,17394,309,339,3165,845,0.0967136150234741,0.3531428571428571,0.911504424778761,0.3656804733727811,True,17394,35.91144820443466,5.0935502359448375,True
1346,16693,3,339,1601,327,0.0015487867836861,0.004524886877828,0.0088495575221238,0.0091743119266055,False,17394,35.91144820443466,5.0935502359448375,True
1347,18013,211,327,2102,250,0.0951307484220018,0.5765027322404371,0.6452599388379205,0.844,True,18013,21.81132272834157,4.6574074439345665,True
1347,18008,9,327,4007,1206,0.0020809248554913,0.0059055118110236,0.0275229357798165,0.0074626865671641,False,18013,21.81132272834157,4.6574074439345665,True
1348,18656,141,319,2835,583,0.0467972120809824,0.1852825229960578,0.4420062695924764,0.241852487135506,True,18656,13.444861661161756,9.891660520009665,True
1348,17429,178,319,2436,832,0.0690725649980597,0.1829393627954779,0.5579937304075235,0.2139423076923076,False,18656,13.444861661161756,9.891660520009665,True
1349,18020,298,528,2568,1018,0.1065046461758398,0.2387820512820513,0.5643939393939394,0.2927308447937131,True,18020,18.3235147587411,5.344372092984288,True
1349,16717,35,528,1958,681,0.0142798857609139,0.0298126064735945,0.0662878787878787,0.0513950073421439,False,18020,18.3235147587411,5.344372092984288,True
1349,16092,23,528,1910,335,0.0095238095238095,0.0273809523809523,0.043560606060606,0.0686567164179104,False,18020,18.3235147587411,5.344372092984288,True
1349,18647,3,528,2038,931,0.001170503316426,0.0020604395604395,0.0056818181818181,0.0032223415682062,False,18020,18.3235147587411,5.344372092984288,True
1350,17355,347,393,3511,773,0.0975541186393027,0.4236874236874237,0.8829516539440203,0.4489003880983182,True,17355,20.742270325552678,6.344926758429484,True
1351,19181,58,278,1779,1109,0.0290145072536268,0.0436418359668924,0.2086330935251798,0.0522993688007213,True,16707,18.310003830593416,11.129145379650508,True
1351,16707,1,278,1979,563,0.0004432624113475,0.0011904761904761,0.0035971223021582,0.0017761989342806,False,16707,18.310003830593416,11.129145379650508,True
1352,15063,362,613,4386,811,0.0780677161958162,0.3408662900188324,0.5905383360522023,0.4463625154130702,True,15063,18.216068956484307,4.334017461199578,True
1352,18038,3,613,1992,587,0.001152959262106,0.0025062656641604,0.0048939641109298,0.0051107325383304,False,15063,18.216068956484307,4.334017461199578,True
1353,17392,1,205,2539,494,0.0003645643456069,0.0014326647564469,0.0048780487804878,0.0020242914979757,False,19967,25.881965242485286,4.764906741455576,True
1354,17392,297,323,2539,965,0.1157894736842105,0.2996972754793138,0.9195046439628484,0.3077720207253886,True,17392,34.495927621448004,4.137407539844613,True
1355,15561,162,374,1630,283,0.0879478827361563,0.3272727272727272,0.4331550802139037,0.5724381625441696,True,15561,19.50919559420385,4.707074824493296,True
1355,18656,24,374,2835,284,0.0075353218210361,0.0378548895899053,0.0641711229946524,0.0845070422535211,False,15561,19.50919559420385,4.707074824493296,True
1355,11851,9,374,3949,257,0.0020862308762169,0.0144694533762057,0.0240641711229946,0.0350194552529182,False,15561,19.50919559420385,4.707074824493296,True
1356,15562,97,112,2790,1104,0.0345811051693404,0.0866845397676496,0.8660714285714286,0.0878623188405797,True,15562,13.374934433677078,5.574339000869504,True
1357,16079,202,205,2663,718,0.0757689422355588,0.2801664355062413,0.9853658536585366,0.2813370473537604,True,16079,34.75759782619366,3.8979645723118455,True
1358,18008,346,372,4007,1721,0.0857922142325812,0.1980538065254722,0.9301075268817204,0.2010459035444509,True,18008,23.545546817733626,5.285849645412813,True
1358,18013,10,372,2102,556,0.0040584415584415,0.0108932461873638,0.0268817204301075,0.0179856115107913,False,18008,23.545546817733626,5.285849645412813,True
1359,19159,150,226,1107,345,0.1267962806424344,0.3562945368171021,0.6637168141592921,0.4347826086956521,True,19159,21.133005033923876,5.082337526634126,True
1359,17355,10,226,3511,774,0.0026831231553528,0.0101010101010101,0.0442477876106194,0.0129198966408268,False,19159,21.133005033923876,5.082337526634126,True
1360,17407,320,381,1818,1053,0.1703033528472591,0.2872531418312388,0.8398950131233596,0.3038936372269705,True,17407,19.507804894168608,4.564167756294616,True
1361,11858,258,494,3251,1352,0.0739891023802695,0.1624685138539043,0.5222672064777328,0.1908284023668639,True,11858,10.963366910486618,8.100532258820841,True
1361,15563,99,494,3504,1237,0.0253911259297255,0.0606617647058823,0.2004048582995951,0.0800323362974939,False,11858,10.963366910486618,8.100532258820841,True
1362,16663,0,388,590,0,0.0,0.0,0.0,0.0,False,16663,8.540594811903631,2.624348919198209,False
1363,16035,274,354,5374,1255,0.0502383571690502,0.2052434456928838,0.7740112994350282,0.2183266932270916,True,16035,24.65897441875342,4.758126565029173,True
1363,19165,19,354,728,342,0.0178739416745061,0.0280649926144756,0.0536723163841807,0.0555555555555555,False,16035,24.65897441875342,4.758126565029173,True
1364,14433,392,631,4402,1603,0.0844645550527903,0.2128121606948968,0.6212361331220285,0.2445414847161572,True,14433,17.733648352965318,5.032044285338872,True
1364,16092,97,631,1910,335,0.0396890343698854,0.1116225546605293,0.1537242472266244,0.2895522388059701,False,14433,17.733648352965318,5.032044285338872,True
1364,16085,35,631,3732,1891,0.008086876155268,0.0140731805388017,0.0554675118858954,0.0185087255420412,False,14433,17.733648352965318,5.032044285338872,True
1364,18020,15,631,2568,1340,0.0047110552763819,0.0076687116564417,0.0237717908082408,0.0111940298507462,False,14433,17.733648352965318,5.032044285338872,True
1365,19165,176,207,728,212,0.2318840579710145,0.7242798353909465,0.8502415458937198,0.8301886792452831,True,19165,25.93288190884318,4.323488856898585,True
1365,16035,5,207,5374,625,0.000896700143472,0.0060459492140266,0.0241545893719806,0.008,False,19165,25.93288190884318,4.323488856898585,True
1366,16070,383,442,3924,1666,0.0961586743660557,0.2220289855072463,0.8665158371040724,0.2298919567827131,True,16070,39.841668161875795,3.423321056580023,True
1367,15065,78,430,2598,334,0.0264406779661016,0.1137026239067055,0.1813953488372093,0.2335329341317365,True,16114,4.76585863650895,4.331826422527608,False
1367,16114,38,430,1707,266,0.0181038589804668,0.0577507598784194,0.0883720930232558,0.1428571428571428,False,16114,4.76585863650895,4.331826422527608,False
1368,16734,32,246,1788,379,0.0159840159840159,0.0539629005059021,0.1300813008130081,0.0844327176781002,True,16734,14.269221126670566,6.435496466613571,True
1369,18641,307,857,2419,1068,0.1034018187942068,0.1897404202719406,0.3582263710618436,0.2874531835205992,True,18015,16.398747822318878,9.40057770205326,True
1369,18635,261,857,859,859,0.179381443298969,0.179381443298969,0.3045507584597433,0.3038416763678696,False,18015,16.398747822318878,9.40057770205326,True
1369,17407,22,857,1818,1053,0.0082924990576705,0.0116525423728813,0.0256709451575262,0.0208926875593542,False,18015,16.398747822318878,9.40057770205326,True
1369,16703,7,857,1435,278,0.0030634573304157,0.0062056737588652,0.0081680280046674,0.0251798561151079,False,18015,16.398747822318878,9.40057770205326,True
1370,18025,273,425,1864,576,0.1354166666666666,0.375,0.6423529411764706,0.4739583333333333,True,18025,20.5914334581954,3.229693675878348,True
1371,14448,92,202,3465,491,0.0257342657342657,0.1530782029950083,0.4554455445544554,0.1873727087576374,True,14451,10.115959311458498,6.0033753664591245,True
1372,18066,4,684,2564,761,0.001233045622688,0.0027758501040943,0.0058479532163742,0.0052562417871222,True,18066,4.5773723969841695,3.1891881480423385,False
1373,19187,165,676,1340,251,0.0891410048622366,0.2165354330708661,0.2440828402366864,0.6573705179282868,True,19187,14.267742300156899,3.4459952178693447,True
1373,16703,58,676,1435,278,0.0282513395031661,0.0647321428571428,0.0857988165680473,0.2086330935251798,False,19187,14.267742300156899,3.4459952178693447,True
1373,18641,32,676,2419,591,0.0104472739144629,0.025910931174089,0.0473372781065088,0.05414551607445,False,19187,14.267742300156899,3.4459952178693447,True
1374,17983,206,255,2112,632,0.0953262378528459,0.302496328928047,0.807843137254902,0.3259493670886076,True,17983,25.299847248637512,3.287532690370844,True
1375,19169,161,449,1480,254,0.0910633484162895,0.2970479704797047,0.3585746102449889,0.6338582677165354,True,19169,12.499039494319069,5.144573155645907,True
1375,17392,10,449,2539,471,0.0033579583613163,0.0109890109890109,0.0222717149220489,0.0212314225053078,False,19169,12.499039494319069,5.144573155645907,True
1375,17388,4,449,1391,185,0.0021786492374727,0.0063492063492063,0.0089086859688195,0.0216216216216216,False,19169,12.499039494319069,5.144573155645907,True
1376,16114,217,355,1707,266,0.1176151761517615,0.5371287128712872,0.6112676056338028,0.8157894736842105,True,16114,22.294296159640734,6.276425599306554,True
1376,15065,31,355,2598,334,0.0106091718001368,0.047112462006079,0.0873239436619718,0.092814371257485,False,16114,22.294296159640734,6.276425599306554,True
1377,16121,37,495,1802,547,0.0163716814159292,0.0368159203980099,0.0747474747474747,0.0676416819012797,True,13416,13.536649907664264,10.840601102211096,True
1377,14447,49,495,1488,1488,0.0253360910031023,0.0253360910031023,0.0989898989898989,0.0329301075268817,False,13416,13.536649907664264,10.840601102211096,True
1377,13417,18,495,1260,643,0.0103626943005181,0.0160714285714285,0.0363636363636363,0.0279937791601866,False,13416,13.536649907664264,10.840601102211096,True
1378,19624,0,392,224,0,0.0,0.0,0.0,0.0,False,19624,6.155418240506084,2.5949816789988223,False
1379,11858,74,238,3251,745,0.0216691068814055,0.0814081408140814,0.3109243697478991,0.0993288590604026,False,15563,7.377674722005556,6.486802159953641,False
1380,19155,0,382,1681,0,0.0,0.0,0.0,0.0,False,19155,5.56648633586456,3.1908452052934466,False
1381,18000,23,366,2521,420,0.0080307262569832,0.0301441677588466,0.0628415300546448,0.0547619047619047,True,18000,15.964228378553146,4.612382527902275,True
1382,17956,357,368,3924,1639,0.0907242693773824,0.2163636363636363,0.970108695652174,0.2178157413056742,True,17956,18.948000758794965,4.453840588883194,True
1382,19153,5,368,1534,833,0.0026357406431207,0.0041806020066889,0.0135869565217391,0.0060024009603841,False,17956,18.948000758794965,4.453840588883194,True
1383,17983,0,285,2112,0,0.0,0.0,0.0,0.0,False,17983,2.898047834079917,2.79504726604961,False
1384,16085,335,410,3732,806,0.0879957972156553,0.380249716231555,0.8170731707317073,0.4156327543424317,True,16085,25.806182943718785,3.748740549267891,True
1385,15535,327,630,3691,988,0.0818728092138207,0.2532920216886135,0.5190476190476191,0.3309716599190283,True,15535,20.32641006520268,4.457521012546368,True
1385,16085,38,630,3732,1230,0.0087881591119333,0.0208562019758507,0.0603174603174603,0.0308943089430894,False,15535,20.32641006520268,4.457521012546368,True
1385,18627,1,630,2139,1181,0.0003612716763005,0.0005524861878453,0.0015873015873015,0.0008467400508044,False,15535,20.32641006520268,4.457521012546368,True
1386,13939,258,513,4684,733,0.0522372949989876,0.2611336032388664,0.5029239766081871,0.3519781718963165,True,13939,12.180399553474528,6.0760625294130755,True
1386,18665,26,513,845,297,0.0195195195195195,0.0331632653061224,0.0506822612085769,0.0875420875420875,False,13939,12.180399553474528,6.0760625294130755,True
1386,15078,34,513,2805,646,0.0103532277710109,0.0302222222222222,0.0662768031189083,0.0526315789473684,False,13939,12.180399553474528,6.0760625294130755,True
1386,17436,2,513,1987,612,0.0008006405124099,0.0017809439002671,0.0038986354775828,0.0032679738562091,False,13939,12.180399553474528,6.0760625294130755,True
1387,18009,278,533,1776,985,0.1368783850320039,0.2241935483870967,0.5215759849906192,0.282233502538071,True,18009,17.581082884473314,5.655086882901477,True
1387,17400,104,533,3127,1204,0.0292463442069741,0.063686466625842,0.1951219512195122,0.0863787375415282,False,18009,17.581082884473314,5.655086882901477,True
1387,16703,22,533,1435,278,0.0113052415210688,0.0278833967046894,0.0412757973733583,0.079136690647482,False,18009,17.581082884473314,5.655086882901477,True
1387,18641,1,533,2419,1068,0.0003388681802778,0.000625,0.0018761726078799,0.0009363295880149,False,18009,17.581082884473314,5.655086882901477,True
1388,19161,188,262,1377,616,0.129565816678153,0.272463768115942,0.7175572519083969,0.3051948051948052,True,19161,19.210645077786445,3.8306752304673877,True
1389,18627,365,502,2139,792,0.1603690685413005,0.3928955866523143,0.7270916334661355,0.4608585858585858,True,18627,19.488441691735297,3.4400379559979295,True
1389,18635,7,502,859,215,0.0051698670605613,0.0098591549295774,0.0139442231075697,0.0325581395348837,False,18627,19.488441691735297,3.4400379559979295,True
1390,14447,122,314,1488,570,0.0726190476190476,0.1601049868766404,0.3885350318471338,0.2140350877192982,True,14447,16.587431900632172,5.677856931110626,True
1390,17413,17,314,2979,256,0.0051892551892551,0.0307414104882459,0.054140127388535,0.06640625,False,14447,16.587431900632172,5.677856931110626,True
1390,16121,27,314,1802,892,0.0129248444231689,0.0229007633587786,0.0859872611464968,0.0302690582959641,False,14447,16.587431900632172,5.677856931110626,True
1391,17996,24,232,2753,371,0.0081053698074974,0.0414507772020725,0.1034482758620689,0.0646900269541779,True,17996,23.742049767734528,6.270856841850215,True
1391,18000,7,232,2521,420,0.0025491624180626,0.0108527131782945,0.0301724137931034,0.0166666666666666,False,17996,23.742049767734528,6.270856841850215,True
1392,16692,318,431,3346,653,0.0919340849956634,0.4151436031331593,0.7378190255220418,0.4869831546707504,True,16692,20.51597494407409,7.317460579319141,True
1392,18619,53,431,1706,688,0.0254318618042226,0.049718574108818,0.1229698375870069,0.0770348837209302,False,16692,20.51597494407409,7.317460579319141,True
1393,14426,240,609,2839,269,0.0748129675810473,0.3761755485893417,0.3940886699507389,0.8921933085501859,True,14426,18.83138657876198,5.474338241967575,True
1393,17400,161,609,3127,768,0.045034965034965,0.1324013157894736,0.264367816091954,0.2096354166666666,False,14426,18.83138657876198,5.474338241967575,True
1393,16703,63,609,1435,278,0.0318021201413427,0.0764563106796116,0.1034482758620689,0.2266187050359712,False,14426,18.83138657876198,5.474338241967575,True
1394,18599,0,269,3342,0,0.0,0.0,0.0,0.0,False,18599,11.140853679985288,2.147645217771418,True
1395,19183,26,397,259,93,0.0412698412698412,0.0560344827586206,0.0654911838790932,0.2795698924731182,True,19183,5.887564714319202,5.092268786152469,False
1395,16084,3,397,2832,368,0.0009299442033477,0.0039370078740157,0.0075566750629722,0.0081521739130434,False,19183,5.887564714319202,5.092268786152469,False
1396,10076,58,281,5267,1528,0.0105646630236794,0.0331239291833238,0.2064056939501779,0.037958115183246,True,10076,5.898899610351656,3.9886586762490186,False
